Time (sec),AC Compressor Sw (on/off),AF Correction 1 (%),AF Correction 3 (%),AF Learning 1 (%),AF Learning 3 (%),AF Sens 1 Ratio (AFR),AVCS Exh Left (°),AVCS In Left (°),Accel Position (%),Baro Pressure (psi),Battery Volts (V),Boost (psi),Boost Extended (psi),CL Fuel Target (AFR),Calculated Load (g/rev),Calculated Load Ext (g/rev),Comm Fuel Final (AFR),Coolant Temp (F),Dyn Adv Mult (DAM),EGR Commanded (steps),Feedback Knock (°),Fine Knock Learn (°),Fuel Cut (cylinders),Fuel Pressure (psi),Fuel Pressure Target (psi),Gear Position (gear),Ign Comp IAT (°),Ignition Timing (°),Inj Duty Cycle (%),Inj PW (ms),Inj Timing H SOI NEW (°),Intake Temp (F),Intake Temp Manifold (F),MAF Corr Final (g/s),MAF Volts (V),Man Abs Press (psi),Oil Temp (F),RPM (RPM),Req Torque (Nm),TD Boost Error Ext (psi),TD Integral (%),TD Proportional (%),TGV Map Ratio (mult),Target Boost Final Rel Ext (psi),Throttle Pos (%),Vehicle Speed (mph),Wastegate Duty (%),"AP Info:[AP3-SUB-004 v1.7.6.0-28208][2021 USDM WRX MT CCF Gen2][Reflash: Stage1+BigSF 93 v400.ptm - Realtime: Stage1+BigSF 93 v400.ptm]"
0.000,on,0.78,0.00,12.50,-5.47,14.65,0,-1,0.0,14.65,13.84,-9.21,-9.23,14.62,0.31,0.31,14.76,192.2,0.875,0,0.00,0.00,0,407.6,437.9,0,0.0,6.50,0.97,1.507,265.0,150.8,147.2,4.03,1.02,5.44,202.1,773,0.00,3.08,0.000,0.00,0.000,-6.15,6.3,0,0.00,0
0.055,on,0.78,0.00,12.50,-5.47,14.63,0,-1,0.0,14.65,13.68,-9.17,-9.20,14.62,0.31,0.32,14.76,192.2,0.875,0,0.00,0.00,0,382.7,437.9,0,0.0,6.50,0.99,1.542,265.0,150.8,147.2,4.06,1.02,5.47,201.9,770,0.00,3.05,0.000,0.00,0.000,-6.15,6.3,0,0.00,0
0.082,on,0.78,0.00,12.50,-5.47,14.64,0,-1,0.0,14.65,13.60,-9.13,-9.16,14.62,0.31,0.32,14.76,192.2,0.875,0,0.00,0.00,0,369.6,437.9,0,0.0,7.00,0.99,1.542,265.0,150.8,147.2,4.08,1.00,5.52,201.9,767,0.00,3.01,0.000,0.00,0.000,-6.15,6.3,0,0.00,0
0.161,on,0.78,0.00,12.50,-5.47,14.64,0,-1,0.0,14.65,13.76,-9.11,-9.11,14.62,0.31,0.32,14.76,192.2,0.875,0,0.00,0.00,0,408.7,437.9,0,0.0,7.00,0.99,1.542,265.0,150.8,147.2,4.10,0.98,5.54,201.9,770,0.00,2.98,0.000,0.00,0.000,-6.15,6.3,0,0.00,0
0.226,on,0.78,0.00,12.50,-5.47,14.65,0,-1,0.0,14.65,13.68,-9.06,-9.08,14.62,0.31,0.32,14.76,192.2,0.875,0,0.00,0.00,0,401.1,437.9,0,0.0,7.00,1.01,1.574,265.0,150.8,147.2,4.13,1.00,5.59,201.9,769,0.00,2.95,0.000,0.00,0.000,-6.15,6.3,0,0.00,0
0.282,on,0.78,0.00,12.50,-5.47,14.64,0,-1,0.0,14.65,13.84,-9.04,-9.07,14.62,0.31,0.32,14.76,192.2,0.875,0,0.00,0.00,0,384.6,437.9,0,0.0,7.00,1.01,1.574,265.0,150.8,147.2,4.15,1.00,5.61,201.9,771,0.00,2.92,0.000,0.00,0.000,-6.15,6.3,0,0.00,0
0.360,on,0.78,0.00,12.50,-5.47,14.65,0,-1,0.0,14.65,13.76,-9.01,-9.04,14.62,0.31,0.32,14.76,192.2,0.875,0,0.00,0.00,0,415.3,437.9,0,0.0,7.00,1.02,1.584,265.0,150.8,147.2,4.16,0.98,5.64,201.9,771,0.00,2.89,0.000,0.00,0.000,-6.15,6.3,0,0.00,0
0.447,on,0.78,0.00,12.50,-5.47,14.66,0,-1,0.0,14.65,13.76,-9.00,-9.02,14.62,0.31,0.32,14.76,192.2,0.875,0,0.00,0.00,0,408.7,437.9,0,0.0,6.50,1.02,1.584,265.0,150.8,147.2,4.16,1.00,5.64,201.9,775,0.00,2.89,0.000,0.00,0.000,-6.15,6.3,0,0.00,0
0.502,on,0.78,0.00,12.50,-5.47,14.65,0,-1,0.0,14.65,13.76,-9.01,-9.02,14.62,0.31,0.32,14.76,192.2,0.875,0,0.00,0.00,0,414.0,437.9,0,0.0,6.50,1.02,1.568,265.0,150.8,147.2,4.16,0.98,5.64,201.9,777,0.00,2.89,0.000,0.00,0.000,-6.15,6.3,0,0.00,0
0.584,on,0.78,0.00,12.50,-5.47,14.65,0,-1,0.0,14.65,13.76,-9.02,-9.05,14.62,0.31,0.32,14.76,192.2,0.875,0,0.00,0.00,0,407.6,437.9,0,0.0,6.50,1.02,1.568,265.0,150.8,147.2,4.15,0.98,5.63,201.9,781,0.00,2.90,0.000,0.00,0.000,-6.15,5.9,0,0.00,0
0.653,on,0.78,0.00,12.50,-5.47,14.65,0,-1,0.0,14.65,13.84,-9.05,-9.06,14.62,0.31,0.32,14.76,192.2,0.875,0,0.00,0.00,0,408.8,437.9,0,0.0,6.50,1.01,1.542,265.0,150.8,147.2,4.13,0.90,5.60,202.1,784,0.00,2.92,0.000,0.00,0.000,-6.15,5.9,0,0.00,0
0.732,on,0.78,0.00,12.50,-5.47,14.66,0,-1,0.0,14.65,13.76,-9.09,-9.10,14.62,0.31,0.31,14.76,192.2,0.875,0,0.00,0.00,0,403.4,437.9,0,0.0,6.00,1.01,1.542,265.0,150.8,147.2,4.11,0.96,5.56,202.1,787,0.00,2.95,0.000,0.00,0.000,-6.15,5.9,0,0.00,0
0.824,on,0.78,0.00,12.50,-5.47,14.65,0,-1,0.0,14.65,13.76,-9.12,-9.13,14.62,0.31,0.31,14.76,192.2,0.875,0,0.00,0.00,0,390.5,437.9,0,0.0,6.00,1.01,1.542,265.0,150.8,147.2,4.09,1.00,5.53,202.1,787,0.00,2.99,0.000,0.00,0.000,-6.15,5.9,0,0.00,0
0.882,on,0.78,0.00,12.50,-5.47,14.65,0,-1,0.0,14.65,13.92,-9.16,-9.16,14.62,0.31,0.31,14.76,192.2,0.875,0,0.00,0.00,0,408.7,437.9,0,0.0,6.00,1.01,1.542,265.0,150.8,147.2,4.06,0.98,5.48,202.1,786,0.00,3.03,0.000,0.00,0.000,-6.15,5.9,0,0.00,0
0.960,on,0.78,0.00,12.50,-5.47,14.65,0,-1,0.0,14.65,13.76,-9.19,-9.20,14.62,0.30,0.31,14.82,192.2,0.875,0,0.00,0.00,0,388.3,437.9,0,0.0,6.00,0.99,1.507,265.0,150.8,147.2,4.05,0.96,5.46,202.1,785,0.00,3.06,0.000,0.00,0.000,-6.15,5.9,0,0.00,0
1.015,on,0.78,0.00,12.50,-5.47,14.65,0,-1,0.0,14.65,13.84,-9.21,-9.23,14.62,0.30,0.31,14.82,192.2,0.875,0,0.00,0.00,0,406.5,437.9,0,0.0,6.00,0.98,1.507,265.0,150.8,147.2,4.04,0.98,5.44,202.1,783,0.00,3.07,0.000,0.00,0.000,-6.15,6.3,0,0.00,0
1.090,on,0.78,0.00,12.50,-5.47,14.64,0,-1,0.0,14.65,13.76,-9.21,-9.22,14.62,0.30,0.31,14.82,192.2,0.875,0,0.00,0.00,0,393.7,437.9,0,0.0,6.00,0.99,1.520,265.0,152.6,147.2,4.04,1.04,5.44,202.1,781,0.00,3.07,0.000,0.00,0.000,-6.15,6.3,0,0.00,0
1.166,on,0.78,0.00,12.50,-5.47,14.64,0,-1,0.0,14.65,13.76,-9.21,-9.22,14.62,0.31,0.31,14.76,192.2,0.875,0,0.00,0.00,0,378.8,437.9,0,0.0,6.50,0.98,1.520,265.0,150.8,147.2,4.02,0.98,5.44,202.1,775,0.00,3.07,0.000,0.00,0.000,-6.15,6.3,0,0.00,0
1.233,on,0.78,0.00,12.50,-5.47,14.63,0,-1,0.0,14.65,13.84,-9.19,-9.20,14.62,0.31,0.31,14.76,192.2,0.875,0,0.00,0.00,0,408.7,437.9,0,0.0,6.50,0.99,1.533,265.0,150.8,147.2,4.05,1.02,5.46,202.1,777,0.00,3.05,0.000,0.00,0.000,-6.15,6.3,0,0.00,0
1.292,on,0.78,0.00,12.50,-5.47,14.64,0,-1,0.0,14.65,13.76,-9.16,-9.18,14.62,0.31,0.31,14.76,192.2,0.875,0,0.00,0.00,0,396.9,437.9,0,0.0,6.50,0.99,1.533,265.0,150.8,147.2,4.05,1.02,5.49,201.9,772,0.00,3.04,0.000,0.00,0.000,-6.15,6.3,0,0.00,0
1.366,on,0.78,0.00,12.50,-5.47,14.61,0,-1,0.0,14.65,13.92,-9.13,-9.16,14.62,0.31,0.32,14.76,192.2,0.875,0,0.00,0.00,0,383.6,437.9,0,0.0,6.50,0.99,1.533,265.0,150.8,147.2,4.07,1.02,5.52,201.9,772,0.00,3.01,0.000,0.00,0.000,-6.15,6.3,0,0.00,0
1.455,on,0.78,0.00,12.50,-5.47,14.61,0,-1,0.0,14.65,13.76,-9.11,-9.12,14.62,0.31,0.32,14.76,192.2,0.875,0,0.00,0.00,0,412.8,437.9,0,0.0,6.50,0.99,1.549,265.0,150.8,147.2,4.08,1.02,5.54,201.9,770,0.00,2.99,0.000,0.00,0.000,-6.15,6.3,0,0.00,0
1.493,on,0.78,0.00,12.50,-5.47,14.62,0,-1,0.0,14.65,13.84,-9.08,-9.09,14.62,0.31,0.32,14.76,192.2,0.875,0,0.00,0.00,0,404.5,437.9,0,0.0,7.00,0.99,1.549,265.0,150.8,147.2,4.10,1.02,5.57,201.9,770,0.00,2.96,0.000,0.00,0.000,-6.15,6.3,0,0.00,0
1.571,on,0.78,0.00,12.50,-5.47,14.59,0,-1,0.0,14.65,13.92,-9.04,-9.07,14.62,0.31,0.32,14.76,192.2,0.875,0,0.00,0.00,0,384.5,437.9,0,0.0,6.50,1.00,1.562,265.0,150.8,147.2,4.12,1.00,5.61,201.9,770,0.00,2.92,0.000,0.00,0.000,-6.15,6.3,0,0.00,0
1.636,on,0.78,0.00,12.50,-5.47,14.60,0,-1,0.0,14.65,13.76,-9.02,-9.05,14.62,0.31,0.32,14.76,192.2,0.875,0,0.00,0.00,0,405.0,437.9,0,0.0,7.00,1.00,1.562,265.0,150.8,147.2,4.14,0.98,5.63,201.9,771,0.00,2.90,0.000,0.00,0.000,-6.15,6.3,0,0.00,0
1.693,on,0.78,0.00,12.50,-5.47,14.60,0,-1,0.0,14.65,13.76,-9.02,-9.02,14.62,0.31,0.32,14.76,192.2,0.875,0,0.00,0.00,0,408.7,437.9,0,0.0,7.00,1.01,1.562,265.0,150.8,147.2,4.15,0.96,5.63,201.9,775,0.00,2.89,0.000,0.00,0.000,-6.15,6.3,0,0.00,0
1.772,on,0.78,0.00,12.50,-5.47,14.59,0,-1,0.0,14.65,13.92,-9.01,-9.02,14.62,0.31,0.32,14.76,192.2,0.875,0,0.00,0.00,0,392.0,437.9,0,0.0,6.50,1.02,1.574,265.0,150.8,147.2,4.15,0.98,5.64,201.9,776,0.00,2.87,0.000,0.00,0.000,-6.15,6.3,0,0.00,0
1.853,on,0.78,0.00,12.50,-5.47,14.60,0,-1,0.0,14.65,13.84,-9.01,-9.02,14.62,0.31,0.32,14.76,192.2,0.875,0,0.00,0.00,0,408.7,437.9,0,0.0,6.50,1.03,1.574,265.0,150.8,147.2,4.15,0.98,5.64,201.9,782,0.00,2.89,0.000,0.00,0.000,-6.15,6.3,0,0.00,0
1.902,on,0.78,0.00,12.50,-5.47,14.58,0,-1,0.0,14.65,13.92,-8.99,-9.03,14.62,0.31,0.32,14.76,192.2,0.875,0,0.00,0.00,0,390.1,437.9,0,0.0,6.50,1.02,1.562,265.0,150.8,147.2,4.14,0.94,5.66,201.9,781,0.00,2.87,0.000,0.00,0.000,-6.15,6.3,0,0.00,0
1.984,on,0.78,0.00,12.50,-5.47,14.58,0,-1,0.0,14.65,13.92,-9.00,-9.03,14.62,0.31,0.32,14.76,192.2,0.875,0,0.00,0.00,0,385.6,437.9,0,0.0,6.50,1.02,1.562,265.0,150.8,147.2,4.13,0.94,5.65,201.9,784,0.00,2.86,0.000,0.00,0.000,-6.15,5.9,0,0.00,0
2.075,on,0.78,0.00,12.50,-5.47,14.59,0,-1,0.0,14.65,14.00,-9.00,-9.02,14.62,0.31,0.31,14.76,192.2,0.875,0,0.00,0.00,0,396.4,437.9,0,0.0,6.00,1.01,1.549,265.0,150.8,147.2,4.11,1.02,5.64,201.9,786,0.00,2.86,0.000,0.00,0.000,-6.15,5.9,0,0.00,0
2.123,on,0.78,0.00,12.50,-5.47,14.61,0,-1,0.0,14.65,13.84,-9.01,-9.03,14.62,0.31,0.31,14.76,192.2,0.875,0,0.00,0.00,0,395.8,437.9,0,0.0,6.00,1.02,1.549,265.0,150.8,147.2,4.10,0.98,5.64,201.9,789,0.00,2.88,0.000,0.00,0.000,-6.15,5.9,0,0.00,0
2.203,on,0.78,0.00,12.50,-5.47,14.60,0,-1,0.0,14.65,13.84,-9.05,-9.06,14.62,0.30,0.31,14.82,192.2,0.875,0,0.00,0.00,0,391.8,437.9,0,0.0,6.00,0.99,1.501,265.0,152.6,147.2,4.07,0.94,5.60,201.9,793,0.00,2.89,0.000,0.00,0.000,-6.15,5.9,0,0.00,0
2.279,on,0.78,0.00,12.50,-5.47,14.60,0,-1,0.0,14.65,14.00,-9.08,-9.09,14.62,0.30,0.31,14.82,192.2,0.875,0,0.00,0.00,0,407.6,437.9,0,0.0,6.00,0.99,1.501,265.0,150.8,147.2,4.04,0.94,5.57,202.1,793,0.00,2.93,0.000,0.00,0.000,-6.15,5.9,0,0.00,0
2.350,on,0.78,0.00,12.50,-5.47,14.61,0,-1,0.0,14.65,13.92,-9.10,-9.11,14.62,0.30,0.30,14.82,192.2,0.875,0,0.00,0.00,0,403.7,437.9,0,0.0,6.00,0.98,1.485,265.0,150.8,147.2,4.01,0.92,5.55,202.1,795,0.00,2.97,0.000,0.00,0.000,-6.15,5.9,0,0.00,0
2.412,on,0.78,0.00,12.50,-5.47,14.62,0,-1,0.0,14.65,13.84,-9.14,-9.14,14.62,0.30,0.30,14.82,192.2,0.875,0,0.00,0.00,0,399.2,437.9,0,0.0,6.00,0.98,1.485,265.0,150.8,147.2,3.98,0.94,5.51,202.1,795,0.00,3.01,0.000,0.00,0.000,-6.15,5.9,0,0.00,0
2.491,on,0.78,0.00,12.50,-5.47,14.62,0,-1,0.0,14.65,14.08,-9.17,-9.18,14.62,0.30,0.30,14.82,192.2,0.875,0,0.00,0.00,0,390.5,437.9,0,0.0,6.00,0.96,1.462,265.0,150.8,147.2,3.95,0.96,5.48,202.1,792,0.00,3.03,0.000,0.00,0.000,-6.15,5.9,0,0.00,0
2.557,on,0.78,0.00,12.50,-5.47,14.63,0,-1,0.0,14.65,13.92,-9.19,-9.21,14.62,0.30,0.30,14.82,192.2,0.875,0,0.00,0.00,0,401.9,437.9,0,0.0,6.00,0.96,1.462,265.0,150.8,147.2,3.92,0.94,5.45,202.1,787,0.00,3.06,0.000,0.00,0.000,-6.15,5.9,0,0.00,0
2.612,on,0.78,0.00,12.50,-5.47,14.65,0,-1,0.0,14.65,13.76,-9.20,-9.20,14.62,0.30,0.30,14.82,192.2,0.875,0,0.00,0.00,0,403.4,437.9,0,0.0,5.50,0.96,1.462,265.0,150.8,147.2,3.92,0.96,5.45,202.1,787,0.00,3.05,0.000,0.00,0.000,-6.15,5.9,0,0.00,0
2.691,on,0.78,0.00,12.50,-5.47,14.65,0,-1,0.0,14.65,14.08,-9.20,-9.20,14.62,0.30,0.30,14.82,192.2,0.875,0,0.00,0.00,0,388.7,437.9,0,0.0,6.00,0.95,1.462,265.0,150.8,147.2,3.90,1.02,5.45,202.1,776,0.00,3.05,0.000,0.00,0.000,-6.15,6.3,0,0.00,0
2.752,on,0.78,0.00,12.50,-5.47,14.67,0,-1,0.0,14.65,13.92,-9.18,-9.19,14.62,0.30,0.30,14.82,192.2,0.875,0,0.00,0.00,0,407.3,437.9,0,0.0,6.50,0.94,1.462,265.0,150.8,147.2,3.91,1.00,5.47,202.1,771,0.00,3.06,0.000,0.00,0.000,-6.15,6.3,0,0.00,0
2.832,on,0.78,0.00,12.50,-5.47,14.69,0,-1,0.0,14.65,14.08,-9.14,-9.17,14.62,0.30,0.31,14.82,192.2,0.875,0,0.00,0.00,0,390.8,437.9,0,0.0,7.00,0.95,1.485,265.0,150.8,147.2,3.92,1.00,5.51,202.1,764,0.00,3.02,0.000,0.00,0.000,-6.15,6.3,0,0.00,0
2.892,on,0.78,0.00,12.50,-5.47,14.71,0,-1,0.0,14.65,13.92,-9.08,-9.10,14.62,0.31,0.31,14.76,192.2,0.875,0,0.00,0.00,0,379.1,437.9,0,0.0,7.50,0.94,1.485,265.0,152.6,147.2,3.95,1.04,5.57,201.9,758,0.00,2.95,0.000,0.00,0.000,-6.15,6.7,0,0.00,0
2.971,on,0.78,0.00,12.50,-5.47,14.71,0,-1,0.0,14.65,14.00,-9.04,-9.03,14.62,0.31,0.32,14.76,192.2,0.875,0,0.00,0.00,0,410.4,437.9,0,0.0,8.00,0.97,1.539,265.0,150.8,147.2,3.99,1.02,5.61,201.9,754,0.00,2.88,0.000,0.00,0.000,-6.15,6.7,0,0.00,0
3.032,on,0.78,0.00,12.50,-5.47,14.74,0,-1,0.0,14.65,14.08,-8.96,-8.97,14.62,0.31,0.32,14.76,192.2,0.875,0,0.00,0.00,0,407.3,437.9,0,0.0,8.00,0.97,1.539,265.0,152.6,147.2,4.04,1.06,5.69,201.9,755,0.00,2.84,0.000,0.00,0.000,-6.15,6.7,0,0.00,0
3.112,on,0.78,0.00,12.50,-5.47,14.74,0,-1,0.0,14.65,13.92,-8.89,-8.91,14.62,0.32,0.32,14.76,192.2,0.875,0,0.00,0.00,0,384.8,437.9,0,0.0,8.00,0.99,1.568,265.0,150.8,147.2,4.08,1.00,5.76,201.9,756,0.00,2.78,0.000,0.00,0.000,-6.15,6.3,0,0.00,0
3.191,on,0.78,0.00,12.50,-5.47,14.75,0,-1,0.0,14.65,14.08,-8.85,-8.89,14.62,0.32,0.32,14.76,192.2,0.875,0,0.00,0.00,0,408.7,437.9,0,0.0,8.00,0.99,1.568,265.0,152.6,147.2,4.10,1.04,5.80,201.9,757,0.00,2.75,0.000,0.00,0.000,-6.15,6.3,0,0.00,0
3.246,on,1.56,0.00,12.50,-5.47,14.74,0,-1,0.0,14.65,14.00,-8.83,-8.86,14.62,0.32,0.32,14.76,192.2,0.875,0,0.00,0.00,0,398.7,437.9,0,0.0,8.00,1.00,1.578,265.0,150.8,147.2,4.13,1.04,5.81,201.9,763,0.00,2.71,0.000,0.00,0.000,-6.15,6.3,0,0.00,0
3.312,on,1.56,0.00,12.50,-5.47,14.80,0,-1,0.0,14.65,14.08,-8.83,-8.85,14.62,0.32,0.32,14.76,192.2,0.875,0,0.00,0.00,0,397.1,437.9,0,0.0,8.00,1.01,1.578,265.0,152.6,147.2,4.13,1.00,5.82,201.9,765,0.00,2.72,0.000,0.00,0.000,-6.15,6.3,0,0.00,0
3.392,on,1.56,0.00,12.50,-5.47,14.86,0,-1,0.0,14.65,14.00,-8.84,-8.86,14.62,0.31,0.32,14.76,192.2,0.875,0,0.00,0.00,0,412.9,437.9,0,0.0,7.50,1.02,1.578,265.0,152.6,147.2,4.15,1.02,5.81,201.9,775,0.00,2.72,0.000,0.00,0.000,-6.15,6.3,0,0.00,0
3.462,on,1.56,0.00,12.50,-5.47,14.83,0,-1,0.0,14.65,13.92,-8.87,-8.88,14.62,0.31,0.32,14.76,192.2,0.875,0,0.00,0.00,0,395.6,437.9,0,0.0,6.50,1.02,1.568,265.0,150.8,147.2,4.14,0.96,5.78,201.9,780,0.00,2.74,0.000,0.00,0.000,-6.15,5.9,0,0.00,0
3.543,on,1.56,0.00,12.50,-5.47,14.87,0,-1,0.0,14.65,14.08,-8.92,-8.93,14.62,0.31,0.31,14.76,192.2,0.875,0,0.00,0.00,0,408.7,437.9,0,0.0,6.50,1.03,1.568,265.0,150.8,147.2,4.13,0.96,5.73,201.9,790,0.00,2.78,0.000,0.00,0.000,-6.15,5.9,0,0.00,0
3.612,on,2.34,0.00,12.50,-5.47,14.89,0,-1,0.0,14.65,14.08,-8.98,-9.00,14.62,0.31,0.31,14.76,192.2,0.875,0,0.00,0.00,0,389.7,437.9,0,0.0,6.50,1.03,1.555,265.0,152.6,147.2,4.11,0.98,5.67,201.9,794,0.00,2.85,0.000,0.00,0.000,-6.15,5.9,0,0.00,0
3.691,on,2.34,0.00,12.50,-5.47,14.90,0,-1,0.0,14.65,14.00,-9.06,-9.06,14.62,0.30,0.31,14.82,192.2,0.875,0,0.00,0.00,0,394.2,437.9,0,0.0,6.00,1.03,1.555,265.0,152.6,147.2,4.09,0.96,5.59,201.9,797,0.00,2.92,0.000,0.00,0.000,-6.15,5.9,0,0.00,0
3.751,on,2.34,0.00,12.50,-5.47,14.92,0,-1,0.0,14.65,14.08,-9.12,-9.12,14.62,0.30,0.31,14.82,192.2,0.875,0,0.00,0.00,0,407.4,437.9,0,0.0,5.50,1.00,1.507,265.0,152.6,147.2,4.05,0.96,5.53,201.9,796,0.00,2.97,0.000,0.00,0.000,-6.15,5.9,0,0.00,0
3.806,on,2.34,0.00,12.50,-5.47,14.94,0,-1,0.0,14.65,14.00,-9.15,-9.15,14.62,0.30,0.30,14.82,192.2,0.875,0,0.00,0.00,0,408.5,437.9,0,0.0,5.50,1.00,1.507,265.0,152.6,147.2,4.03,1.00,5.50,201.9,795,0.00,3.00,0.000,0.00,0.000,-6.15,5.9,0,0.00,0
3.872,on,2.34,0.00,12.50,-5.47,14.92,0,-1,0.0,14.65,14.00,-9.19,-9.21,14.62,0.30,0.30,14.82,192.2,0.875,0,0.00,0.00,0,388.6,437.9,0,0.0,6.00,0.99,1.494,265.0,152.6,147.2,4.02,0.96,5.45,202.1,794,0.00,3.06,0.000,0.00,0.000,-6.15,5.9,0,0.00,0
3.951,on,2.34,0.00,12.50,-5.47,14.94,0,-1,0.0,14.65,14.16,-9.23,-9.24,14.62,0.30,0.30,14.82,192.2,0.875,0,0.00,0.00,0,407.5,437.9,0,0.0,6.00,0.99,1.494,265.0,152.6,147.2,4.00,0.98,5.42,202.1,791,0.00,3.10,0.000,0.00,0.000,-6.15,5.9,0,0.00,0
4.012,on,2.34,0.00,12.50,-5.47,14.93,0,-1,0.0,14.65,14.00,-9.24,-9.24,14.62,0.30,0.30,14.82,192.2,0.875,0,0.00,0.00,0,390.8,437.9,0,0.0,6.00,1.00,1.514,265.0,152.6,147.2,3.99,0.98,5.41,202.1,789,0.00,3.08,0.000,0.00,0.000,-6.15,6.3,0,0.00,0
4.091,on,2.34,0.00,12.50,-5.47,14.89,0,0,0.0,14.65,14.16,-9.23,-9.25,14.62,0.30,0.30,14.82,192.2,0.875,0,0.00,0.00,0,385.5,437.9,0,0.0,6.50,0.99,1.514,265.0,152.6,147.2,3.99,1.00,5.42,202.1,787,0.00,3.10,0.000,0.00,0.000,-6.15,6.3,0,0.00,0
4.152,on,2.34,0.00,12.50,-5.47,14.89,0,-1,0.0,14.65,14.00,-9.22,-9.23,14.62,0.30,0.31,14.82,192.2,0.875,0,0.00,0.00,0,412.9,437.9,0,0.0,6.00,0.99,1.514,265.0,152.6,147.2,4.00,0.98,5.43,201.9,785,0.00,3.10,0.000,0.00,0.000,-6.15,6.3,0,0.00,0
4.230,on,2.34,0.00,12.50,-5.47,14.88,0,-1,0.0,14.65,13.84,-9.21,-9.22,14.62,0.30,0.31,14.82,192.2,0.875,0,0.00,0.00,0,396.7,437.9,0,0.0,6.00,0.98,1.507,265.0,152.6,147.2,4.00,0.96,5.44,201.9,780,0.00,3.07,0.000,0.00,0.000,-6.15,6.3,0,0.00,0
4.320,on,2.34,0.00,12.50,-5.47,14.86,0,-1,0.0,14.65,14.08,-9.18,-9.19,14.62,0.30,0.31,14.82,192.2,0.875,0,0.00,0.00,0,408.7,437.9,0,0.0,6.50,0.98,1.507,265.0,152.6,147.2,4.01,0.94,5.47,201.9,779,0.00,3.04,0.000,0.00,0.000,-6.15,6.3,0,0.00,0
4.378,on,2.34,0.00,12.50,-5.47,14.80,0,-1,0.0,14.65,14.00,-9.16,-9.17,14.62,0.30,0.31,14.82,192.2,0.875,0,0.00,0.00,0,393.1,437.9,0,0.0,6.50,1.00,1.542,265.0,152.6,147.2,4.00,1.00,5.49,201.9,775,0.00,3.03,0.000,0.00,0.000,-6.15,6.3,0,0.00,0
4.432,on,2.34,0.00,12.50,-5.47,14.78,0,0,0.0,14.65,14.08,-9.13,-9.15,14.62,0.30,0.31,14.82,192.2,0.875,0,0.00,0.00,0,379.4,437.9,0,0.0,6.50,1.00,1.542,265.0,150.8,147.2,4.01,1.00,5.52,201.9,776,0.00,3.00,0.000,0.00,0.000,-6.15,6.3,0,0.00,0
4.513,on,2.34,0.00,12.50,-5.47,14.78,0,0,0.0,14.65,13.92,-9.12,-9.12,14.62,0.31,0.31,14.76,192.2,0.875,0,0.00,0.00,0,413.0,437.9,0,0.0,6.50,1.00,1.549,265.0,152.6,147.2,4.02,1.00,5.53,201.9,773,0.00,2.97,0.000,0.00,0.000,-6.15,6.3,0,0.00,0
4.572,on,2.34,0.00,12.50,-5.47,14.75,0,0,0.0,14.65,14.00,-9.09,-9.10,14.62,0.31,0.31,14.76,192.2,0.875,0,0.00,0.00,0,404.5,437.9,0,0.0,6.50,1.00,1.549,265.0,152.6,147.2,4.04,1.02,5.56,201.9,773,0.00,2.97,0.000,0.00,0.000,-6.15,6.3,0,0.00,0
4.652,on,2.34,0.00,12.50,-5.47,14.75,0,0,0.0,14.65,14.08,-9.06,-9.09,14.62,0.31,0.31,14.76,192.2,0.875,0,0.00,0.00,0,384.5,437.9,0,0.0,6.50,1.01,1.571,265.0,152.6,147.2,4.05,1.02,5.59,201.9,773,0.00,2.94,0.000,0.00,0.000,-6.15,6.3,0,0.00,0
4.712,on,2.34,0.00,12.50,-5.47,14.74,0,0,0.0,14.65,14.00,-9.03,-9.07,14.62,0.31,0.31,14.76,192.2,0.875,0,0.00,0.00,0,407.3,437.9,0,0.0,6.50,1.01,1.571,265.0,152.6,147.2,4.07,1.00,5.62,201.9,775,0.00,2.91,0.000,0.00,0.000,-6.15,6.3,0,0.00,0
4.793,on,2.34,0.00,12.50,-5.47,14.73,0,0,0.0,14.65,14.16,-9.02,-9.04,14.62,0.31,0.31,14.76,192.2,0.875,0,0.00,0.00,0,391.6,437.9,0,0.0,6.50,1.02,1.578,265.0,152.6,147.2,4.08,1.00,5.63,201.9,777,0.00,2.90,0.000,0.00,0.000,-6.15,6.3,0,0.00,0
4.852,on,2.34,0.00,12.50,-5.47,14.71,0,-1,0.0,14.65,14.00,-9.02,-9.04,14.62,0.31,0.31,14.76,192.2,0.875,0,0.00,0.00,0,387.9,437.9,0,0.0,6.50,1.02,1.578,265.0,152.6,147.2,4.08,1.02,5.63,201.9,778,0.00,2.89,0.000,0.00,0.000,-6.15,6.3,0,0.00,0
4.931,on,2.34,0.00,12.50,-5.47,14.73,0,-1,0.0,14.65,13.84,-9.02,-9.04,14.62,0.31,0.31,14.76,192.2,0.875,0,0.00,0.00,0,412.9,437.9,0,0.0,6.50,1.03,1.578,265.0,152.6,147.2,4.09,1.02,5.63,201.9,783,0.00,2.89,0.000,0.00,0.000,-6.15,6.3,0,0.00,0
4.992,on,2.34,0.00,12.50,-5.47,14.71,0,-1,0.0,14.65,14.16,-9.03,-9.05,14.62,0.31,0.31,14.76,192.2,0.875,0,0.00,0.00,0,391.4,437.9,0,0.0,6.00,1.03,1.571,265.0,152.6,147.2,4.09,1.02,5.62,201.9,785,0.00,2.91,0.000,0.00,0.000,-6.15,6.3,0,0.00,0
5.072,on,2.34,0.00,12.50,-5.47,14.71,0,0,0.0,14.65,14.08,-9.07,-9.07,14.62,0.31,0.31,14.76,192.2,0.875,0,0.00,0.00,0,404.6,437.9,0,0.0,6.50,1.03,1.571,265.0,152.6,147.2,4.09,0.96,5.58,201.9,789,0.00,2.94,0.000,0.00,0.000,-6.15,5.9,0,0.00,0
5.142,on,2.34,0.00,12.50,-5.47,14.72,0,0,0.0,14.65,14.08,-9.09,-9.12,14.62,0.30,0.31,14.82,192.2,0.875,0,0.00,0.00,0,393.0,437.9,0,0.0,6.00,1.03,1.562,265.0,152.6,147.2,4.07,0.96,5.56,201.8,791,0.00,2.97,0.000,0.00,0.000,-6.15,5.9,0,0.00,0
5.222,on,2.34,0.00,12.50,-5.47,14.71,0,0,0.0,14.65,14.00,-9.14,-9.16,14.62,0.30,0.31,14.82,192.2,0.875,0,0.00,0.00,0,396.7,437.9,0,0.0,6.00,1.03,1.562,265.0,152.6,147.2,4.06,0.94,5.51,201.8,794,0.00,3.00,0.000,0.00,0.000,-6.15,5.9,0,0.00,0
5.282,on,2.34,0.00,12.50,-5.47,14.69,0,0,0.0,14.65,14.00,-9.17,-9.19,14.62,0.30,0.31,14.82,192.2,0.875,0,0.00,0.00,0,401.8,437.9,0,0.0,6.00,1.00,1.514,265.0,152.6,147.2,4.03,0.94,5.48,201.8,793,0.00,3.04,0.000,0.00,0.000,-6.15,5.9,0,0.00,0
5.362,on,2.34,0.00,12.50,-5.47,14.69,0,0,0.0,14.65,14.08,-9.21,-9.23,14.62,0.30,0.30,14.82,192.2,0.875,0,0.00,0.00,0,387.5,437.9,0,0.0,6.00,1.00,1.514,265.0,152.6,147.2,4.02,0.98,5.44,201.8,793,0.00,3.08,0.000,0.00,0.000,-6.15,5.9,0,0.00,0
5.432,on,2.34,0.00,12.50,-5.47,14.69,0,0,0.0,14.65,14.00,-9.24,-9.25,14.62,0.30,0.30,14.82,192.2,0.875,0,0.00,0.00,0,395.7,437.9,0,0.0,6.00,1.00,1.517,265.0,152.6,147.2,4.00,1.02,5.41,201.9,788,0.00,3.09,0.000,0.00,0.000,-6.15,6.3,0,0.00,0
5.511,on,2.34,0.00,12.50,-5.47,14.67,0,0,0.0,14.65,14.00,-9.23,-9.26,14.62,0.30,0.30,14.82,192.2,0.875,0,0.00,0.00,0,384.9,437.9,0,0.0,5.50,0.99,1.517,265.0,152.6,147.2,3.99,0.98,5.42,201.9,785,0.00,3.11,0.000,0.00,0.000,-6.15,6.3,0,0.00,0
5.572,on,2.34,0.00,12.50,-5.47,14.67,0,0,0.0,14.65,14.16,-9.23,-9.24,14.62,0.30,0.31,14.82,192.2,0.875,0,0.00,0.00,0,413.3,437.9,0,0.0,6.00,1.00,1.536,265.0,152.6,147.2,4.00,1.02,5.42,201.9,782,0.00,3.10,0.000,0.00,0.000,-6.15,6.3,0,0.00,0
5.649,on,2.34,0.00,12.50,-5.47,14.67,0,0,0.0,14.65,14.00,-9.23,-9.23,14.62,0.30,0.31,14.82,192.2,0.875,0,0.00,0.00,0,399.3,437.9,0,0.0,6.00,1.00,1.536,265.0,152.6,147.2,4.01,1.00,5.42,201.9,781,0.00,3.09,0.000,0.00,0.000,-6.15,6.3,0,0.00,0
5.726,on,2.34,0.00,12.50,-5.47,14.66,0,0,0.0,14.65,13.84,-9.20,-9.23,14.62,0.30,0.31,14.82,192.2,0.875,0,0.00,0.00,0,379.2,437.9,0,0.0,6.00,1.00,1.546,265.0,152.6,147.2,4.01,0.94,5.45,201.9,777,0.00,3.09,0.000,0.00,0.000,-6.15,6.3,0,0.00,0
5.782,on,2.34,0.00,12.50,-5.47,14.65,0,0,0.0,14.65,14.16,-9.17,-9.21,14.62,0.31,0.31,14.76,192.2,0.875,0,0.00,0.00,0,404.5,437.9,0,0.0,6.50,0.99,1.546,265.0,152.6,147.2,4.01,0.98,5.47,201.9,772,0.00,3.06,0.000,0.00,0.000,-6.15,6.3,0,0.00,0
5.863,on,2.34,0.00,12.50,-5.47,14.65,0,0,0.0,14.65,14.08,-9.14,-9.16,14.62,0.31,0.31,14.76,192.2,0.875,0,0.00,0.00,0,385.5,437.9,0,0.0,6.50,1.01,1.568,265.0,152.6,147.2,4.03,1.02,5.51,201.9,770,0.00,3.02,0.000,0.00,0.000,-6.15,6.3,0,0.00,0
5.923,on,2.34,0.00,12.50,-5.47,14.66,0,0,0.0,14.65,14.16,-9.10,-9.12,14.62,0.31,0.32,14.76,192.2,0.875,0,0.00,0.00,0,381.4,437.9,0,0.0,7.00,1.01,1.568,265.0,152.6,147.2,4.05,1.00,5.55,201.9,770,0.00,2.97,0.000,0.00,0.000,-6.15,6.3,0,0.00,0
6.002,on,2.34,0.00,12.50,-5.47,14.64,0,0,0.0,14.65,14.08,-9.07,-9.08,14.62,0.31,0.32,14.76,192.2,0.875,0,0.00,0.00,0,412.9,437.9,0,0.0,7.00,1.01,1.568,265.0,152.6,147.2,4.07,1.02,5.58,201.9,772,0.00,2.95,0.000,0.00,0.000,-6.15,6.3,0,0.00,0
6.062,on,2.34,0.00,12.50,-5.47,14.65,0,0,0.0,14.65,14.16,-9.02,-9.06,14.62,0.31,0.32,14.76,192.2,0.875,0,0.00,0.00,0,397.3,437.9,0,0.0,7.00,1.02,1.584,265.0,152.6,147.2,4.09,1.04,5.63,201.8,771,0.00,2.91,0.000,0.00,0.000,-6.15,6.3,0,0.00,0
6.145,on,2.34,0.00,12.50,-5.47,14.64,0,0,0.0,14.65,14.00,-9.00,-9.04,14.62,0.31,0.32,14.76,192.2,0.875,0,0.00,0.00,0,386.3,437.9,0,0.0,6.50,1.03,1.584,265.0,152.6,147.2,4.11,1.04,5.64,201.8,777,0.00,2.89,0.000,0.00,0.000,-6.15,6.3,0,0.00,0
6.202,on,2.34,0.00,12.50,-5.47,14.64,0,0,0.0,14.65,14.08,-9.01,-9.03,14.62,0.31,0.32,14.76,192.2,0.875,0,0.00,0.00,0,388.9,437.9,0,0.0,6.50,1.03,1.590,265.0,152.6,147.2,4.11,1.02,5.64,201.8,777,0.00,2.89,0.000,0.00,0.000,-6.15,6.3,0,0.00,0
6.281,on,2.34,0.00,12.50,-5.47,14.64,0,0,0.0,14.65,14.16,-9.02,-9.04,14.62,0.31,0.32,14.76,192.2,0.875,0,0.00,0.00,0,383.8,437.9,0,0.0,6.50,1.04,1.590,265.0,152.6,147.2,4.13,1.02,5.62,201.8,783,0.00,2.88,0.000,0.00,0.000,-6.15,6.3,0,0.00,0
6.342,on,2.34,0.00,13.28,-5.47,14.64,0,0,0.0,14.65,14.08,-9.02,-9.04,14.62,0.31,0.32,14.76,192.2,0.875,0,0.00,0.00,0,418.2,437.9,0,0.0,6.00,1.04,1.590,265.0,152.6,147.2,4.14,1.00,5.63,201.8,787,0.00,2.89,0.000,0.00,0.000,-6.15,6.3,0,0.00,0
6.416,on,2.34,0.00,13.28,-5.47,14.63,0,0,0.0,14.65,14.08,-9.05,-9.07,14.62,0.31,0.31,14.76,192.2,0.875,0,0.00,0.00,0,407.3,437.9,0,0.0,6.00,1.05,1.590,265.0,152.6,147.2,4.14,0.94,5.60,201.9,791,0.00,2.93,0.000,0.00,0.000,-6.15,5.9,0,0.00,0
6.472,on,2.34,0.00,13.28,-5.47,14.62,0,0,0.0,14.65,14.16,-9.09,-9.11,14.62,0.31,0.31,14.76,192.2,0.875,0,0.00,0.00,0,384.6,437.9,0,0.0,6.00,1.03,1.558,265.0,152.6,147.2,4.13,0.94,5.56,201.9,795,0.00,2.94,0.000,0.00,0.000,-6.15,5.9,0,0.00,0
6.551,on,2.34,0.00,13.28,-5.47,14.62,0,0,0.0,14.65,14.00,-9.13,-9.15,14.62,0.30,0.31,14.76,192.2,0.875,0,0.00,0.00,0,402.5,437.9,0,0.0,6.00,1.03,1.558,265.0,152.6,147.2,4.10,0.94,5.52,201.9,796,0.00,3.00,0.000,0.00,0.000,-6.15,5.9,0,0.00,0
6.612,on,2.34,0.00,13.28,-5.47,14.63,0,0,0.0,14.65,14.08,-9.19,-9.19,14.62,0.30,0.31,14.82,192.2,0.875,0,0.00,0.00,0,396.9,437.9,0,0.0,6.00,1.01,1.523,265.0,152.6,147.2,4.09,0.98,5.46,201.9,798,0.00,3.03,0.000,0.00,0.000,-6.15,5.9,0,0.00,0
6.696,on,2.34,0.00,13.28,-5.47,14.62,0,0,0.0,14.65,14.16,-9.22,-9.23,14.62,0.30,0.31,14.82,192.2,0.875,0,0.00,0.00,0,398.1,437.9,0,0.0,5.50,1.01,1.523,265.0,152.6,147.2,4.06,1.00,5.43,201.9,796,0.00,3.09,0.000,0.00,0.000,-6.15,5.9,0,0.00,0
6.752,on,2.34,0.00,13.28,-5.47,14.62,0,0,0.0,14.65,14.08,-9.27,-9.27,14.62,0.30,0.30,14.82,192.2,0.875,0,0.00,0.00,0,409.5,437.9,0,0.0,5.50,1.01,1.523,265.0,152.6,147.2,4.04,1.00,5.38,202.1,795,0.00,3.14,0.000,0.00,0.000,-6.15,5.9,0,0.00,0
6.830,on,2.34,0.00,13.28,-5.47,14.62,0,0,0.0,14.65,14.08,-9.29,-9.31,14.62,0.30,0.31,14.82,192.2,0.875,0,0.00,0.00,0,393.0,437.9,0,0.0,6.00,1.00,1.510,265.0,152.6,147.2,4.03,0.98,5.36,202.1,791,0.00,3.16,0.000,0.00,0.000,-6.15,6.3,0,0.00,0
6.892,on,2.34,0.00,13.28,-5.47,14.60,0,0,0.0,14.65,14.00,-9.28,-9.31,14.62,0.30,0.31,14.82,192.2,0.875,0,0.00,0.00,0,392.8,437.9,0,0.0,6.00,0.99,1.510,265.0,152.6,147.2,4.03,0.94,5.37,202.1,787,0.00,3.15,0.000,0.00,0.000,-6.15,6.3,0,0.00,0
6.977,on,2.34,0.00,13.28,-5.47,14.60,0,0,0.0,14.65,13.92,-9.26,-9.29,14.62,0.30,0.31,14.82,192.2,0.875,0,0.00,0.00,0,395.8,437.9,0,0.0,5.50,1.01,1.542,265.0,152.6,147.2,4.02,0.94,5.38,202.1,782,0.00,3.14,0.000,0.00,0.000,-6.15,6.3,0,0.00,0
7.033,on,2.34,0.00,13.28,-5.47,14.60,0,0,0.0,14.65,14.16,-9.23,-9.26,14.62,0.30,0.31,14.82,192.2,0.875,0,0.00,0.00,0,390.0,437.9,0,0.0,6.00,1.00,1.542,265.0,152.6,147.2,4.04,1.00,5.42,201.9,781,0.00,3.12,0.000,0.00,0.000,-6.15,6.3,0,0.00,0
7.109,on,2.34,0.00,13.28,-5.47,14.58,0,0,0.0,14.65,14.00,-9.23,-9.23,14.62,0.31,0.31,14.76,192.2,0.875,0,0.00,0.00,0,414.7,437.9,0,0.0,6.00,1.01,1.549,265.0,152.6,147.2,4.04,0.96,5.42,201.9,779,0.00,3.09,0.000,0.00,0.000,-6.15,6.3,0,0.00,0
7.181,on,2.34,0.00,13.28,-5.47,14.56,0,0,0.0,14.65,14.08,-9.19,-9.22,14.62,0.31,0.31,14.76,192.2,0.875,0,0.00,0.00,0,408.5,437.9,0,0.0,6.50,1.00,1.549,265.0,152.6,147.2,4.05,0.96,5.45,201.9,776,0.00,3.09,0.000,0.00,0.000,-6.15,6.3,0,0.00,0
7.242,on,2.34,0.00,13.28,-5.47,14.55,0,0,0.0,14.65,14.16,-9.17,-9.21,14.62,0.31,0.31,14.76,192.2,0.875,0,0.00,0.00,0,387.5,437.9,0,0.0,6.50,1.00,1.549,265.0,152.6,147.2,4.06,1.00,5.47,201.9,776,0.00,3.06,0.000,0.00,0.000,-6.15,6.3,0,0.00,0
7.325,on,2.34,0.00,13.28,-5.47,14.55,0,0,0.0,14.65,14.00,-9.14,-9.18,14.62,0.31,0.31,14.76,192.2,0.875,0,0.00,0.00,0,404.5,437.9,0,0.0,6.50,1.00,1.549,265.0,152.6,147.2,4.07,1.00,5.50,201.9,776,0.00,3.03,0.000,0.00,0.000,-6.15,6.3,0,0.00,0
7.383,on,2.34,0.00,13.28,-5.47,14.53,0,0,0.0,14.65,14.08,-9.12,-9.16,14.62,0.31,0.32,14.76,192.2,0.875,0,0.00,0.00,0,385.7,437.9,0,0.0,6.50,1.01,1.558,265.0,152.6,147.2,4.08,0.96,5.52,201.9,775,0.00,3.00,0.000,0.00,0.000,-6.15,6.3,0,0.00,0
7.462,on,1.56,0.00,13.28,-5.47,14.53,0,0,0.0,14.65,14.00,-9.10,-9.13,14.62,0.31,0.32,14.76,192.2,0.875,0,0.00,0.00,0,377.2,437.9,0,0.0,6.50,1.01,1.558,265.0,152.6,147.2,4.07,0.96,5.55,201.9,775,0.00,2.99,0.000,0.00,0.000,-6.15,6.3,0,0.00,0
7.527,on,1.56,0.00,13.28,-5.47,14.54,0,0,0.0,14.65,14.00,-9.09,-9.11,14.62,0.31,0.31,14.76,192.2,0.875,0,0.00,0.00,0,412.6,437.9,0,0.0,6.50,1.01,1.558,265.0,152.6,147.2,4.08,0.98,5.55,201.9,779,0.00,2.96,0.000,0.00,0.000,-6.15,6.3,0,0.00,0
7.582,on,1.56,0.00,13.28,-5.47,14.51,0,0,0.0,14.65,14.16,-9.07,-9.11,14.62,0.31,0.31,14.76,192.2,0.875,0,0.00,0.00,0,401.0,437.9,0,0.0,6.50,1.01,1.555,265.0,152.6,147.2,4.07,1.00,5.58,201.9,778,0.00,2.96,0.000,0.00,0.000,-6.15,6.3,0,0.00,0
7.662,on,1.56,0.00,13.28,-5.47,14.53,0,0,0.0,14.65,14.00,-9.08,-9.11,14.62,0.31,0.31,14.76,192.2,0.875,0,0.00,0.00,0,385.6,437.9,0,0.0,6.50,1.01,1.555,265.0,152.6,147.2,4.07,1.02,5.57,201.9,781,0.00,2.95,0.000,0.00,0.000,-6.15,6.3,0,0.00,0
7.722,on,1.56,0.00,13.28,-5.47,14.52,0,0,0.0,14.65,14.00,-9.08,-9.10,14.62,0.31,0.31,14.76,192.2,0.875,0,0.00,0.00,0,403.2,437.9,0,0.0,6.50,1.01,1.549,265.0,152.6,147.2,4.07,1.04,5.57,201.9,781,0.00,2.94,0.000,0.00,0.000,-6.15,6.3,0,0.00,0
7.802,on,1.56,0.00,13.28,-5.47,14.52,0,0,0.0,14.65,14.24,-9.09,-9.10,14.62,0.31,0.31,14.76,192.2,0.875,0,0.00,0.00,0,403.2,437.9,0,0.0,6.50,1.01,1.549,265.0,152.6,147.2,4.07,1.04,5.56,201.9,783,0.00,2.96,0.000,0.00,0.000,-6.15,6.3,0,0.00,0
7.863,on,1.56,0.00,13.28,-5.47,14.52,0,0,0.0,14.65,14.08,-9.09,-9.11,14.62,0.31,0.31,14.76,192.2,0.875,0,0.00,0.00,0,384.5,437.9,0,0.0,6.00,1.02,1.555,265.0,152.6,147.2,4.07,1.04,5.56,201.9,783,0.00,2.97,0.000,0.00,0.000,-6.15,6.3,0,0.00,0
7.941,on,1.56,0.00,13.28,-5.47,14.53,0,0,0.0,14.65,14.16,-9.11,-9.13,14.62,0.31,0.31,14.76,192.2,0.875,0,0.00,0.00,0,404.6,437.9,0,0.0,6.00,1.02,1.555,265.0,152.6,147.2,4.07,1.00,5.54,201.9,785,0.00,2.98,0.000,0.00,0.000,-6.15,6.3,0,0.00,0
8.002,on,1.56,0.00,13.28,-5.47,14.52,0,0,0.0,14.65,14.00,-9.13,-9.16,14.62,0.31,0.31,14.76,192.2,0.875,0,0.00,0.00,0,384.4,437.9,0,0.0,6.00,1.01,1.536,265.0,152.6,147.2,4.08,0.98,5.52,201.9,786,0.00,3.00,0.000,0.00,0.000,-6.15,6.3,0,0.00,0
8.085,on,1.56,0.00,13.28,-5.47,14.53,0,0,0.0,14.65,14.00,-9.15,-9.18,14.62,0.31,0.31,14.76,192.2,0.875,0,0.00,0.00,0,401.5,437.9,0,0.0,6.00,1.00,1.536,265.0,152.6,147.2,4.07,1.00,5.50,201.9,785,0.00,3.01,0.000,0.00,0.000,-6.15,6.3,0,0.00,0
8.142,on,1.56,0.00,13.28,-5.47,14.56,0,0,0.0,14.65,14.16,-9.17,-9.19,14.62,0.31,0.31,14.76,192.2,0.875,0,0.00,0.00,0,396.3,437.9,0,0.0,6.00,1.02,1.555,265.0,152.6,147.2,4.08,1.00,5.48,201.9,786,0.00,3.03,0.000,0.00,0.000,-6.15,6.3,0,0.00,0
8.221,on,1.56,0.00,13.28,-5.47,14.55,0,0,0.0,14.65,14.00,-9.18,-9.19,14.62,0.31,0.31,14.76,192.2,0.875,0,0.00,0.00,0,392.8,437.9,0,0.0,6.00,1.02,1.555,265.0,152.6,147.2,4.07,0.98,5.47,201.9,783,0.00,3.05,0.000,0.00,0.000,-6.15,6.3,0,0.00,0
8.283,on,1.56,0.00,13.28,-5.47,14.57,0,0,0.0,14.65,14.00,-9.19,-9.21,14.62,0.31,0.31,14.76,192.2,0.875,0,0.00,0.00,0,408.7,437.9,0,0.0,6.00,1.01,1.555,265.0,152.6,147.2,4.07,1.02,5.46,201.9,783,0.00,3.07,0.000,0.00,0.000,-6.15,6.3,0,0.00,0
8.366,on,1.56,0.00,13.28,-5.47,14.55,0,0,0.0,14.65,14.16,-9.21,-9.22,14.62,0.31,0.31,14.76,192.2,0.875,0,0.00,0.00,0,393.0,437.9,0,0.0,6.00,1.01,1.562,265.0,152.6,147.2,4.07,1.02,5.44,201.9,779,0.00,3.08,0.000,0.00,0.000,-6.15,6.3,0,0.00,0
8.422,on,1.56,0.00,13.28,-5.47,14.56,0,0,0.0,14.65,14.00,-9.21,-9.23,14.62,0.31,0.31,14.76,192.2,0.875,0,0.00,0.00,0,385.2,437.9,0,0.0,6.50,1.02,1.562,265.0,152.6,147.2,4.09,1.02,5.44,201.9,782,0.00,3.08,0.000,0.00,0.000,-6.15,6.3,0,0.00,0
8.501,on,1.56,0.00,13.28,-5.47,14.56,0,0,0.0,14.65,14.16,-9.18,-9.22,14.62,0.31,0.32,14.76,192.2,0.875,0,0.00,0.00,0,398.1,437.9,0,0.0,6.50,1.01,1.552,265.0,152.6,147.2,4.11,1.04,5.47,201.9,779,0.00,3.06,0.000,0.00,0.000,-6.15,6.3,0,0.00,0
8.562,on,1.56,0.00,13.28,-5.47,14.57,0,0,0.0,14.65,14.00,-9.17,-9.20,14.62,0.31,0.32,14.76,192.2,0.875,0,0.00,0.00,0,397.2,437.9,0,0.0,6.50,1.01,1.552,265.0,152.6,147.2,4.13,1.04,5.48,201.9,779,0.00,3.04,0.000,0.00,0.000,-6.15,6.3,0,0.00,0
8.646,on,1.56,0.00,13.28,-5.47,14.58,0,0,0.0,14.65,14.00,-9.16,-9.18,14.62,0.31,0.32,14.76,192.2,0.875,0,0.00,0.00,0,408.9,437.9,0,0.0,6.50,1.02,1.578,265.0,152.6,147.2,4.15,0.98,5.49,202.2,779,0.00,3.05,0.000,0.00,0.000,-6.15,6.3,0,0.00,0
8.702,on,1.56,0.00,13.28,-5.47,14.57,0,0,0.0,14.65,14.08,-9.17,-9.18,14.62,0.31,0.32,14.76,192.2,0.875,0,0.00,0.00,0,407.6,437.9,0,0.0,6.50,1.02,1.578,265.0,152.6,147.2,4.16,0.98,5.48,202.2,779,0.00,3.05,0.000,0.00,0.000,-6.15,6.3,0,0.00,0
8.780,on,1.56,0.00,13.28,-5.47,14.56,0,0,0.0,14.65,14.08,-9.15,-9.18,14.62,0.31,0.32,14.76,192.2,0.875,0,0.00,0.00,0,384.5,437.9,0,0.0,6.50,1.04,1.606,265.0,152.6,147.2,4.16,1.02,5.50,202.2,778,0.00,3.02,0.000,0.00,0.000,-6.15,6.3,0,0.00,0
8.842,on,1.56,0.00,13.28,-5.47,14.55,0,0,0.0,14.65,14.08,-9.15,-9.19,14.62,0.31,0.32,14.76,192.2,0.875,0,0.00,0.00,0,403.9,437.9,0,0.0,6.50,1.04,1.606,265.0,152.6,147.2,4.17,0.98,5.50,202.2,778,0.00,3.03,0.000,0.00,0.000,-6.15,6.3,0,0.00,0
8.926,on,1.56,0.00,13.28,-5.47,14.56,0,0,0.0,14.65,14.16,-9.14,-9.17,14.62,0.31,0.32,14.76,192.2,0.875,0,0.00,0.00,0,386.3,437.9,0,0.0,6.50,1.04,1.603,265.0,152.6,147.2,4.18,0.98,5.50,202.2,781,0.00,3.02,0.000,0.00,0.000,-6.15,6.3,0,0.00,0
8.982,on,1.56,0.00,13.28,-5.47,14.55,0,0,0.0,14.65,14.00,-9.14,-9.16,14.62,0.31,0.32,14.76,192.2,0.875,0,0.00,0.00,0,393.6,437.9,0,0.0,6.50,1.04,1.603,265.0,152.6,147.2,4.18,0.98,5.50,201.9,781,0.00,3.02,0.000,0.00,0.000,-6.15,6.3,0,0.00,0
9.060,on,1.56,0.00,13.28,-5.47,14.52,0,0,0.0,14.65,14.16,-9.14,-9.17,14.62,0.31,0.32,14.76,192.2,0.875,0,0.00,0.00,0,413.9,437.9,0,0.0,6.00,1.05,1.603,265.0,152.6,147.2,4.18,0.98,5.50,201.9,784,0.00,3.03,0.000,0.00,0.000,-6.15,6.3,0,0.00,0
9.128,on,1.56,0.00,13.28,-5.47,14.53,0,0,0.0,14.65,14.00,-9.16,-9.18,14.62,0.31,0.32,14.76,192.2,0.875,0,0.00,0.00,0,388.7,437.9,0,0.0,6.00,1.03,1.578,265.0,152.6,147.2,4.16,0.96,5.48,201.9,784,0.00,3.05,0.000,0.00,0.000,-6.15,6.3,0,0.00,0
9.182,on,1.56,0.00,13.28,-5.47,14.52,0,0,0.0,14.65,14.08,-9.18,-9.20,14.62,0.31,0.32,14.76,192.2,0.875,0,0.00,0.00,0,379.5,437.9,0,0.0,6.00,1.03,1.578,265.0,152.6,147.2,4.15,0.98,5.47,201.9,785,0.00,3.04,0.000,0.00,0.000,-6.15,6.3,0,0.00,0
9.264,on,0.78,0.00,13.28,-5.47,14.49,0,0,0.0,14.65,14.16,-9.19,-9.21,14.62,0.31,0.32,14.76,192.2,0.875,0,0.00,0.00,0,411.5,437.9,0,0.0,6.00,1.03,1.578,265.0,152.6,147.2,4.14,0.98,5.46,201.9,785,0.00,3.07,0.000,0.00,0.000,-6.15,6.3,0,0.00,0
9.322,on,0.78,0.00,13.28,-5.47,14.47,0,0,0.0,14.65,14.00,-9.20,-9.22,14.62,0.31,0.32,14.76,192.2,0.875,0,0.00,0.00,0,407.6,437.9,0,0.0,6.00,1.03,1.578,265.0,152.6,147.2,4.13,1.00,5.45,201.9,787,0.00,3.08,0.000,0.00,0.000,-6.15,6.3,0,0.00,0
9.400,on,0.78,0.00,13.28,-5.47,14.45,0,0,0.0,14.65,14.08,-9.22,-9.23,14.62,0.31,0.31,14.76,192.2,0.875,0,0.00,0.00,0,390.5,437.9,0,0.0,6.00,1.02,1.565,265.0,152.6,147.2,4.12,0.98,5.43,201.9,786,0.00,3.09,0.000,0.00,0.000,-6.15,6.3,0,0.00,0
9.465,on,0.78,0.00,13.28,-5.47,14.43,0,0,0.0,14.65,13.92,-9.22,-9.25,14.62,0.31,0.31,14.76,192.2,0.875,0,0.00,0.00,0,407.6,437.9,0,0.0,6.00,1.02,1.565,265.0,152.6,147.2,4.11,0.96,5.43,201.9,784,0.00,3.11,0.000,0.00,0.000,-6.15,6.3,0,0.00,0
9.522,on,0.78,0.00,13.28,-5.47,14.44,0,0,0.0,14.65,14.00,-9.23,-9.26,14.62,0.31,0.31,14.76,192.2,0.875,0,0.00,0.00,0,396.9,437.9,0,0.0,6.00,1.01,1.536,265.0,150.8,147.2,4.10,1.00,5.42,201.9,785,0.00,3.10,0.000,0.00,0.000,-6.15,6.3,0,0.00,0
9.603,on,0.78,0.00,13.28,-5.47,14.40,0,0,0.0,14.65,14.16,-9.24,-9.24,14.62,0.31,0.31,14.76,192.2,0.875,0,0.00,0.00,0,395.8,437.9,0,0.0,6.00,1.00,1.536,265.0,152.6,147.2,4.08,1.00,5.41,201.9,781,0.00,3.11,0.000,0.00,0.000,-6.15,6.3,0,0.00,0
9.662,on,0.78,0.00,13.28,-5.47,14.38,0,0,0.0,14.65,14.00,-9.23,-9.25,14.62,0.31,0.31,14.76,192.2,0.875,0,0.00,0.00,0,408.7,437.9,0,0.0,6.50,1.00,1.536,265.0,152.6,147.2,4.08,0.96,5.42,201.9,779,0.00,3.12,0.000,0.00,0.000,-6.15,6.3,0,0.00,0
9.746,on,0.00,0.00,13.28,-5.47,14.37,0,0,0.0,14.65,14.08,-9.21,-9.25,14.62,0.31,0.32,14.76,192.2,0.875,0,0.00,0.00,0,393.0,437.9,0,0.0,6.50,1.01,1.558,265.0,152.6,147.2,4.08,1.00,5.44,201.9,776,0.00,3.10,0.000,0.00,0.000,-6.15,6.3,0,0.00,0
9.806,on,0.00,0.00,13.28,-5.47,14.36,0,0,0.0,14.65,14.08,-9.19,-9.24,14.62,0.31,0.32,14.76,192.2,0.875,0,0.00,0.00,0,382.4,437.9,0,0.0,6.50,1.01,1.558,265.0,152.6,147.2,4.08,0.98,5.45,201.9,776,0.00,3.08,0.000,0.00,0.000,-6.15,6.3,0,0.00,0
9.862,on,0.00,0.00,13.28,-5.47,14.35,0,0,0.0,14.65,13.92,-9.19,-9.20,14.62,0.31,0.32,14.76,192.2,0.875,0,0.00,0.00,0,413.9,437.9,0,0.0,6.50,1.00,1.555,265.0,152.6,147.2,4.07,0.96,5.46,201.9,773,0.00,3.06,0.000,0.00,0.000,-6.15,6.3,0,0.00,0
9.943,on,0.00,0.00,13.28,-5.47,14.35,0,0,0.0,14.65,14.16,-9.16,-9.19,14.62,0.31,0.32,14.76,192.2,0.875,0,0.00,0.00,0,403.4,437.9,0,0.0,6.50,1.00,1.555,265.0,152.6,147.2,4.07,0.96,5.48,201.9,773,0.00,3.05,0.000,0.00,0.000,-6.15,6.3,0,0.00,0
10.002,on,0.00,0.00,13.28,-5.47,14.35,0,0,0.0,14.65,14.08,-9.14,-9.18,14.62,0.31,0.32,14.76,192.2,0.875,0,0.00,0.00,0,384.4,437.9,0,0.0,6.50,1.00,1.555,265.0,152.6,147.2,4.07,0.94,5.51,201.9,772,0.00,3.04,0.000,0.00,0.000,-6.15,6.3,0,0.00,0
10.082,on,0.00,0.00,13.28,-5.47,14.34,0,0,0.0,14.65,14.00,-9.12,-9.16,14.62,0.31,0.32,14.76,192.2,0.875,0,0.00,0.00,0,406.6,437.9,0,0.0,6.50,1.00,1.555,265.0,152.6,147.2,4.06,0.94,5.53,201.9,771,0.00,3.00,0.000,0.00,0.000,-6.15,6.3,0,0.00,0
10.143,on,0.00,0.00,13.28,-5.47,14.37,0,0,0.0,14.65,14.08,-9.11,-9.13,14.62,0.31,0.32,14.76,192.2,0.875,0,0.00,0.00,0,396.9,437.9,0,0.0,7.00,1.00,1.549,265.0,152.6,147.2,4.06,0.96,5.54,201.9,773,0.00,2.98,0.000,0.00,0.000,-6.15,6.3,0,0.00,0
10.221,on,0.00,0.00,13.28,-5.47,14.37,0,0,0.0,14.65,14.00,-9.09,-9.11,14.62,0.31,0.32,14.76,192.2,0.875,0,0.00,0.00,0,397.0,437.9,0,0.0,7.00,0.99,1.549,265.0,152.6,147.2,4.04,1.02,5.55,201.9,769,0.00,2.98,0.000,0.00,0.000,-6.15,6.3,0,0.00,0
10.282,on,-0.78,0.00,13.28,-5.47,14.38,0,0,0.0,14.65,14.08,-9.08,-9.10,14.62,0.31,0.31,14.76,192.2,0.875,0,0.00,0.00,0,409.6,437.9,0,0.0,7.00,1.00,1.549,265.0,152.6,147.2,4.05,1.00,5.57,201.9,771,0.00,2.96,0.000,0.00,0.000,-6.15,6.3,0,0.00,0
10.353,on,-0.78,0.00,13.28,-5.47,14.37,0,0,0.0,14.65,14.16,-9.06,-9.10,14.62,0.31,0.32,14.76,192.2,0.875,0,0.00,0.00,0,401.1,437.9,0,0.0,7.00,0.99,1.542,265.0,152.6,147.2,4.05,1.02,5.59,201.9,770,0.00,2.95,0.000,0.00,0.000,-6.15,6.3,0,0.00,0
10.431,on,-0.78,0.00,13.28,-5.47,14.39,0,0,0.0,14.65,14.00,-9.04,-9.09,14.62,0.31,0.31,14.76,192.2,0.875,0,0.00,0.00,0,386.3,437.9,0,0.0,7.00,1.00,1.542,265.0,152.6,147.2,4.06,1.00,5.60,201.9,774,0.00,2.93,0.000,0.00,0.000,-6.15,6.3,0,0.00,0
10.493,on,-0.78,0.00,13.28,-5.47,14.40,0,0,0.0,14.65,14.16,-9.04,-9.07,14.62,0.31,0.32,14.76,192.2,0.875,0,0.00,0.00,0,387.8,437.9,0,0.0,6.50,0.97,1.517,265.0,152.6,147.2,4.05,0.98,5.61,201.9,771,0.00,2.92,0.000,0.00,0.000,-6.15,6.3,0,0.00,0
10.576,on,-0.78,0.00,14.06,-5.47,14.40,0,0,0.0,14.65,14.00,-9.04,-9.05,14.62,0.31,0.32,14.76,192.2,0.875,0,0.00,0.00,0,403.4,437.9,0,0.0,6.50,0.98,1.517,265.0,152.6,147.2,4.06,1.04,5.61,202.1,773,0.00,2.91,0.000,0.00,0.000,-6.15,6.3,0,0.00,0
10.636,on,-0.78,0.00,14.06,-5.47,14.44,0,0,0.0,14.65,14.08,-9.05,-9.07,14.62,0.31,0.31,14.76,192.2,0.875,0,0.00,0.00,0,386.4,437.9,0,0.0,6.50,1.00,1.546,265.0,152.6,147.2,4.07,1.04,5.60,202.1,776,0.00,2.92,0.000,0.00,0.000,-6.15,6.3,0,0.00,0
10.704,on,-0.78,0.00,14.06,-5.47,14.46,0,0,0.0,14.65,13.92,-9.06,-9.10,14.62,0.31,0.31,14.76,192.2,0.875,0,0.00,0.00,0,400.1,437.9,0,0.0,6.50,1.00,1.546,265.0,152.6,147.2,4.06,1.00,5.59,202.1,776,0.00,2.95,0.000,0.00,0.000,-6.15,6.3,0,0.00,0
10.774,on,-0.78,0.00,14.06,-5.47,14.48,0,0,0.0,14.65,14.00,-9.07,-9.10,14.62,0.31,0.31,14.76,192.2,0.875,0,0.00,0.00,0,386.3,437.9,0,0.0,6.50,1.00,1.542,265.0,150.8,147.2,4.07,1.00,5.57,202.1,778,0.00,2.94,0.000,0.00,0.000,-6.15,6.3,0,0.00,0
10.833,on,-0.78,0.00,14.06,-5.47,14.50,0,0,0.0,14.65,14.24,-9.08,-9.09,14.62,0.31,0.31,14.76,192.2,0.875,0,0.00,0.00,0,393.9,437.9,0,0.0,6.50,1.00,1.542,265.0,152.6,147.2,4.06,1.04,5.57,202.1,777,0.00,2.94,0.000,0.00,0.000,-6.15,6.3,0,0.00,0
10.912,on,-0.78,0.00,14.06,-5.47,14.52,0,0,0.0,14.65,14.08,-9.08,-9.11,14.62,0.31,0.31,14.76,192.2,0.875,0,0.00,0.00,0,407.6,437.9,0,0.0,6.50,1.00,1.542,265.0,152.6,147.2,4.07,0.96,5.57,201.9,780,0.00,2.97,0.000,0.00,0.000,-6.15,6.3,0,0.00,0
10.972,on,-0.78,0.00,14.06,-5.47,14.53,0,0,0.0,14.65,14.16,-9.09,-9.12,14.62,0.31,0.31,14.76,192.2,0.875,0,0.00,0.00,0,397.1,437.9,0,0.0,6.50,1.00,1.536,265.0,152.6,147.2,4.06,1.00,5.56,201.9,778,0.00,2.97,0.000,0.00,0.000,-6.15,6.3,0,0.00,0
11.050,on,0.00,0.00,14.06,-5.47,14.56,0,0,0.0,14.65,14.08,-9.10,-9.13,14.62,0.31,0.31,14.76,192.2,0.875,0,0.00,0.00,0,386.1,437.9,0,0.0,6.50,1.00,1.536,265.0,152.6,147.2,4.06,0.96,5.55,201.9,781,0.00,2.98,0.000,0.00,0.000,-6.15,6.3,0,0.00,0
11.113,on,0.00,0.00,14.06,-5.47,14.59,0,0,0.0,14.65,13.76,-9.11,-9.14,14.62,0.31,0.31,14.76,192.2,0.875,0,0.00,0.00,0,396.1,437.9,0,0.0,6.50,1.00,1.542,265.0,152.6,147.2,4.07,1.02,5.54,201.9,782,0.00,2.99,0.000,0.00,0.000,-6.15,6.3,0,0.00,0
11.195,on,0.00,0.00,14.06,-5.47,14.60,0,0,0.0,14.65,14.08,-9.12,-9.15,14.62,0.31,0.31,14.76,192.2,0.875,0,0.00,0.00,0,395.8,437.9,0,0.0,6.50,1.00,1.542,265.0,152.6,147.2,4.06,1.00,5.53,201.9,780,0.00,2.99,0.000,0.00,0.000,-6.15,6.3,0,0.00,0
11.254,on,0.00,0.00,14.06,-5.47,14.61,0,0,0.0,14.65,13.92,-9.14,-9.16,14.62,0.31,0.31,14.76,192.2,0.875,0,0.00,0.00,0,408.5,437.9,0,0.0,6.00,1.00,1.536,265.0,152.6,147.2,4.06,0.96,5.51,201.9,781,0.00,3.01,0.000,0.00,0.000,-6.15,6.3,0,0.00,0
11.321,on,0.00,0.00,14.06,-5.47,14.62,0,0,0.0,14.65,13.92,-9.16,-9.19,14.62,0.31,0.31,14.76,192.2,0.875,0,0.00,0.00,0,403.3,437.9,0,0.0,6.00,1.00,1.536,265.0,152.6,147.2,4.06,0.98,5.49,201.9,783,0.00,3.04,0.000,0.00,0.000,-6.15,6.3,0,0.00,0
11.390,on,0.00,0.00,14.06,-5.47,14.62,0,0,0.0,14.65,14.08,-9.17,-9.18,14.62,0.31,0.31,14.76,192.2,0.875,0,0.00,0.00,0,409.0,437.9,0,0.0,6.50,0.99,1.523,265.0,152.6,147.2,4.06,0.96,5.48,201.9,782,0.00,3.03,0.000,0.00,0.000,-6.15,6.3,0,0.00,0
11.451,on,0.00,0.00,14.06,-5.47,14.63,0,0,0.0,14.65,13.92,-9.18,-9.20,14.62,0.31,0.31,14.76,192.2,0.875,0,0.00,0.00,0,402.0,437.9,0,0.0,6.50,0.99,1.523,265.0,152.6,147.2,4.05,1.00,5.47,201.9,778,0.00,3.07,0.000,0.00,0.000,-6.15,6.3,0,0.00,0
11.526,on,0.00,0.00,14.06,-5.47,14.64,0,0,0.0,14.65,14.08,-9.19,-9.20,14.62,0.31,0.31,14.76,192.2,0.875,0,0.00,0.00,0,408.7,437.9,0,0.0,6.50,0.99,1.523,265.0,152.6,147.2,4.06,1.00,5.46,201.9,778,0.00,3.06,0.000,0.00,0.000,-6.15,6.3,0,0.00,0
11.583,on,0.00,0.00,14.06,-5.47,14.63,0,0,0.0,14.65,14.00,-9.17,-9.20,14.62,0.31,0.32,14.76,192.2,0.875,0,0.00,0.00,0,392.0,437.9,0,0.0,6.50,0.99,1.542,265.0,152.6,147.2,4.06,0.96,5.47,201.9,773,0.00,3.05,0.000,0.00,0.000,-6.15,6.3,0,0.00,0
11.666,on,0.00,0.00,14.06,-5.47,14.64,0,0,0.0,14.65,13.92,-9.16,-9.19,14.62,0.31,0.32,14.76,192.2,0.875,0,0.00,0.00,0,381.5,437.9,0,0.0,6.50,0.99,1.542,265.0,152.6,147.2,4.07,0.98,5.49,201.9,773,0.00,3.04,0.000,0.00,0.000,-6.15,6.3,0,0.00,0
11.723,on,0.00,0.00,14.06,-5.47,14.64,0,0,0.0,14.65,13.84,-9.14,-9.17,14.62,0.31,0.32,14.76,192.2,0.875,0,0.00,0.00,0,403.6,437.9,0,0.0,6.50,1.00,1.558,265.0,152.6,147.2,4.07,0.96,5.51,201.9,772,0.00,3.02,0.000,0.00,0.000,-6.15,6.3,0,0.00,0
11.802,on,0.00,0.00,14.06,-5.47,14.65,0,0,0.0,14.65,13.84,-9.13,-9.15,14.62,0.31,0.32,14.76,192.2,0.875,0,0.00,0.00,0,403.7,437.9,0,0.0,6.50,1.00,1.558,265.0,152.6,147.2,4.07,0.94,5.52,201.9,772,0.00,3.00,0.000,0.00,0.000,-6.15,6.3,0,0.00,0
11.863,on,0.00,0.00,14.06,-5.47,14.64,0,0,0.0,14.65,13.84,-9.11,-9.13,14.62,0.31,0.32,14.76,192.2,0.875,0,0.00,0.00,0,383.6,437.9,0,0.0,6.50,1.00,1.558,265.0,152.6,147.2,4.07,1.00,5.54,202.1,771,0.00,3.00,0.000,0.00,0.000,-6.15,6.3,0,0.00,0
11.946,on,0.00,0.00,14.06,-5.47,14.66,0,0,0.0,14.65,14.00,-9.09,-9.13,14.62,0.31,0.32,14.76,192.2,0.875,0,0.00,0.00,0,402.6,437.9,0,0.0,7.00,1.00,1.558,265.0,152.6,147.2,4.07,1.04,5.56,202.1,772,0.00,2.98,0.000,0.00,0.000,-6.15,6.3,0,0.00,0
12.003,on,0.00,0.00,14.06,-5.47,14.64,0,0,0.0,14.65,13.84,-9.06,-9.10,14.62,0.31,0.32,14.76,192.2,0.875,0,0.00,0.00,0,386.6,437.9,0,0.0,6.50,1.01,1.558,265.0,152.6,147.2,4.08,1.02,5.59,202.1,775,0.00,2.94,0.000,0.00,0.000,-6.15,6.3,0,0.00,0
12.083,on,0.00,0.00,14.06,-5.47,14.64,0,0,0.0,14.65,13.92,-9.06,-9.09,14.62,0.31,0.32,14.76,192.2,0.875,0,0.00,0.00,0,370.9,437.9,0,0.0,6.50,1.00,1.558,265.0,152.6,147.2,4.08,0.98,5.59,202.1,772,0.00,2.94,0.000,0.00,0.000,-6.15,6.3,0,0.00,0
12.143,on,0.00,0.00,14.06,-5.47,14.63,0,0,0.0,14.65,13.84,-9.06,-9.09,14.62,0.31,0.32,14.76,192.2,0.875,0,0.00,0.00,0,408.7,437.9,0,0.0,6.50,1.01,1.558,265.0,152.6,147.2,4.08,1.00,5.59,202.1,776,0.00,2.95,0.000,0.00,0.000,-6.15,6.3,0,0.00,0
12.222,on,0.00,0.00,14.06,-5.47,14.64,0,0,0.0,14.65,13.76,-9.07,-9.09,14.62,0.31,0.31,14.76,192.2,0.875,0,0.00,0.00,0,388.3,437.9,0,0.0,6.50,1.01,1.558,265.0,152.6,147.2,4.08,1.00,5.58,202.1,778,0.00,2.95,0.000,0.00,0.000,-6.15,6.3,0,0.00,0
12.283,on,0.00,0.00,14.06,-5.47,14.60,0,0,0.0,14.65,13.92,-9.09,-9.12,14.62,0.31,0.31,14.76,192.2,0.875,0,0.00,0.00,0,401.5,437.9,0,0.0,6.50,1.02,1.558,265.0,152.6,147.2,4.09,1.00,5.56,202.1,783,0.00,2.96,0.000,0.00,0.000,-6.15,6.3,0,0.00,0
12.360,on,0.00,0.00,14.06,-5.47,14.61,0,0,0.0,14.65,13.76,-9.11,-9.14,14.62,0.31,0.31,14.76,192.2,0.875,0,0.00,0.00,0,389.8,437.9,0,0.0,6.00,1.01,1.546,265.0,152.6,147.2,4.08,0.98,5.54,202.1,782,0.00,3.00,0.000,0.00,0.000,-6.15,5.9,0,0.00,0
12.423,on,0.00,0.00,14.06,-5.47,14.61,0,0,0.0,14.65,13.84,-9.15,-9.16,14.62,0.31,0.31,14.76,192.2,0.875,0,0.00,0.00,0,379.5,437.9,0,0.0,6.00,1.01,1.546,265.0,152.6,147.2,4.08,1.00,5.50,202.1,784,0.00,3.00,0.000,0.00,0.000,-6.15,5.9,0,0.00,0
12.506,on,0.00,0.00,14.06,-5.47,14.63,0,0,0.0,14.65,13.76,-9.17,-9.18,14.62,0.31,0.31,14.76,192.2,0.875,0,0.00,0.00,0,402.5,437.9,0,0.0,6.00,1.01,1.542,265.0,152.6,147.2,4.07,0.98,5.48,201.9,782,0.00,3.02,0.000,0.00,0.000,-6.15,6.3,0,0.00,0
12.563,on,0.00,0.00,14.06,-5.47,14.62,0,0,0.0,14.65,13.76,-9.18,-9.20,14.62,0.31,0.31,14.76,192.2,0.875,0,0.00,0.00,0,407.9,437.9,0,0.0,6.50,1.00,1.542,265.0,152.6,147.2,4.07,0.98,5.47,201.9,782,0.00,3.06,0.000,0.00,0.000,-6.15,6.3,0,0.00,0
12.640,on,0.00,0.00,14.06,-5.47,14.63,0,0,0.0,14.65,13.92,-9.19,-9.22,14.62,0.31,0.31,14.76,192.2,0.875,0,0.00,0.00,0,395.5,437.9,0,0.0,6.50,0.99,1.517,265.0,152.6,147.2,4.06,0.98,5.45,201.9,779,0.00,3.07,0.000,0.00,0.000,-6.15,6.3,0,0.00,0
12.717,on,0.00,0.00,14.06,-5.47,14.64,0,0,0.0,14.65,13.68,-9.21,-9.23,14.62,0.31,0.31,14.76,192.2,0.875,0,0.00,0.00,0,402.3,437.9,0,0.0,6.50,0.98,1.517,265.0,152.6,147.2,4.06,1.00,5.44,201.9,778,0.00,3.08,0.000,0.00,0.000,-6.15,6.3,0,0.00,0
12.766,on,0.00,0.00,14.06,-5.47,14.63,0,0,0.0,14.65,13.84,-9.20,-9.22,14.62,0.31,0.31,14.76,192.2,0.875,0,0.00,0.00,0,392.0,437.9,0,0.0,6.50,1.00,1.546,265.0,152.6,147.2,4.07,1.00,5.45,201.9,779,0.00,3.07,0.000,0.00,0.000,-6.15,6.3,0,0.00,0
12.833,on,0.00,0.00,14.06,-5.47,14.64,0,0,0.0,14.65,13.68,-9.18,-9.22,14.62,0.31,0.32,14.76,192.2,0.875,0,0.00,0.00,0,393.6,437.9,0,0.0,6.50,1.00,1.546,265.0,152.6,147.2,4.07,0.98,5.47,201.9,775,0.00,3.08,0.000,0.00,0.000,-6.15,6.3,0,0.00,0
12.883,on,0.00,0.00,14.06,-5.47,14.61,0,0,0.0,14.65,13.68,-9.17,-9.21,14.62,0.31,0.32,14.76,192.2,0.875,0,0.00,0.00,0,386.1,437.9,0,0.0,6.50,0.99,1.546,265.0,152.6,147.2,4.07,0.98,5.48,201.9,772,0.00,3.05,0.000,0.00,0.000,-6.15,6.3,0,0.00,0
12.960,on,0.00,0.00,14.06,-5.47,14.62,0,0,0.0,14.65,13.76,-9.16,-9.17,14.62,0.31,0.32,14.76,192.2,0.875,0,0.00,0.00,0,410.2,437.9,0,0.0,6.50,1.00,1.552,265.0,152.6,147.2,4.07,1.02,5.49,201.9,770,0.00,3.03,0.000,0.00,0.000,-6.15,6.3,0,0.00,0
13.029,on,0.00,0.00,14.06,-5.47,14.63,0,0,0.0,14.65,13.84,-9.14,-9.16,14.62,0.31,0.32,14.76,192.2,0.875,0,0.00,0.00,0,407.3,437.9,0,0.0,6.50,1.00,1.552,265.0,152.6,147.2,4.08,1.00,5.51,201.9,772,0.00,3.03,0.000,0.00,0.000,-6.15,6.3,0,0.00,0
13.085,on,0.00,0.00,14.06,-5.47,14.61,0,0,0.0,14.65,13.76,-9.12,-9.15,14.62,0.31,0.32,14.76,192.2,0.875,0,0.00,0.00,0,382.7,437.9,0,0.0,6.50,0.99,1.546,265.0,152.6,147.2,4.08,1.04,5.53,201.9,771,0.00,2.99,0.000,0.00,0.000,-6.15,6.3,0,0.00,0
13.151,on,0.00,0.00,14.06,-5.47,14.63,0,0,0.0,14.65,13.84,-9.10,-9.13,14.62,0.31,0.32,14.76,192.2,0.875,0,0.00,0.00,0,395.1,437.9,0,0.0,7.00,0.99,1.546,265.0,152.6,147.2,4.09,1.02,5.55,201.9,772,0.00,3.00,0.000,0.00,0.000,-6.15,6.3,0,0.00,0
13.213,on,0.00,0.00,14.06,-5.47,14.61,0,0,0.0,14.65,13.76,-9.10,-9.13,14.62,0.31,0.32,14.76,192.2,0.875,0,0.00,0.00,0,385.3,437.9,0,0.0,7.00,1.00,1.546,265.0,152.6,147.2,4.10,1.02,5.55,201.9,775,0.00,2.98,0.000,0.00,0.000,-6.15,6.3,0,0.00,0
13.263,on,0.00,0.00,14.06,-5.47,14.61,0,0,0.0,14.65,13.68,-9.09,-9.10,14.62,0.31,0.32,14.76,192.2,0.875,0,0.00,0.00,0,408.6,437.9,0,0.0,6.50,1.01,1.565,265.0,152.6,147.2,4.10,1.02,5.56,201.9,772,0.00,2.96,0.000,0.00,0.000,-6.15,6.3,0,0.00,0
13.342,on,0.00,0.00,14.06,-5.47,14.61,0,0,0.0,14.65,13.76,-9.08,-9.10,14.62,0.31,0.32,14.76,192.2,0.875,0,0.00,0.00,0,399.3,437.9,0,0.0,6.50,1.01,1.565,265.0,152.6,147.2,4.12,1.04,5.57,201.9,774,0.00,2.95,0.000,0.00,0.000,-6.15,6.3,0,0.00,0
13.403,on,0.00,0.00,14.06,-5.47,14.60,0,0,0.0,14.65,13.68,-9.07,-9.11,14.62,0.31,0.32,14.76,192.2,0.875,0,0.00,0.00,0,385.2,437.9,0,0.0,6.50,1.02,1.571,265.0,152.6,147.2,4.13,1.00,5.58,201.9,778,0.00,2.96,0.000,0.00,0.000,-6.15,6.3,0,0.00,0
13.481,on,0.00,0.00,14.06,-5.47,14.59,0,0,0.0,14.65,13.76,-9.09,-9.12,14.62,0.31,0.32,14.76,192.2,0.875,0,0.00,0.00,0,403.4,437.9,0,0.0,6.50,1.02,1.571,265.0,152.6,147.2,4.12,0.98,5.56,201.9,779,0.00,2.97,0.000,0.00,0.000,-6.15,6.3,0,0.00,0
13.543,on,0.00,0.00,14.06,-5.47,14.60,0,0,0.0,14.65,13.76,-9.10,-9.12,14.62,0.31,0.32,14.76,192.2,0.875,0,0.00,0.00,0,388.6,437.9,0,0.0,6.50,1.00,1.546,265.0,152.6,147.2,4.13,0.96,5.55,201.9,779,0.00,2.96,0.000,0.00,0.000,-6.15,6.3,0,0.00,0
13.626,on,0.00,0.00,14.06,-5.47,14.61,0,0,0.0,14.65,13.76,-9.12,-9.13,14.62,0.31,0.32,14.76,192.2,0.875,0,0.00,0.00,0,381.4,437.9,0,0.0,6.50,1.00,1.546,265.0,152.6,147.2,4.12,0.96,5.53,201.9,779,0.00,2.97,0.000,0.00,0.000,-6.15,6.3,0,0.00,0
13.683,on,0.00,0.00,14.06,-5.47,14.58,0,0,0.0,14.65,13.76,-9.12,-9.14,14.62,0.31,0.32,14.76,192.2,0.875,0,0.00,0.00,0,408.7,437.9,0,0.0,6.50,1.01,1.546,265.0,152.6,147.2,4.12,1.00,5.52,201.9,782,0.00,3.00,0.000,0.00,0.000,-6.15,6.3,0,0.00,0
13.762,on,0.00,0.00,14.06,-5.47,14.60,0,0,0.0,14.65,13.84,-9.14,-9.17,14.62,0.31,0.32,14.76,192.2,0.875,0,0.00,0.00,0,392.8,437.9,0,0.0,6.50,1.01,1.558,265.0,152.6,147.2,4.11,0.98,5.51,201.9,780,0.00,3.02,0.000,0.00,0.000,-6.15,6.3,0,0.00,0
13.823,on,0.00,0.00,14.06,-5.47,14.59,0,0,0.0,14.65,13.68,-9.17,-9.19,14.62,0.31,0.32,14.76,192.2,0.875,0,0.00,0.00,0,402.5,437.9,0,0.0,6.50,1.02,1.558,265.0,152.6,147.2,4.11,1.00,5.48,201.9,782,0.00,3.03,0.000,0.00,0.000,-6.15,6.3,0,0.00,0
13.906,on,0.00,0.00,14.06,-5.47,14.60,0,0,0.0,14.65,13.84,-9.17,-9.19,14.62,0.31,0.32,14.76,192.2,0.875,0,0.00,0.00,0,395.6,437.9,0,0.0,6.50,1.01,1.552,265.0,152.6,147.2,4.10,0.98,5.48,201.9,779,0.00,3.04,0.000,0.00,0.000,-6.15,6.3,0,0.00,0
13.963,on,0.00,0.00,14.06,-5.47,14.60,0,0,0.0,14.65,13.68,-9.17,-9.19,14.62,0.31,0.32,14.76,192.2,0.875,0,0.00,0.00,0,386.6,437.9,0,0.0,6.50,1.01,1.552,265.0,152.6,147.2,4.09,1.00,5.48,201.9,778,0.00,3.04,0.000,0.00,0.000,-6.15,6.3,0,0.00,0
14.042,on,0.00,0.00,14.06,-5.47,14.60,0,0,0.0,14.65,13.68,-9.17,-9.19,14.62,0.31,0.32,14.76,192.2,0.875,0,0.00,0.00,0,409.4,437.9,0,0.0,6.50,1.01,1.558,265.0,152.6,147.2,4.09,1.00,5.47,201.9,775,0.00,3.04,0.000,0.00,0.000,-6.15,6.3,0,0.00,0
14.103,on,0.00,0.00,14.06,-5.47,14.60,0,0,0.0,14.65,13.84,-9.17,-9.19,14.62,0.31,0.32,14.76,192.2,0.875,0,0.00,0.00,0,403.4,437.9,0,0.0,6.50,1.01,1.558,265.0,152.6,147.2,4.11,1.00,5.48,202.2,776,0.00,3.05,0.000,0.00,0.000,-6.15,6.3,0,0.00,0
14.182,on,0.00,0.00,14.06,-5.47,14.59,0,0,0.0,14.65,13.68,-9.16,-9.19,14.62,0.31,0.32,14.76,192.2,0.875,0,0.00,0.00,0,391.1,437.9,0,0.0,6.50,1.00,1.546,265.0,152.6,147.2,4.11,1.00,5.48,202.2,774,0.00,3.04,0.000,0.00,0.000,-6.15,6.3,0,0.00,0
14.243,on,-0.78,0.00,14.06,-5.47,14.59,0,0,0.0,14.65,13.84,-9.14,-9.18,14.62,0.31,0.32,14.76,192.2,0.875,0,0.00,0.00,0,411.7,437.9,0,0.0,6.50,1.00,1.546,265.0,152.6,147.2,4.12,1.02,5.51,202.2,773,0.00,3.02,0.000,0.00,0.000,-6.15,6.3,0,0.00,0
14.323,on,-0.78,0.00,14.06,-5.47,14.59,0,0,0.0,14.65,13.68,-9.12,-9.16,14.62,0.31,0.32,14.76,192.2,0.875,0,0.00,0.00,0,395.1,437.9,0,0.0,6.50,1.00,1.552,265.0,152.6,147.2,4.14,1.04,5.53,202.2,772,0.00,3.01,0.000,0.00,0.000,-6.15,6.3,0,0.00,0
14.383,on,-0.78,0.00,14.06,-5.47,14.57,0,0,0.0,14.65,13.68,-9.11,-9.13,14.62,0.31,0.32,14.76,192.2,0.875,0,0.00,0.00,0,388.9,437.9,0,0.0,6.50,1.00,1.552,265.0,152.6,147.2,4.14,1.04,5.54,201.9,773,0.00,2.99,0.000,0.00,0.000,-6.15,6.3,0,0.00,0
14.466,on,-0.78,0.00,14.06,-5.47,14.55,0,0,0.0,14.65,13.68,-9.10,-9.12,14.62,0.31,0.32,14.76,192.2,0.875,0,0.00,0.00,0,405.7,437.9,0,0.0,6.50,1.00,1.552,265.0,152.6,147.2,4.16,1.00,5.55,201.9,776,0.00,2.97,0.000,0.00,0.000,-6.15,6.3,0,0.00,0
14.523,on,-0.78,0.00,14.06,-5.47,14.57,0,0,0.0,14.65,13.68,-9.09,-9.12,14.62,0.31,0.32,14.76,192.2,0.875,0,0.00,0.00,0,389.8,437.9,0,0.0,6.50,1.01,1.558,265.0,152.6,147.2,4.17,1.02,5.56,201.9,777,0.00,2.97,0.000,0.00,0.000,-6.15,6.3,0,0.00,0
14.601,on,-0.78,0.00,14.06,-5.47,14.54,0,0,0.0,14.65,13.84,-9.08,-9.12,14.62,0.31,0.32,14.76,192.2,0.875,0,0.00,0.00,0,379.2,437.9,0,0.0,6.50,1.01,1.558,265.0,152.6,147.2,4.19,1.02,5.57,201.9,780,0.00,2.97,0.000,0.00,0.000,-6.15,6.3,0,0.00,0
14.663,on,-0.78,0.00,14.06,-5.47,14.54,0,0,0.0,14.65,13.68,-9.09,-9.12,14.62,0.31,0.32,14.76,192.2,0.875,0,0.00,0.00,0,389.6,437.9,0,0.0,6.50,1.01,1.565,265.0,152.6,147.2,4.18,0.98,5.56,201.9,778,0.00,2.96,0.000,0.00,0.000,-6.15,6.3,0,0.00,0
14.746,on,-0.78,0.00,14.06,-5.47,14.55,0,0,0.0,14.65,13.68,-9.12,-9.12,14.62,0.31,0.32,14.76,192.2,0.875,0,0.00,0.00,0,384.3,437.9,0,0.0,6.50,1.02,1.565,265.0,152.6,147.2,4.18,1.00,5.53,201.9,780,0.00,2.97,0.000,0.00,0.000,-6.15,6.3,0,0.00,0
14.803,on,-0.78,0.00,14.06,-5.47,14.55,0,0,0.0,14.65,13.76,-9.12,-9.13,14.62,0.31,0.32,14.76,192.2,0.875,0,0.00,0.00,0,413.6,437.9,0,0.0,6.50,1.02,1.578,265.0,152.6,147.2,4.17,1.02,5.53,201.9,777,0.00,3.00,0.000,0.00,0.000,-6.15,6.3,0,0.00,0
14.882,on,-0.78,0.00,14.06,-5.47,14.54,0,0,0.0,14.65,13.68,-9.12,-9.15,14.62,0.31,0.32,14.76,192.2,0.875,0,0.00,0.00,0,404.6,437.9,0,0.0,6.50,1.02,1.578,265.0,152.6,147.2,4.17,1.00,5.53,201.9,777,0.00,3.00,0.000,0.00,0.000,-6.15,6.3,0,0.00,0
14.943,on,-0.78,0.00,14.06,-5.47,14.54,0,0,0.0,14.65,13.84,-9.14,-9.16,14.62,0.31,0.32,14.76,192.2,0.875,0,0.00,0.00,0,384.8,437.9,0,0.0,6.50,1.02,1.578,265.0,152.6,147.2,4.17,1.02,5.51,201.9,776,0.00,3.01,0.000,0.00,0.000,-6.15,6.3,0,0.00,0
15.022,on,-0.78,0.00,14.06,-5.47,14.55,0,0,0.0,14.65,13.68,-9.14,-9.17,14.62,0.31,0.32,14.76,192.2,0.875,0,0.00,0.00,0,407.4,437.9,0,0.0,6.50,1.02,1.578,265.0,152.6,147.2,4.18,1.02,5.51,201.9,777,0.00,3.01,0.000,0.00,0.000,-6.15,6.3,0,0.00,0
15.083,on,-0.78,0.00,14.06,-5.47,14.53,0,0,0.0,14.65,13.44,-9.14,-9.17,14.62,0.31,0.32,14.76,192.2,0.875,0,0.00,0.00,0,390.0,437.9,0,0.0,6.50,1.03,1.584,265.0,152.6,147.2,4.18,0.98,5.51,201.9,777,0.00,3.01,0.000,0.00,0.000,-6.15,6.3,0,0.00,0
15.161,on,-0.78,0.00,14.06,-5.47,14.53,0,0,0.0,14.65,13.84,-9.14,-9.16,14.62,0.31,0.32,14.76,192.2,0.875,0,0.00,0.00,0,393.1,437.9,0,0.0,6.50,1.03,1.584,265.0,152.6,147.2,4.18,0.98,5.50,201.9,777,0.00,3.01,0.000,0.00,0.000,-6.15,6.3,0,0.00,0
15.223,on,-0.78,0.00,14.06,-5.47,14.55,0,0,0.0,14.65,13.68,-9.13,-9.14,14.62,0.31,0.32,14.76,192.2,0.875,0,0.00,0.00,0,409.9,437.9,0,0.0,6.50,1.03,1.584,265.0,152.6,147.2,4.19,1.00,5.52,201.9,779,0.00,3.02,0.000,0.00,0.000,-6.15,6.3,0,0.00,0
15.306,on,-0.78,0.00,14.06,-5.47,14.52,0,0,0.0,14.65,13.76,-9.12,-9.14,14.62,0.31,0.32,14.76,192.2,0.875,0,0.00,0.00,0,390.1,437.9,0,0.0,6.50,1.02,1.578,265.0,152.6,147.2,4.18,1.00,5.53,201.9,779,0.00,3.00,0.000,0.00,0.000,-6.15,6.3,0,0.00,0
15.363,on,-0.78,0.00,14.06,-5.47,14.52,0,-1,0.0,14.65,13.60,-9.12,-9.15,14.62,0.31,0.32,14.76,192.2,0.875,0,0.00,0.00,0,383.6,437.9,0,0.0,6.50,1.03,1.578,265.0,152.6,147.2,4.18,1.00,5.53,201.9,780,0.00,2.99,0.000,0.00,0.000,-6.15,6.3,0,0.00,0
15.442,on,-0.78,0.00,14.06,-5.47,14.51,0,-1,0.0,14.65,13.68,-9.12,-9.15,14.62,0.31,0.32,14.76,192.2,0.875,0,0.00,0.00,0,391.3,437.9,0,0.0,6.50,1.02,1.571,265.0,152.6,147.2,4.17,1.00,5.53,201.9,778,0.00,2.99,0.000,0.00,0.000,-6.15,6.3,0,0.00,0
15.503,on,-0.78,0.00,14.06,-5.47,14.52,0,-1,0.0,14.65,13.76,-9.10,-9.12,14.62,0.31,0.32,14.76,192.2,0.875,0,0.00,0.00,0,382.5,437.9,0,0.0,6.50,1.02,1.571,265.0,152.6,147.2,4.17,1.00,5.55,201.9,779,0.00,2.97,0.000,0.00,0.000,-6.15,6.3,0,0.00,0
15.586,on,-1.56,0.00,14.06,-5.47,14.48,0,-1,0.0,14.65,13.68,-9.08,-9.10,14.62,0.31,0.32,14.76,192.2,0.875,0,0.00,0.00,0,416.4,437.9,0,0.0,6.50,1.00,1.546,265.0,152.6,147.2,4.16,1.00,5.57,201.9,779,0.00,2.96,0.000,0.00,0.000,-6.15,6.3,0,0.00,0
15.645,on,-1.56,0.00,14.06,-5.47,14.46,0,-1,0.0,14.65,13.84,-9.07,-9.09,14.62,0.31,0.32,14.76,192.2,0.875,0,0.00,0.00,0,407.6,437.9,0,0.0,6.50,1.00,1.546,265.0,152.6,147.2,4.16,0.96,5.58,201.9,780,0.00,2.96,0.000,0.00,0.000,-6.15,5.9,0,0.00,0
15.703,on,-1.56,0.00,14.06,-5.47,14.46,0,-1,0.0,14.65,13.76,-9.06,-9.10,14.62,0.31,0.32,14.76,192.2,0.875,0,0.00,0.00,0,387.8,437.9,0,0.0,6.50,1.00,1.539,265.0,152.6,147.2,4.16,1.00,5.59,201.9,781,0.00,2.93,0.000,0.00,0.000,-6.15,5.9,0,0.00,0
15.781,on,-1.56,0.00,14.06,-5.47,14.45,0,-1,0.0,14.65,13.68,-9.06,-9.08,14.62,0.31,0.32,14.76,192.2,0.875,0,0.00,0.00,0,374.3,437.9,0,0.0,6.50,1.00,1.539,265.0,152.6,147.2,4.16,1.02,5.59,201.9,781,0.00,2.92,0.000,0.00,0.000,-6.15,5.9,0,0.00,0
15.833,on,-1.56,0.00,14.06,-5.47,14.44,0,-1,0.0,14.65,13.76,-9.06,-9.08,14.62,0.31,0.32,14.76,192.2,0.875,0,0.00,0.00,0,408.9,437.9,0,0.0,6.50,1.00,1.539,265.0,152.6,147.2,4.16,0.98,5.59,201.9,783,0.00,2.94,0.000,0.00,0.000,-6.15,5.9,0,0.00,0
15.913,on,-1.56,0.00,14.06,-5.47,14.44,0,-1,0.0,14.65,13.76,-9.06,-9.10,14.62,0.31,0.32,14.76,192.2,0.875,0,0.00,0.00,0,389.8,437.9,0,0.0,6.00,1.01,1.552,265.0,152.6,147.2,4.14,0.92,5.59,201.9,782,0.00,2.94,0.000,0.00,0.000,-6.15,5.9,0,0.00,0
15.973,on,-1.56,0.00,14.06,-5.47,14.43,0,-1,0.0,14.65,13.68,-9.08,-9.11,14.62,0.31,0.32,14.76,192.2,0.875,0,0.00,0.00,0,390.2,437.9,0,0.0,6.00,1.01,1.552,265.0,152.6,147.2,4.13,0.94,5.57,201.9,785,0.00,2.95,0.000,0.00,0.000,-6.15,5.9,0,0.00,0
16.052,on,-1.56,0.00,14.06,-5.47,14.45,0,-1,0.0,14.65,13.84,-9.10,-9.12,14.62,0.31,0.31,14.76,192.2,0.875,0,0.00,0.00,0,392.2,437.9,0,0.0,6.00,0.99,1.517,265.0,152.6,147.2,4.11,1.02,5.55,201.9,783,0.00,2.96,0.000,0.00,0.000,-6.15,5.9,0,0.00,0
16.113,on,-1.56,0.00,14.06,-5.47,14.46,0,-1,0.0,14.65,13.44,-9.12,-9.14,14.62,0.31,0.31,14.76,192.2,0.875,0,0.00,0.00,0,396.9,437.9,0,0.0,6.00,0.99,1.517,265.0,152.6,147.2,4.10,1.00,5.53,201.9,784,0.00,2.98,0.000,0.00,0.000,-6.15,5.9,0,0.00,0
16.193,on,-1.56,0.00,14.06,-5.47,14.46,0,-1,0.0,14.65,13.68,-9.13,-9.15,14.62,0.31,0.31,14.76,192.2,0.875,0,0.00,0.00,0,403.9,437.9,0,0.0,6.00,0.98,1.504,265.0,152.6,147.2,4.07,1.00,5.52,201.9,779,0.00,3.01,0.000,0.00,0.000,-6.15,5.9,0,0.00,0
16.254,on,-1.56,0.00,14.06,-5.47,14.46,0,-1,0.0,14.65,13.76,-9.16,-9.17,14.62,0.31,0.31,14.76,192.2,0.875,0,0.00,0.00,0,403.4,437.9,0,0.0,6.50,0.97,1.504,265.0,152.6,147.2,4.07,1.02,5.49,201.9,778,0.00,3.03,0.000,0.00,0.000,-6.15,6.3,0,0.00,0
16.322,on,-1.56,0.00,14.06,-5.47,14.50,0,-1,0.0,14.65,13.68,-9.15,-9.19,14.62,0.31,0.32,14.76,192.2,0.875,0,0.00,0.00,0,384.5,437.9,0,0.0,6.50,0.99,1.523,265.0,152.6,147.2,4.08,1.00,5.50,201.9,776,0.00,3.02,0.000,0.00,0.000,-6.15,6.3,0,0.00,0
16.396,on,-1.56,0.00,14.06,-5.47,14.49,0,-1,0.0,14.65,13.76,-9.15,-9.19,14.62,0.31,0.32,14.76,192.2,0.875,0,0.00,0.00,0,403.8,437.9,0,0.0,6.50,0.98,1.523,265.0,152.6,147.2,4.09,0.98,5.50,201.9,776,0.00,3.03,0.000,0.00,0.000,-6.15,6.3,0,0.00,0
16.455,on,-1.56,0.00,14.06,-5.47,14.49,0,-1,0.0,14.65,13.68,-9.15,-9.16,14.62,0.31,0.32,14.76,192.2,0.875,0,0.00,0.00,0,412.9,437.9,0,0.0,6.50,0.99,1.523,265.0,152.6,147.2,4.09,0.96,5.50,201.9,776,0.00,3.02,0.000,0.00,0.000,-6.15,6.3,0,0.00,0
16.524,on,-1.56,0.00,14.06,-5.47,14.50,0,-1,0.0,14.65,13.60,-9.14,-9.17,14.62,0.31,0.32,14.76,192.2,0.875,0,0.00,0.00,0,390.1,437.9,0,0.0,6.50,0.98,1.530,265.0,152.6,147.2,4.09,1.00,5.50,201.9,772,0.00,3.02,0.000,0.00,0.000,-6.15,6.3,0,0.00,0
16.575,on,-1.56,0.00,14.06,-5.47,14.53,0,-1,0.0,14.65,13.76,-9.14,-9.14,14.62,0.31,0.32,14.76,192.2,0.875,0,0.00,0.00,0,403.4,437.9,0,0.0,7.00,0.98,1.530,265.0,152.6,147.2,4.09,1.02,5.51,201.9,767,0.00,3.00,0.000,0.00,0.000,-6.15,6.3,0,0.00,0
16.643,on,-1.56,0.00,14.06,-5.47,14.53,0,-1,0.0,14.65,13.68,-9.10,-9.13,14.62,0.31,0.32,14.76,192.2,0.875,0,0.00,0.00,0,388.3,437.9,0,0.0,7.00,0.99,1.552,265.0,152.6,147.2,4.11,1.04,5.55,201.9,767,0.00,2.99,0.000,0.00,0.000,-6.15,6.3,0,0.00,0
16.714,on,-1.56,0.00,14.06,-5.47,14.54,0,-1,0.0,14.65,13.68,-9.08,-9.11,14.62,0.31,0.32,14.76,192.2,0.875,0,0.00,0.00,0,404.9,437.9,0,0.0,7.00,0.99,1.552,265.0,152.6,147.2,4.12,1.04,5.57,201.9,766,0.00,2.95,0.000,0.00,0.000,-6.15,6.3,0,0.00,0
16.773,on,-1.56,0.00,14.06,-5.47,14.55,0,-1,0.0,14.65,13.84,-9.04,-9.07,14.62,0.32,0.32,14.76,192.2,0.875,0,0.00,0.00,0,393.5,437.9,0,0.0,7.50,0.99,1.552,265.0,152.6,147.2,4.15,1.04,5.60,201.9,766,0.00,2.92,0.000,0.00,0.000,-6.15,6.3,0,0.00,0
16.843,on,-1.56,0.00,14.06,-5.47,14.54,0,-1,0.0,14.65,13.68,-9.03,-9.06,14.62,0.32,0.33,14.76,192.2,0.875,0,0.00,0.00,0,391.7,437.9,0,0.0,7.50,0.99,1.552,265.0,152.6,147.2,4.15,1.04,5.62,201.9,762,0.00,2.92,0.000,0.00,0.000,-6.15,6.3,0,0.00,0
16.893,on,-1.56,0.00,14.06,-5.47,14.57,0,-1,0.0,14.65,13.68,-9.00,-9.04,14.62,0.32,0.33,14.76,192.2,0.875,0,0.00,0.00,0,382.1,437.9,0,0.0,7.50,0.99,1.552,265.0,152.6,149.0,4.16,1.00,5.65,201.9,762,0.00,2.88,0.000,0.00,0.000,-6.15,6.3,0,0.00,0
16.973,on,-1.56,0.00,14.06,-5.47,14.55,0,-1,0.0,14.65,13.60,-8.99,-9.00,14.62,0.32,0.33,14.76,192.2,0.875,0,0.00,0.00,0,412.8,437.9,0,0.0,7.50,1.01,1.587,265.0,152.6,147.2,4.20,1.02,5.66,201.9,764,0.00,2.88,0.000,0.00,0.000,-6.15,6.3,0,0.00,0
17.033,on,-1.56,0.00,14.06,-5.47,14.56,0,-1,0.0,14.65,13.68,-8.99,-9.00,14.62,0.32,0.33,14.76,192.2,0.875,0,0.00,0.00,0,404.6,437.9,0,0.0,7.00,1.02,1.587,265.0,152.6,147.2,4.23,1.02,5.66,201.9,769,0.00,2.87,0.000,0.00,0.000,-6.15,6.3,0,0.00,0
17.111,on,-1.56,0.00,14.06,-5.47,14.57,0,-1,0.0,14.65,13.76,-8.97,-9.02,14.62,0.32,0.33,14.76,192.2,0.875,0,0.00,0.00,0,384.5,437.9,0,0.0,7.00,1.03,1.600,265.0,152.6,149.0,4.23,1.02,5.67,201.9,774,0.00,2.85,0.000,0.00,0.000,-6.15,6.3,0,0.00,0
17.173,on,-1.56,0.00,14.06,-5.47,14.58,0,-1,0.0,14.65,13.60,-9.00,-9.03,14.62,0.32,0.33,14.76,192.2,0.875,0,0.00,0.00,0,406.5,437.9,0,0.0,6.50,1.04,1.600,265.0,152.6,149.0,4.24,1.00,5.65,201.9,777,0.00,2.87,0.000,0.00,0.000,-6.15,6.3,0,0.00,0
17.253,on,-1.56,0.00,14.06,-5.47,14.58,0,-1,0.0,14.65,13.76,-9.02,-9.04,14.62,0.32,0.33,14.76,192.2,0.875,0,0.00,0.00,0,393.7,437.9,0,0.0,6.50,1.03,1.581,265.0,152.6,149.0,4.24,1.00,5.63,201.8,781,0.00,2.88,0.000,0.00,0.000,-6.15,5.9,0,0.00,0
17.313,on,-1.56,0.00,14.06,-5.47,14.59,0,-1,0.0,14.65,13.68,-9.04,-9.06,14.62,0.32,0.32,14.76,192.2,0.875,0,0.00,0.00,0,392.8,437.9,0,0.0,6.50,1.03,1.581,265.0,152.6,149.0,4.23,0.98,5.60,201.8,784,0.00,2.91,0.000,0.00,0.000,-6.15,5.9,0,0.00,0
17.392,on,-1.56,0.00,14.06,-5.47,14.59,0,-1,0.0,14.65,13.52,-9.08,-9.10,14.62,0.31,0.32,14.76,192.2,0.875,0,0.00,0.00,0,412.6,437.9,0,0.0,6.00,1.04,1.581,265.0,152.6,149.0,4.22,1.00,5.57,201.8,787,0.00,2.96,0.000,0.00,0.000,-6.15,5.9,0,0.00,0
17.453,on,-1.56,0.00,14.06,-5.47,14.58,0,-1,0.0,14.65,13.76,-9.13,-9.13,14.62,0.31,0.32,14.76,192.2,0.875,0,0.00,0.00,0,389.7,437.9,0,0.0,6.00,1.03,1.571,265.0,152.6,149.0,4.21,1.00,5.52,201.8,785,0.00,2.99,0.000,0.00,0.000,-6.15,5.9,0,0.00,0
17.533,on,-1.56,0.00,14.06,-5.47,14.59,0,-1,0.0,14.65,13.68,-9.17,-9.18,14.62,0.31,0.32,14.76,192.2,0.875,0,0.00,0.00,0,379.1,437.9,0,0.0,6.50,1.03,1.571,265.0,152.6,149.0,4.20,0.94,5.48,201.8,788,0.00,3.00,0.000,0.00,0.000,-6.15,5.9,0,0.00,0
17.593,on,-1.56,0.00,14.06,-5.47,14.58,0,-1,0.0,14.65,13.76,-9.19,-9.22,14.62,0.31,0.32,14.76,192.2,0.875,0,0.00,0.00,0,388.9,437.9,0,0.0,6.00,1.02,1.552,265.0,152.6,149.0,4.17,0.96,5.46,201.9,787,0.00,3.06,0.000,0.00,0.000,-6.15,5.9,0,0.00,0
17.671,on,-1.56,0.00,14.06,-5.47,14.57,0,-1,0.0,14.65,13.84,-9.22,-9.23,14.62,0.31,0.32,14.76,192.2,0.875,0,0.00,0.00,0,388.0,437.9,0,0.0,6.00,1.01,1.552,265.0,152.6,149.0,4.16,0.94,5.43,201.9,784,0.00,3.07,0.000,0.00,0.000,-6.15,6.3,0,0.00,0
17.739,on,-2.34,0.00,14.06,-5.47,14.58,0,-1,0.0,14.65,13.68,-9.22,-9.22,14.62,0.31,0.32,14.76,192.2,0.875,0,0.00,0.00,0,414.1,437.9,0,0.0,6.00,1.00,1.539,265.0,152.6,149.0,4.15,1.02,5.43,201.9,781,0.00,3.08,0.000,0.00,0.000,-6.15,6.3,0,0.00,0
17.796,on,-2.34,0.00,14.06,-5.47,14.58,0,-1,0.0,14.65,13.76,-9.21,-9.23,14.62,0.31,0.32,14.76,192.2,0.875,0,0.00,0.00,0,407.6,437.9,0,0.0,6.50,1.00,1.539,265.0,152.6,149.0,4.14,0.98,5.44,201.9,777,0.00,3.09,0.000,0.00,0.000,-6.15,6.3,0,0.00,0
17.853,on,-2.34,0.00,14.06,-5.47,14.56,0,-1,0.0,14.65,13.76,-9.19,-9.21,14.62,0.31,0.32,14.76,192.2,0.875,0,0.00,0.00,0,393.5,437.9,0,0.0,6.50,1.00,1.552,265.0,152.6,149.0,4.15,1.00,5.46,201.9,775,0.00,3.06,0.000,0.00,0.000,-6.15,6.3,0,0.00,0
17.933,on,-2.34,0.00,14.06,-5.47,14.55,0,-1,0.0,14.65,13.68,-9.17,-9.18,14.62,0.32,0.32,14.76,192.2,0.875,0,0.00,0.00,0,388.7,437.9,0,0.0,6.50,1.00,1.552,265.0,152.6,149.0,4.16,1.02,5.48,201.8,771,0.00,3.05,0.000,0.00,0.000,-6.15,6.3,0,0.00,0
17.993,on,-2.34,0.00,14.06,-5.47,14.54,0,-1,0.0,14.65,13.76,-9.15,-9.16,14.62,0.32,0.32,14.76,192.2,0.875,0,0.00,0.00,0,412.2,437.9,0,0.0,6.50,1.00,1.552,265.0,152.6,149.0,4.17,1.00,5.50,201.8,771,0.00,3.03,0.000,0.00,0.000,-6.15,6.3,0,0.00,0
18.076,on,-2.34,0.00,14.06,-5.47,14.53,0,-1,0.0,14.65,13.68,-9.12,-9.15,14.62,0.32,0.33,14.76,192.2,0.875,0,0.00,0.00,0,395.8,437.9,0,0.0,7.00,1.00,1.571,265.0,152.6,149.0,4.17,0.98,5.53,201.8,766,0.00,2.99,0.000,0.00,0.000,-6.15,6.3,0,0.00,0
18.133,on,-2.34,0.00,14.06,-5.47,14.50,0,-1,0.0,14.65,13.68,-9.08,-9.12,14.62,0.32,0.33,14.76,192.2,0.875,0,0.00,0.00,0,389.2,437.9,0,0.0,7.00,1.00,1.571,265.0,152.6,149.0,4.19,0.98,5.57,201.8,765,0.00,2.97,0.000,0.00,0.000,-6.15,6.3,0,0.00,0
18.212,on,-2.34,0.00,14.06,-5.47,14.50,0,-1,0.0,14.65,13.76,-9.04,-9.08,14.62,0.32,0.33,14.76,192.2,0.875,0,0.00,0.00,0,418.2,437.9,0,0.0,7.50,1.01,1.581,265.0,152.6,149.0,4.21,1.00,5.61,201.9,766,0.00,2.93,0.000,0.00,0.000,-6.15,6.3,0,0.00,0
18.273,on,-2.34,0.00,14.06,-5.47,14.49,0,-1,0.0,14.65,13.60,-9.03,-9.05,14.62,0.32,0.33,14.76,192.2,0.875,0,0.00,0.00,0,407.6,437.9,0,0.0,7.50,1.01,1.581,265.0,152.6,149.0,4.22,1.02,5.62,201.9,767,0.00,2.91,0.000,0.00,0.000,-6.15,6.3,0,0.00,0
18.356,on,-2.34,0.00,14.06,-5.47,14.47,0,-1,0.0,14.65,13.76,-9.01,-9.03,14.62,0.32,0.33,14.76,192.2,0.875,0,0.00,0.00,0,387.7,437.9,0,0.0,7.50,1.00,1.568,265.0,152.6,149.0,4.23,1.04,5.64,201.9,769,0.00,2.89,0.000,0.00,0.000,-6.15,6.3,0,0.00,0
18.413,on,-2.34,0.00,14.06,-5.47,14.46,0,-1,0.0,14.65,13.60,-9.00,-9.03,14.62,0.32,0.33,14.76,192.2,0.875,0,0.00,0.00,0,399.2,437.9,0,0.0,7.00,1.01,1.568,265.0,152.6,149.0,4.24,1.04,5.65,201.9,772,0.00,2.88,0.000,0.00,0.000,-6.15,6.3,0,0.00,0
18.492,on,-3.12,0.00,14.06,-5.47,14.47,0,-1,0.0,14.65,13.68,-9.00,-9.03,14.62,0.32,0.33,14.76,192.2,0.875,0,0.00,0.00,0,384.3,437.9,0,0.0,6.50,1.02,1.574,265.0,152.6,149.0,4.24,0.98,5.64,201.9,776,0.00,2.89,0.000,0.00,0.000,-6.15,6.3,0,0.00,0
18.556,on,-3.12,0.00,14.06,-5.47,14.45,0,-1,0.0,14.65,13.68,-9.03,-9.04,14.62,0.32,0.33,14.76,192.2,0.875,0,0.00,0.00,0,382.6,437.9,0,0.0,6.50,1.02,1.574,265.0,152.6,149.0,4.23,1.00,5.62,201.9,775,0.00,2.89,0.000,0.00,0.000,-6.15,6.3,0,0.00,0
18.613,on,-3.12,0.00,14.06,-5.47,14.46,0,-1,0.0,14.65,13.68,-9.04,-9.06,14.62,0.32,0.33,14.76,192.2,0.875,0,0.00,0.00,0,407.9,437.9,0,0.0,6.50,1.02,1.574,265.0,152.6,149.0,4.23,0.98,5.61,201.9,780,0.00,2.92,0.000,0.00,0.000,-6.15,6.3,0,0.00,0
18.696,on,-3.12,0.00,14.06,-5.47,14.47,0,-1,0.0,14.65,13.76,-9.05,-9.07,14.62,0.32,0.32,14.76,192.2,0.875,0,0.00,0.00,0,392.0,437.9,0,0.0,6.50,1.01,1.558,265.0,152.6,149.0,4.21,0.98,5.59,201.9,778,0.00,2.93,0.000,0.00,0.000,-6.15,6.3,0,0.00,0
18.756,on,-3.12,0.00,14.06,-5.47,14.46,0,-1,0.0,14.65,13.68,-9.07,-9.09,14.62,0.31,0.32,14.76,192.2,0.875,0,0.00,0.00,0,385.3,437.9,0,0.0,6.50,1.01,1.558,265.0,152.6,149.0,4.20,0.94,5.57,201.9,779,0.00,2.92,0.000,0.00,0.000,-6.15,6.3,0,0.00,0
18.823,on,-3.12,0.00,14.06,-5.47,14.48,0,-1,0.0,14.65,13.68,-9.07,-9.09,14.62,0.31,0.32,14.76,192.2,0.875,0,0.00,0.00,0,390.2,437.9,0,0.0,6.50,1.01,1.552,265.0,152.6,149.0,4.19,1.00,5.58,201.9,778,0.00,2.96,0.000,0.00,0.000,-6.15,6.3,0,0.00,0
18.873,on,-3.12,0.00,14.06,-5.47,14.46,0,-1,0.0,14.65,13.68,-9.09,-9.12,14.62,0.31,0.32,14.76,192.2,0.875,0,0.00,0.00,0,403.3,437.9,0,0.0,6.50,1.01,1.552,265.0,152.6,149.0,4.17,0.96,5.56,201.9,777,0.00,2.96,0.000,0.00,0.000,-6.15,6.3,0,0.00,0
18.953,on,-3.12,0.00,14.06,-5.47,14.48,0,-1,0.0,14.65,13.68,-9.11,-9.12,14.62,0.31,0.32,14.76,192.2,0.875,0,0.00,0.00,0,388.4,437.9,0,0.0,6.50,1.00,1.539,265.0,152.6,149.0,4.17,0.94,5.54,201.9,780,0.00,2.97,0.000,0.00,0.000,-6.15,6.3,0,0.00,0
19.014,on,-3.12,0.00,14.06,-5.47,14.50,0,-1,0.0,14.65,13.60,-9.11,-9.12,14.62,0.31,0.32,14.76,192.2,0.875,0,0.00,0.00,0,388.9,437.9,0,0.0,6.50,1.00,1.539,265.0,152.6,149.0,4.15,0.96,5.54,201.9,777,0.00,2.97,0.000,0.00,0.000,-6.15,6.3,0,0.00,0
19.091,on,-3.12,0.00,13.28,-5.47,14.51,0,-1,0.0,14.65,13.76,-9.11,-9.13,14.62,0.31,0.32,14.76,192.2,0.875,0,0.00,0.00,0,409.8,437.9,0,0.0,6.50,1.00,1.539,265.0,152.6,149.0,4.13,1.02,5.54,201.9,776,0.00,2.98,0.000,0.00,0.000,-6.15,6.3,0,0.00,0
19.156,on,-3.12,0.00,13.28,-5.47,14.50,0,-1,0.0,14.65,13.68,-9.12,-9.14,14.62,0.31,0.32,14.76,192.2,0.875,0,0.00,0.00,0,393.9,437.9,0,0.0,6.50,0.99,1.536,265.0,152.6,149.0,4.12,1.04,5.53,201.8,770,0.00,3.00,0.000,0.00,0.000,-6.15,6.3,0,0.00,0
19.226,on,-3.12,0.00,13.28,-5.47,14.50,0,-1,0.0,14.65,13.76,-9.11,-9.13,14.62,0.31,0.32,14.76,192.2,0.875,0,0.00,0.00,0,386.4,437.9,0,0.0,6.50,0.99,1.536,265.0,152.6,149.0,4.13,1.02,5.54,201.8,771,0.00,2.97,0.000,0.00,0.000,-6.15,6.3,0,0.00,0
19.279,on,-3.12,0.00,13.28,-5.47,14.50,0,-1,0.0,14.65,13.60,-9.09,-9.11,14.62,0.31,0.32,14.76,192.2,0.875,0,0.00,0.00,0,390.6,437.9,0,0.0,6.50,0.99,1.539,265.0,152.6,149.0,4.14,1.00,5.55,201.8,770,0.00,2.97,0.000,0.00,0.000,-6.15,6.3,0,0.00,0
19.335,on,-3.12,0.00,13.28,-5.47,14.51,0,-1,0.0,14.65,13.60,-9.08,-9.10,14.62,0.32,0.32,14.76,192.2,0.875,0,0.00,0.00,0,404.9,437.9,0,0.0,6.50,0.99,1.539,265.0,152.6,149.0,4.15,1.00,5.57,201.8,768,0.00,2.94,0.000,0.00,0.000,-6.15,6.3,0,0.00,0
19.413,on,-3.12,0.00,13.28,-5.47,14.50,0,-1,0.0,14.65,13.76,-9.05,-9.07,14.62,0.32,0.32,14.76,192.2,0.875,0,0.00,0.00,0,401.0,437.9,0,0.0,7.00,0.99,1.539,265.0,152.6,149.0,4.17,1.00,5.60,201.8,771,0.00,2.92,0.000,0.00,0.000,-6.15,6.3,0,0.00,0
19.476,on,-3.12,0.00,13.28,-5.47,14.51,0,-1,0.0,14.65,13.60,-9.04,-9.06,14.62,0.32,0.33,14.76,192.2,0.875,0,0.00,0.00,0,397.1,437.9,0,0.0,7.00,0.99,1.539,265.0,152.6,149.0,4.18,0.98,5.60,201.8,769,0.00,2.93,0.000,0.00,0.000,-6.15,6.3,0,0.00,0
19.545,on,-3.12,0.00,13.28,-5.47,14.51,0,-1,0.0,14.65,13.60,-9.03,-9.06,14.62,0.32,0.33,14.76,192.2,0.875,0,0.00,0.00,0,386.1,437.9,0,0.0,7.00,0.99,1.539,265.0,152.6,149.0,4.18,0.98,5.62,201.8,770,0.00,2.91,0.000,0.00,0.000,-6.15,6.3,0,0.00,0
19.596,on,-3.12,0.00,13.28,-5.47,14.54,0,-1,0.0,14.65,13.76,-9.02,-9.03,14.62,0.32,0.33,14.76,192.2,0.875,0,0.00,0.00,0,408.6,437.9,0,0.0,7.00,0.98,1.539,265.0,152.6,149.0,4.18,0.98,5.62,201.8,768,0.00,2.90,0.000,0.00,0.000,-6.15,6.3,0,0.00,0
19.663,on,-3.12,0.00,13.28,-5.47,14.54,0,-1,0.0,14.65,13.60,-9.01,-9.03,14.62,0.32,0.33,14.76,192.2,0.875,0,0.00,0.00,0,402.3,437.9,0,0.0,7.00,0.98,1.539,265.0,152.6,149.0,4.18,0.98,5.64,201.8,767,0.00,2.88,0.000,0.00,0.000,-6.15,6.3,0,0.00,0
19.743,on,-3.12,0.00,13.28,-5.47,14.54,0,-1,0.0,14.65,13.76,-9.01,-9.03,14.62,0.32,0.33,14.76,192.2,0.875,0,0.00,0.00,0,383.6,437.9,0,0.0,7.00,0.99,1.552,265.0,152.6,149.0,4.18,1.00,5.64,201.8,767,0.00,2.88,0.000,0.00,0.000,-6.15,6.3,0,0.00,0
19.804,on,-3.12,0.00,13.28,-5.47,14.55,0,-1,0.0,14.65,13.60,-8.98,-9.02,14.62,0.32,0.33,14.76,192.2,0.875,0,0.00,0.00,0,403.8,437.9,0,0.0,7.00,0.99,1.552,265.0,152.6,149.0,4.19,1.02,5.67,201.9,768,0.00,2.87,0.000,0.00,0.000,-6.15,6.3,0,0.00,0
19.881,on,-3.12,0.00,13.28,-5.47,14.55,0,-1,0.0,14.65,13.60,-8.98,-9.00,14.62,0.32,0.33,14.76,192.2,0.875,0,0.00,0.00,0,397.7,437.9,0,0.0,7.00,1.00,1.558,265.0,152.6,149.0,4.20,1.00,5.67,201.9,771,0.00,2.85,0.000,0.00,0.000,-6.15,6.3,0,0.00,0
19.949,on,-3.12,0.00,13.28,-5.47,14.55,0,-1,0.0,14.65,13.76,-8.98,-8.99,14.62,0.32,0.33,14.76,192.2,0.875,0,0.00,0.00,0,395.9,437.9,0,0.0,7.00,1.00,1.558,265.0,152.6,149.0,4.20,1.02,5.66,201.9,770,0.00,2.85,0.000,0.00,0.000,-6.15,6.3,0,0.00,0
20.005,on,-3.12,0.00,13.28,-5.47,14.56,0,-1,0.0,14.65,13.68,-8.99,-9.02,14.62,0.32,0.32,14.76,192.2,0.875,0,0.00,0.00,0,383.3,437.9,0,0.0,7.00,1.01,1.558,265.0,152.6,149.0,4.20,0.98,5.66,201.9,775,0.00,2.87,0.000,0.00,0.000,-6.15,6.3,0,0.00,0
20.074,on,-3.12,0.00,13.28,-5.47,14.57,0,-1,0.0,14.65,13.76,-9.00,-9.02,14.62,0.32,0.32,14.76,192.2,0.875,0,0.00,0.00,0,389.5,437.9,0,0.0,6.50,1.00,1.546,265.0,152.6,149.0,4.19,1.04,5.64,201.9,776,0.00,2.85,0.000,0.00,0.000,-6.15,6.3,0,0.00,0
20.151,on,-3.12,0.00,13.28,-5.47,14.57,0,-1,0.0,14.65,13.76,-9.01,-9.03,14.62,0.32,0.32,14.76,192.2,0.875,0,0.00,0.00,0,384.7,437.9,0,0.0,6.50,1.00,1.546,265.0,152.6,149.0,4.19,1.02,5.64,201.9,776,0.00,2.87,0.000,0.00,0.000,-6.15,6.3,0,0.00,0
20.219,on,-3.12,0.00,13.28,-5.47,14.58,0,-1,0.0,14.65,13.68,-9.03,-9.05,14.62,0.31,0.32,14.76,192.2,0.875,0,0.00,0.00,0,413.9,437.9,0,0.0,6.50,1.00,1.536,265.0,152.6,149.0,4.18,0.98,5.62,201.9,778,0.00,2.91,0.000,0.00,0.000,-6.15,5.9,0,0.00,0
20.274,on,-3.12,0.00,13.28,-5.47,14.60,0,-1,0.0,14.65,13.76,-9.06,-9.08,14.62,0.31,0.32,14.76,192.2,0.875,0,0.00,0.00,0,404.5,437.9,0,0.0,6.50,1.00,1.536,265.0,152.6,149.0,4.17,0.94,5.59,201.9,779,0.00,2.92,0.000,0.00,0.000,-6.15,6.3,0,0.00,0
20.353,on,-3.12,0.00,13.28,-5.47,14.61,0,-1,0.0,14.65,13.60,-9.08,-9.09,14.62,0.31,0.32,14.76,192.2,0.875,0,0.00,0.00,0,386.0,437.9,0,0.0,6.50,0.98,1.510,265.0,152.6,149.0,4.16,0.94,5.57,201.9,780,0.00,2.94,0.000,0.00,0.000,-6.15,5.9,0,0.00,0
20.414,on,-3.12,0.00,13.28,-5.47,14.64,0,-1,0.0,14.65,13.68,-9.10,-9.11,14.62,0.31,0.32,14.76,192.2,0.875,0,0.00,0.00,0,372.7,437.9,0,0.0,6.50,0.98,1.510,265.0,152.6,149.0,4.16,0.98,5.55,201.9,782,0.00,2.95,0.000,0.00,0.000,-6.15,6.3,0,0.00,0
20.492,on,-3.12,0.00,13.28,-5.47,14.62,0,-1,0.0,14.65,13.84,-9.11,-9.12,14.62,0.31,0.32,14.76,192.2,0.875,0,0.00,0.00,0,408.5,437.9,0,0.0,6.50,0.99,1.523,265.0,152.6,149.0,4.15,0.92,5.54,201.8,784,0.00,2.97,0.000,0.00,0.000,-6.15,6.3,0,0.00,0
20.560,on,-3.12,0.00,13.28,-5.47,14.62,0,-1,0.0,14.65,13.68,-9.13,-9.14,14.62,0.31,0.32,14.76,192.2,0.875,0,0.00,0.00,0,389.7,437.9,0,0.0,6.50,0.99,1.523,265.0,152.6,149.0,4.12,0.96,5.52,201.8,780,0.00,3.01,0.000,0.00,0.000,-6.15,6.3,0,0.00,0
20.615,on,-3.12,0.00,13.28,-5.47,14.63,0,-1,0.0,14.65,13.68,-9.16,-9.17,14.62,0.31,0.32,14.76,192.2,0.875,0,0.00,0.00,0,378.8,437.9,0,0.0,6.50,0.99,1.523,265.0,152.6,149.0,4.12,0.94,5.49,201.8,781,0.00,3.00,0.000,0.00,0.000,-6.15,6.3,0,0.00,0
20.692,on,-3.12,0.00,13.28,-5.47,14.62,0,-1,0.0,14.65,13.76,-9.16,-9.18,14.62,0.31,0.32,14.76,192.2,0.875,0,0.00,0.00,0,394.9,437.9,0,0.0,6.50,0.98,1.510,265.0,152.6,149.0,4.09,1.02,5.49,201.8,777,0.00,3.03,0.000,0.00,0.000,-6.15,6.3,0,0.00,0
20.754,on,-3.12,0.00,13.28,-5.47,14.63,0,-1,0.0,14.65,13.68,-9.16,-9.16,14.62,0.31,0.32,14.76,192.2,0.875,0,0.00,0.00,0,403.4,437.9,0,0.0,6.50,0.98,1.510,265.0,152.6,149.0,4.10,0.98,5.49,201.9,775,0.00,3.03,0.000,0.00,0.000,-6.15,6.3,0,0.00,0
20.837,on,-3.12,0.00,13.28,-5.47,14.63,0,-1,0.0,14.65,13.84,-9.14,-9.15,14.62,0.31,0.32,14.76,192.2,0.875,0,0.00,0.00,0,384.5,437.9,0,0.0,6.50,0.97,1.517,265.0,152.6,149.0,4.09,0.96,5.51,201.9,770,0.00,3.00,0.000,0.00,0.000,-6.15,6.3,0,0.00,0
20.909,on,-3.12,0.00,13.28,-5.47,14.64,0,-1,0.0,14.65,13.68,-9.12,-9.14,14.62,0.31,0.32,14.76,192.2,0.875,0,0.00,0.00,0,403.4,437.9,0,0.0,7.00,0.97,1.517,265.0,152.6,149.0,4.10,0.98,5.52,201.9,769,0.00,3.00,0.000,0.00,0.000,-6.15,6.3,0,0.00,0
20.964,on,-3.12,0.00,13.28,-5.47,14.63,0,-1,0.0,14.65,13.76,-9.07,-9.10,14.62,0.31,0.32,14.76,192.2,0.875,0,0.00,0.00,0,389.4,437.9,0,0.0,7.00,0.98,1.530,265.0,152.6,149.0,4.12,1.04,5.58,201.9,768,0.00,2.95,0.000,0.00,0.000,-6.15,6.3,0,0.00,0
21.041,on,-3.12,0.00,13.28,-5.47,14.63,0,-1,0.0,14.65,13.76,-9.05,-9.07,14.62,0.32,0.32,14.76,192.2,0.875,0,0.00,0.00,0,387.8,437.9,0,0.0,7.00,0.98,1.530,265.0,152.6,149.0,4.13,1.04,5.60,201.9,767,0.00,2.92,0.000,0.00,0.000,-6.15,6.3,0,0.00,0
21.109,on,-3.12,0.00,13.28,-5.47,14.65,0,-1,0.0,14.65,13.68,-9.03,-9.04,14.62,0.32,0.32,14.76,192.2,0.875,0,0.00,0.00,0,408.7,437.9,0,0.0,7.00,0.98,1.530,265.0,152.6,149.0,4.16,1.04,5.62,201.8,770,0.00,2.89,0.000,0.00,0.000,-6.15,6.3,0,0.00,0
21.164,on,-3.12,0.00,13.28,-5.47,14.65,0,-1,0.0,14.65,13.92,-9.00,-9.04,14.62,0.32,0.32,14.76,192.2,0.875,0,0.00,0.00,0,390.5,437.9,0,0.0,7.00,0.99,1.546,265.0,152.6,149.0,4.16,1.02,5.64,201.8,769,0.00,2.89,0.000,0.00,0.000,-6.15,6.3,0,0.00,0
21.241,on,-3.12,0.00,13.28,-5.47,14.65,0,-1,0.0,14.65,13.76,-9.00,-9.02,14.62,0.32,0.32,14.76,192.2,0.875,0,0.00,0.00,0,381.9,437.9,0,0.0,7.00,0.99,1.546,265.0,152.6,149.0,4.18,1.04,5.65,201.8,772,0.00,2.86,0.000,0.00,0.000,-6.15,6.3,0,0.00,0
21.312,on,-3.12,0.00,13.28,-5.47,14.67,0,-1,0.0,14.65,13.68,-9.00,-9.01,14.62,0.32,0.32,14.76,192.2,0.875,0,0.00,0.00,0,402.2,437.9,0,0.0,7.00,1.00,1.546,265.0,152.6,149.0,4.19,1.04,5.65,201.8,775,0.00,2.86,0.000,0.00,0.000,-6.15,6.3,0,0.00,0
21.375,on,-3.12,0.00,13.28,-5.47,14.65,0,-1,0.0,14.65,13.84,-8.99,-9.01,14.62,0.32,0.32,14.76,192.2,0.875,0,0.00,0.00,0,404.6,437.9,0,0.0,6.50,1.00,1.546,265.0,152.6,149.0,4.20,1.04,5.66,201.8,775,0.00,2.88,0.000,0.00,0.000,-6.15,6.3,0,0.00,0
21.456,on,-3.12,0.00,13.28,-5.47,14.67,0,-1,0.0,14.65,13.76,-9.01,-9.03,14.62,0.32,0.32,14.76,192.2,0.875,0,0.00,0.00,0,388.7,437.9,0,0.0,6.50,0.98,1.523,265.0,152.6,149.0,4.19,1.02,5.64,201.9,773,0.00,2.88,0.000,0.00,0.000,-6.15,6.3,0,0.00,0
21.515,on,-3.12,0.00,13.28,-5.47,14.67,0,-1,0.0,14.65,13.76,-9.03,-9.05,14.62,0.32,0.32,14.76,192.2,0.875,0,0.00,0.00,0,402.4,437.9,0,0.0,6.50,0.99,1.523,265.0,152.6,149.0,4.19,1.00,5.62,201.9,777,0.00,2.89,0.000,0.00,0.000,-6.15,6.3,0,0.00,0
21.593,on,-3.12,0.00,13.28,-5.47,14.68,0,-1,0.0,14.65,13.84,-9.04,-9.06,14.62,0.31,0.32,14.76,192.2,0.875,0,0.00,0.00,0,386.1,437.9,0,0.0,6.50,1.00,1.542,265.0,152.6,149.0,4.19,0.96,5.60,201.9,779,0.00,2.91,0.000,0.00,0.000,-6.15,6.3,0,0.00,0
21.654,on,-3.12,0.00,13.28,-5.47,14.69,0,-1,0.0,14.65,13.76,-9.06,-9.07,14.62,0.31,0.32,14.76,192.2,0.875,0,0.00,0.00,0,386.6,437.9,0,0.0,6.50,1.00,1.542,265.0,152.6,149.0,4.19,0.96,5.59,201.9,778,0.00,2.92,0.000,0.00,0.000,-6.15,6.3,0,0.00,0
21.733,on,-2.34,0.00,13.28,-5.47,14.69,0,-1,0.0,14.65,13.84,-9.07,-9.08,14.62,0.31,0.32,14.76,192.2,0.875,0,0.00,0.00,0,408.7,437.9,0,0.0,6.50,1.00,1.523,265.0,152.6,149.0,4.18,0.94,5.58,201.9,784,0.00,2.93,0.000,0.00,0.000,-6.15,5.9,0,0.00,0
21.795,on,-2.34,0.00,13.28,-5.47,14.71,0,-1,0.0,14.65,13.76,-9.09,-9.10,14.62,0.31,0.32,14.76,192.2,0.875,0,0.00,0.00,0,395.6,437.9,0,0.0,6.50,0.99,1.523,265.0,152.6,149.0,4.17,0.92,5.56,201.9,783,0.00,2.96,0.000,0.00,0.000,-6.15,6.3,0,0.00,0
21.862,on,-2.34,0.00,13.28,-5.47,14.71,0,-1,0.0,14.65,13.76,-9.11,-9.13,14.62,0.31,0.32,14.76,192.2,0.875,0,0.00,0.00,0,385.2,437.9,0,0.0,6.00,0.99,1.523,265.0,152.6,149.0,4.16,1.00,5.54,201.9,783,0.00,2.96,0.000,0.00,0.000,-6.15,6.3,0,0.00,0
21.915,on,-2.34,0.00,13.28,-5.47,14.73,0,-1,0.0,14.65,13.92,-9.11,-9.13,14.62,0.31,0.32,14.76,192.2,0.875,0,0.00,0.00,0,413.7,437.9,0,0.0,6.00,0.99,1.523,265.0,152.6,149.0,4.14,1.00,5.54,201.9,780,0.00,2.99,0.000,0.00,0.000,-6.15,6.3,0,0.00,0
21.994,on,-2.34,0.00,13.28,-5.47,14.73,0,-1,0.0,14.65,13.76,-9.12,-9.14,14.62,0.31,0.32,14.76,192.2,0.875,0,0.00,0.00,0,407.6,437.9,0,0.0,6.50,0.99,1.523,265.0,152.6,149.0,4.13,0.98,5.53,201.9,779,0.00,2.99,0.000,0.00,0.000,-6.15,6.3,0,0.00,0
22.055,on,-2.34,0.00,13.28,-5.47,14.73,0,-1,0.0,14.65,13.92,-9.13,-9.15,14.62,0.31,0.32,14.76,192.2,0.875,0,0.00,0.00,0,391.7,437.9,0,0.0,6.50,0.99,1.520,265.0,152.6,149.0,4.13,0.96,5.52,201.8,778,0.00,3.00,0.000,0.00,0.000,-6.15,6.3,0,0.00,0
22.133,on,-2.34,0.00,13.28,-5.47,14.72,0,-1,0.0,14.65,13.76,-9.12,-9.14,14.62,0.31,0.32,14.76,192.2,0.875,0,0.00,0.00,0,407.5,437.9,0,0.0,6.50,0.98,1.520,265.0,152.6,149.0,4.13,1.02,5.53,201.8,777,0.00,3.00,0.000,0.00,0.000,-6.15,6.3,0,0.00,0
22.195,on,-2.34,0.00,13.28,-5.47,14.74,0,-1,0.0,14.65,13.76,-9.11,-9.14,14.62,0.31,0.32,14.76,192.2,0.875,0,0.00,0.00,0,389.9,437.9,0,0.0,6.50,0.99,1.523,265.0,152.6,149.0,4.14,1.00,5.54,201.8,777,0.00,2.98,0.000,0.00,0.000,-6.15,6.3,0,0.00,0
22.276,on,-2.34,0.00,13.28,-5.47,14.71,0,-1,0.0,14.65,13.92,-9.10,-9.12,14.62,0.31,0.32,14.76,192.2,0.875,0,0.00,0.00,0,387.8,437.9,0,0.0,6.50,0.98,1.523,265.0,152.6,149.0,4.13,1.00,5.55,201.8,775,0.00,2.96,0.000,0.00,0.000,-6.15,6.3,0,0.00,0
22.335,on,-2.34,0.00,13.28,-5.47,14.72,0,-1,0.0,14.65,13.84,-9.10,-9.10,14.62,0.31,0.32,14.76,192.2,0.875,0,0.00,0.00,0,407.6,437.9,0,0.0,6.50,0.99,1.523,265.0,152.6,149.0,4.14,0.96,5.55,201.8,777,0.00,2.98,0.000,0.00,0.000,-6.15,6.3,0,0.00,0
22.413,on,-2.34,0.00,13.28,-5.47,14.72,0,-1,0.0,14.65,13.92,-9.08,-9.11,14.62,0.31,0.32,14.76,192.2,0.875,0,0.00,0.00,0,390.1,437.9,0,0.0,6.50,0.99,1.530,265.0,152.6,149.0,4.14,1.02,5.57,201.8,776,0.00,2.96,0.000,0.00,0.000,-6.15,6.3,0,0.00,0
22.475,on,-2.34,0.00,13.28,-5.47,14.71,0,-1,0.0,14.65,13.84,-9.07,-9.10,14.62,0.31,0.32,14.76,192.2,0.875,0,0.00,0.00,0,379.5,437.9,0,0.0,6.50,0.99,1.530,265.0,152.6,149.0,4.15,1.04,5.58,201.8,777,0.00,2.94,0.000,0.00,0.000,-6.15,6.3,0,0.00,0
22.550,on,-2.34,0.00,13.28,-5.47,14.70,0,-1,0.0,14.65,13.84,-9.06,-9.08,14.62,0.31,0.32,14.76,192.2,0.875,0,0.00,0.00,0,389.6,437.9,0,0.0,6.50,0.99,1.536,265.0,152.6,149.0,4.15,1.04,5.59,201.8,774,0.00,2.93,0.000,0.00,0.000,-6.15,6.3,0,0.00,0
22.615,on,-2.34,0.00,13.28,-5.47,14.72,0,-1,0.0,14.65,13.76,-9.06,-9.07,14.62,0.31,0.32,14.76,192.2,0.875,0,0.00,0.00,0,388.0,437.9,0,0.0,6.50,0.99,1.536,265.0,152.6,149.0,4.16,0.98,5.59,201.8,775,0.00,2.92,0.000,0.00,0.000,-6.15,6.3,0,0.00,0
22.692,on,-2.34,0.00,13.28,-5.47,14.70,0,-1,0.0,14.65,13.76,-9.06,-9.07,14.62,0.31,0.32,14.76,192.2,0.875,0,0.00,0.00,0,416.0,437.9,0,0.0,6.50,0.99,1.542,265.0,152.6,149.0,4.15,0.92,5.59,201.8,774,0.00,2.92,0.000,0.00,0.000,-6.15,6.3,0,0.00,0
22.760,on,-2.34,0.00,13.28,-5.47,14.70,0,-1,0.0,14.65,14.00,-9.06,-9.07,14.62,0.31,0.32,14.76,192.2,0.875,0,0.00,0.00,0,407.6,437.9,0,0.0,6.50,1.00,1.542,265.0,152.6,149.0,4.15,1.00,5.59,201.8,774,0.00,2.94,0.000,0.00,0.000,-6.15,6.3,0,0.00,0
22.815,on,-2.34,0.00,13.28,-5.47,14.72,0,-1,0.0,14.65,13.92,-9.06,-9.08,14.62,0.31,0.32,14.76,192.2,0.875,0,0.00,0.00,0,384.5,437.9,0,0.0,6.50,1.00,1.542,265.0,152.6,149.0,4.15,1.02,5.59,201.8,776,0.00,2.92,0.000,0.00,0.000,-6.15,6.3,0,0.00,0
22.892,on,-2.34,0.00,13.28,-5.47,14.70,0,-1,0.0,14.65,13.84,-9.06,-9.07,14.62,0.31,0.32,14.76,192.2,0.875,0,0.00,0.00,0,368.5,437.9,0,0.0,6.50,1.00,1.542,265.0,152.6,149.0,4.15,1.00,5.59,201.8,775,0.00,2.91,0.000,0.00,0.000,-6.15,6.3,0,0.00,0
22.955,on,-2.34,0.00,13.28,-5.47,14.71,0,-1,0.0,14.65,13.92,-9.06,-9.06,14.62,0.31,0.32,14.76,192.2,0.875,0,0.00,0.00,0,408.7,437.9,0,0.0,6.50,1.00,1.542,265.0,152.6,149.0,4.16,0.96,5.59,201.8,778,0.00,2.93,0.000,0.00,0.000,-6.15,6.3,0,0.00,0
23.034,on,-2.34,0.00,13.28,-5.47,14.72,0,-1,0.0,14.65,13.92,-9.05,-9.07,14.62,0.31,0.32,14.76,192.2,0.875,0,0.00,0.00,0,394.1,437.9,0,0.0,6.50,1.00,1.542,265.0,152.6,149.0,4.15,0.98,5.60,201.8,779,0.00,2.94,0.000,0.00,0.000,-6.15,6.3,0,0.00,0
23.095,on,-2.34,0.00,13.28,-5.47,14.73,0,-1,0.0,14.65,13.84,-9.07,-9.09,14.62,0.31,0.32,14.76,192.2,0.875,0,0.00,0.00,0,403.3,437.9,0,0.0,6.50,1.01,1.542,265.0,152.6,149.0,4.14,0.94,5.58,201.8,782,0.00,2.94,0.000,0.00,0.000,-6.15,6.3,0,0.00,0
23.173,on,-2.34,0.00,13.28,-5.47,14.73,0,-1,0.0,14.65,14.00,-9.09,-9.10,14.62,0.31,0.32,14.76,192.2,0.875,0,0.00,0.00,0,393.6,437.9,0,0.0,6.50,0.99,1.523,265.0,152.6,149.0,4.12,1.00,5.56,201.8,781,0.00,2.95,0.000,0.00,0.000,-6.15,6.3,0,0.00,0
23.235,on,-2.34,0.00,13.28,-5.47,14.73,0,-1,0.0,14.65,13.84,-9.09,-9.12,14.62,0.31,0.32,14.76,192.2,0.875,0,0.00,0.00,0,379.5,437.9,0,0.0,6.50,0.99,1.523,265.0,152.6,149.0,4.12,1.00,5.56,201.8,784,0.00,2.95,0.000,0.00,0.000,-6.15,6.3,0,0.00,0
23.315,on,-2.34,0.00,13.28,-5.47,14.74,0,-1,0.0,14.65,13.92,-9.11,-9.13,14.62,0.31,0.31,14.76,192.2,0.875,0,0.00,0.00,0,410.2,437.9,0,0.0,6.00,0.99,1.514,265.0,152.6,149.0,4.10,1.00,5.54,201.8,782,0.00,2.97,0.000,0.00,0.000,-6.15,6.3,0,0.00,0
23.375,on,-2.34,0.00,12.50,-5.47,14.74,0,-1,0.0,14.65,14.08,-9.14,-9.14,14.62,0.31,0.31,14.76,192.2,0.875,0,0.00,0.00,0,403.4,437.9,0,0.0,6.50,0.98,1.514,265.0,152.6,149.0,4.09,0.98,5.51,202.1,780,0.00,3.01,0.000,0.00,0.000,-6.15,6.3,0,0.00,0
23.456,on,-1.56,0.00,12.50,-5.47,14.74,0,-1,0.0,14.65,13.92,-9.15,-9.15,14.62,0.31,0.31,14.76,192.2,0.875,0,0.00,0.00,0,387.7,437.9,0,0.0,6.50,0.97,1.491,265.0,152.6,149.0,4.08,1.02,5.50,202.1,779,0.00,3.02,0.000,0.00,0.000,-6.15,6.3,0,0.00,0
23.520,on,-1.56,0.00,12.50,-5.47,14.78,0,-1,0.0,14.65,14.00,-9.14,-9.17,14.62,0.31,0.31,14.76,192.2,0.875,0,0.00,0.00,0,408.7,437.9,0,0.0,6.50,0.97,1.491,265.0,152.6,149.0,4.08,1.00,5.50,202.1,779,0.00,3.01,0.000,0.00,0.000,-6.15,6.3,0,0.00,0
23.575,on,-1.56,0.00,12.50,-5.47,14.73,0,-1,0.0,14.65,14.00,-9.14,-9.16,14.62,0.31,0.31,14.76,192.2,0.875,0,0.00,0.00,0,393.5,437.9,0,0.0,6.50,0.97,1.498,265.0,152.6,149.0,4.09,1.02,5.50,202.1,779,0.00,3.02,0.000,0.00,0.000,-6.15,6.3,0,0.00,0
23.655,on,-1.56,0.00,12.50,-5.47,14.74,0,-1,0.0,14.65,13.92,-9.14,-9.14,14.62,0.31,0.32,14.76,192.2,0.875,0,0.00,0.00,0,394.0,437.9,0,0.0,6.50,0.96,1.498,265.0,152.6,149.0,4.08,0.94,5.51,201.8,773,0.00,3.00,0.000,0.00,0.000,-6.15,6.3,0,0.00,0
23.715,on,-1.56,0.00,12.50,-5.47,14.76,0,-1,0.0,14.65,14.08,-9.13,-9.14,14.62,0.31,0.32,14.76,192.2,0.875,0,0.00,0.00,0,407.3,437.9,0,0.0,6.50,0.97,1.498,265.0,152.6,149.0,4.09,0.98,5.52,201.8,774,0.00,3.01,0.000,0.00,0.000,-6.15,6.3,0,0.00,0
23.792,on,-1.56,0.00,12.50,-5.47,14.76,0,-1,0.0,14.65,14.00,-9.10,-9.14,14.62,0.31,0.32,14.76,192.2,0.875,0,0.00,0.00,0,396.1,437.9,0,0.0,6.50,0.98,1.526,265.0,152.6,149.0,4.09,1.00,5.55,201.8,769,0.00,2.99,0.000,0.00,0.000,-6.15,6.3,0,0.00,0
23.855,on,-1.56,0.00,12.50,-5.47,14.74,0,-1,0.0,14.65,14.08,-9.08,-9.11,14.62,0.31,0.32,14.76,192.2,0.875,0,0.00,0.00,0,386.4,437.9,0,0.0,7.00,0.98,1.526,265.0,152.6,149.0,4.10,1.04,5.57,201.8,770,0.00,2.96,0.000,0.00,0.000,-6.15,6.3,0,0.00,0
23.930,on,-1.56,0.00,12.50,-5.47,14.75,0,-1,0.0,14.65,14.08,-9.04,-9.07,14.62,0.31,0.32,14.76,192.2,0.875,0,0.00,0.00,0,395.9,437.9,0,0.0,7.00,0.98,1.536,265.0,152.6,149.0,4.11,1.02,5.60,201.8,767,0.00,2.92,0.000,0.00,0.000,-6.15,6.3,0,0.00,0
23.996,on,-1.56,0.00,12.50,-5.47,14.76,0,-1,0.0,14.65,14.00,-9.02,-9.04,14.62,0.31,0.32,14.76,192.2,0.875,0,0.00,0.00,0,402.4,437.9,0,0.0,7.00,0.99,1.536,265.0,152.6,149.0,4.14,1.00,5.62,201.8,770,0.00,2.91,0.000,0.00,0.000,-6.15,6.3,0,0.00,0
24.064,on,-1.56,0.00,12.50,-5.47,14.75,0,-1,0.0,14.65,14.16,-9.00,-9.04,14.62,0.32,0.32,14.76,192.2,0.875,0,0.00,0.00,0,383.5,437.9,0,0.0,7.00,0.99,1.549,265.0,152.6,149.0,4.15,1.00,5.64,201.8,770,0.00,2.87,0.000,0.00,0.000,-6.15,6.3,0,0.00,0
24.116,on,-1.56,0.00,12.50,-5.47,14.77,0,-1,0.0,14.65,14.00,-9.00,-9.01,14.62,0.32,0.32,14.76,192.2,0.875,0,0.00,0.00,0,392.6,437.9,0,0.0,7.00,1.00,1.549,265.0,152.6,149.0,4.16,1.00,5.65,201.8,771,0.00,2.88,0.000,0.00,0.000,-6.15,6.3,0,0.00,0
24.191,on,-1.56,0.00,12.50,-5.47,14.78,0,-1,0.0,14.65,13.92,-8.99,-9.01,14.62,0.31,0.32,14.76,192.2,0.875,0,0.00,0.00,0,412.9,437.9,0,0.0,7.00,1.00,1.549,265.0,152.6,149.0,4.18,0.98,5.66,201.8,777,0.00,2.88,0.000,0.00,0.000,-6.15,6.3,0,0.00,0
24.266,on,-1.56,0.00,12.50,-5.47,14.75,0,-1,0.0,14.65,14.08,-9.00,-9.02,14.62,0.31,0.32,14.76,192.2,0.875,0,0.00,0.00,0,397.0,437.9,0,0.0,6.50,1.00,1.549,265.0,152.6,149.0,4.17,0.98,5.65,201.8,778,0.00,2.87,0.000,0.00,0.000,-6.15,6.3,0,0.00,0
24.315,on,-1.56,0.00,12.50,-5.47,14.74,0,-1,0.0,14.65,14.00,-9.02,-9.04,14.62,0.31,0.32,14.76,192.2,0.875,0,0.00,0.00,0,386.4,437.9,0,0.0,6.50,1.01,1.549,265.0,152.6,149.0,4.16,1.00,5.63,201.8,781,0.00,2.88,0.000,0.00,0.000,-6.15,6.3,0,0.00,0
24.397,on,-1.56,0.00,12.50,-5.47,14.77,0,-1,0.0,14.65,14.08,-9.03,-9.04,14.62,0.31,0.32,14.76,192.2,0.875,0,0.00,0.00,0,414.3,437.9,0,0.0,6.50,1.00,1.526,265.0,152.6,149.0,4.16,0.98,5.62,201.8,783,0.00,2.89,0.000,0.00,0.000,-6.15,6.3,0,0.00,0
24.469,on,-1.56,0.00,12.50,-5.47,14.75,0,-1,0.0,14.65,14.00,-9.06,-9.07,14.62,0.31,0.32,14.76,192.2,0.875,0,0.00,0.00,0,408.5,437.9,0,0.0,6.50,1.00,1.526,265.0,152.6,149.0,4.15,0.92,5.59,201.8,785,0.00,2.93,0.000,0.00,0.000,-6.15,5.9,0,0.00,0
24.532,on,-1.56,0.00,12.50,-5.47,14.78,0,-1,0.0,14.65,14.00,-9.08,-9.09,14.62,0.31,0.32,14.76,192.2,0.875,0,0.00,0.00,0,384.5,437.9,0,0.0,6.50,1.00,1.526,265.0,152.6,149.0,4.13,0.98,5.57,201.8,784,0.00,2.96,0.000,0.00,0.000,-6.15,5.9,0,0.00,0
24.595,on,-1.56,0.00,12.50,-5.47,14.78,0,-1,0.0,14.65,14.16,-9.12,-9.14,14.62,0.31,0.31,14.76,192.2,0.875,0,0.00,0.00,0,399.3,437.9,0,0.0,6.00,1.00,1.526,265.0,152.6,149.0,4.12,1.00,5.53,201.8,786,0.00,2.96,0.000,0.00,0.000,-6.15,5.9,0,0.00,0
24.663,on,-1.56,0.00,12.50,-5.47,14.77,0,-1,0.0,14.65,14.00,-9.15,-9.16,14.62,0.31,0.31,14.76,192.2,0.875,0,0.00,0.00,0,393.5,437.9,0,0.0,6.00,0.99,1.514,265.0,152.6,149.0,4.11,0.98,5.50,201.8,788,0.00,3.01,0.000,0.00,0.000,-6.15,5.9,0,0.00,0
24.736,on,-0.78,0.00,12.50,-5.47,14.79,0,-1,0.0,14.65,14.00,-9.16,-9.17,14.62,0.31,0.31,14.76,192.2,0.875,0,0.00,0.00,0,394.0,437.9,0,0.0,6.00,0.99,1.514,265.0,152.6,149.0,4.09,1.00,5.48,201.8,783,0.00,3.03,0.000,0.00,0.000,-6.15,6.3,0,0.00,0
24.797,on,-0.78,0.00,12.50,-5.47,14.78,0,-1,0.0,14.65,14.08,-9.19,-9.19,14.62,0.31,0.31,14.76,192.2,0.875,0,0.00,0.00,0,408.4,437.9,0,0.0,6.00,0.99,1.514,265.0,152.6,149.0,4.10,1.02,5.46,201.8,786,0.00,3.05,0.000,0.00,0.000,-6.15,6.3,0,0.00,0
24.855,on,-0.78,0.00,12.50,-5.47,14.75,0,-1,0.0,14.65,14.00,-9.18,-9.21,14.62,0.31,0.31,14.76,192.2,0.875,0,0.00,0.00,0,394.9,437.9,0,0.0,6.00,0.99,1.514,265.0,152.6,149.0,4.08,1.02,5.47,201.8,781,0.00,3.05,0.000,0.00,0.000,-6.15,6.3,0,0.00,0
24.918,on,-0.78,0.00,12.50,-5.47,14.78,0,-1,0.0,14.65,14.24,-9.18,-9.20,14.62,0.31,0.31,14.76,192.2,0.875,0,0.00,0.00,0,404.5,437.9,0,0.0,6.00,0.98,1.514,265.0,152.6,149.0,4.09,1.02,5.47,201.8,780,0.00,3.07,0.000,0.00,0.000,-6.15,6.3,0,0.00,0
24.992,on,-0.78,0.00,12.50,-5.47,14.78,0,-1,0.0,14.65,14.00,-9.18,-9.20,14.62,0.31,0.32,14.76,192.2,0.875,0,0.00,0.00,0,383.6,437.9,0,0.0,6.50,0.99,1.526,265.0,152.6,149.0,4.09,1.00,5.47,201.8,778,0.00,3.06,0.000,0.00,0.000,-6.15,6.3,0,0.00,0
25.047,on,-0.78,0.00,12.50,-5.47,14.77,0,-1,0.0,14.65,14.00,-9.18,-9.20,14.62,0.31,0.32,14.76,192.2,0.875,0,0.00,0.00,0,388.8,437.9,0,0.0,6.50,0.99,1.526,265.0,152.6,149.0,4.09,1.00,5.47,201.8,776,0.00,3.04,0.000,0.00,0.000,-6.15,6.3,0,0.00,0
25.104,on,-0.78,0.00,12.50,-5.47,14.78,0,-1,0.0,14.65,14.08,-9.15,-9.17,14.62,0.31,0.32,14.76,192.2,0.875,0,0.00,0.00,0,407.6,437.9,0,0.0,6.50,0.99,1.526,265.0,152.6,149.0,4.11,1.00,5.50,201.8,779,0.00,3.04,0.000,0.00,0.000,-6.15,6.3,0,0.00,0
25.182,on,-0.78,0.00,12.50,-5.47,14.75,0,-1,0.0,14.65,14.08,-9.15,-9.17,14.62,0.31,0.32,14.76,192.2,0.875,0,0.00,0.00,0,390.6,437.9,0,0.0,6.50,0.99,1.533,265.0,152.6,149.0,4.12,0.98,5.50,201.8,778,0.00,3.02,0.000,0.00,0.000,-6.15,6.3,0,0.00,0
25.246,on,-0.78,0.00,12.50,-5.47,14.74,0,-1,0.0,14.65,14.00,-9.14,-9.17,14.62,0.31,0.32,14.76,192.2,0.875,0,0.00,0.00,0,385.3,437.9,0,0.0,6.50,1.00,1.533,265.0,152.6,149.0,4.13,0.98,5.50,201.7,780,0.00,3.01,0.000,0.00,0.000,-6.15,6.3,0,0.00,0
25.324,on,-0.78,0.00,12.50,-5.47,14.73,0,-1,0.0,14.65,14.16,-9.14,-9.16,14.62,0.31,0.32,14.76,192.2,0.875,0,0.00,0.00,0,396.4,437.9,0,0.0,6.50,1.00,1.536,265.0,152.6,149.0,4.13,0.98,5.51,201.7,779,0.00,3.01,0.000,0.00,0.000,-6.15,6.3,0,0.00,0
25.385,on,-0.78,0.00,12.50,-5.47,14.72,0,-1,0.0,14.65,14.00,-9.14,-9.16,14.62,0.31,0.32,14.76,192.2,0.875,0,0.00,0.00,0,403.4,437.9,0,0.0,6.50,1.00,1.536,265.0,152.6,149.0,4.13,1.00,5.51,201.7,781,0.00,3.01,0.000,0.00,0.000,-6.15,6.3,0,0.00,0
25.465,on,-0.78,0.00,12.50,-5.47,14.71,0,-1,0.0,14.65,14.00,-9.15,-9.15,14.62,0.31,0.32,14.76,192.2,0.875,0,0.00,0.00,0,396.4,437.9,0,0.0,6.50,0.99,1.520,265.0,152.6,149.0,4.12,1.00,5.50,201.7,780,0.00,3.03,0.000,0.00,0.000,-6.15,6.3,0,0.00,0
25.525,on,-0.78,0.00,12.50,-5.47,14.72,0,-1,0.0,14.65,14.16,-9.16,-9.17,14.62,0.31,0.32,14.76,192.2,0.875,0,0.00,0.00,0,403.3,437.9,0,0.0,6.50,0.99,1.520,265.0,152.6,149.0,4.11,1.00,5.49,201.7,780,0.00,3.03,0.000,0.00,0.000,-6.15,6.3,0,0.00,0
25.591,on,-0.78,0.00,12.50,-5.47,14.72,0,-1,0.0,14.65,14.00,-9.16,-9.19,14.62,0.31,0.32,14.76,192.2,0.875,0,0.00,0.00,0,386.3,437.9,0,0.0,6.00,0.99,1.520,265.0,152.6,149.0,4.11,0.98,5.49,201.7,783,0.00,3.03,0.000,0.00,0.000,-6.15,6.3,0,0.00,0
25.666,on,-0.78,0.00,12.50,-5.47,14.70,0,-1,0.0,14.65,14.08,-9.17,-9.19,14.62,0.31,0.32,14.76,192.2,0.875,0,0.00,0.00,0,381.3,437.9,0,0.0,6.00,0.99,1.520,265.0,152.6,149.0,4.09,0.98,5.48,201.7,780,0.00,3.04,0.000,0.00,0.000,-6.15,6.3,0,0.00,0
25.725,on,-0.78,0.00,12.50,-5.47,14.70,0,-1,0.0,14.65,14.08,-9.17,-9.18,14.62,0.31,0.31,14.76,192.2,0.875,0,0.00,0.00,0,407.7,437.9,0,0.0,6.50,0.99,1.520,265.0,152.6,149.0,4.10,1.02,5.47,201.7,781,0.00,3.04,0.000,0.00,0.000,-6.15,6.3,0,0.00,0
25.794,on,-0.78,0.00,12.50,-5.47,14.69,0,0,0.0,14.65,14.00,-9.17,-9.20,14.62,0.31,0.32,14.76,192.2,0.875,0,0.00,0.00,0,388.7,437.9,0,0.0,6.50,0.99,1.520,265.0,152.6,149.0,4.10,1.02,5.47,201.7,778,0.00,3.05,0.000,0.00,0.000,-6.15,6.3,0,0.00,0
25.845,on,-0.78,0.00,12.50,-5.47,14.69,0,0,0.0,14.65,14.16,-9.17,-9.19,14.62,0.31,0.32,14.76,192.2,0.875,0,0.00,0.00,0,399.6,437.9,0,0.0,6.50,0.98,1.520,265.0,152.6,149.0,4.10,1.00,5.48,201.7,775,0.00,3.04,0.000,0.00,0.000,-6.15,6.3,0,0.00,0
25.912,on,-0.78,0.00,12.50,-5.47,14.69,0,-1,0.0,14.65,14.00,-9.16,-9.18,14.62,0.31,0.32,14.76,192.2,0.875,0,0.00,0.00,0,387.3,437.9,0,0.0,6.50,0.99,1.533,265.0,152.6,149.0,4.12,0.98,5.49,201.7,776,0.00,3.03,0.000,0.00,0.000,-6.15,6.3,0,0.00,0
25.983,on,-0.78,0.00,12.50,-5.47,14.67,0,-1,0.0,14.65,14.00,-9.12,-9.16,14.62,0.31,0.32,14.76,192.2,0.875,0,0.00,0.00,0,407.5,437.9,0,0.0,6.50,0.99,1.533,265.0,152.6,149.0,4.12,1.00,5.52,201.7,774,0.00,3.01,0.000,0.00,0.000,-6.15,6.3,0,0.00,0
26.045,on,-0.78,0.00,12.50,-5.47,14.67,0,-1,0.0,14.65,14.08,-9.10,-9.13,14.62,0.31,0.32,14.76,192.2,0.875,0,0.00,0.00,0,393.8,437.9,0,0.0,6.50,1.00,1.539,265.0,152.6,149.0,4.13,0.98,5.55,201.7,776,0.00,2.97,0.000,0.00,0.000,-6.15,6.3,0,0.00,0
26.124,on,-0.78,0.00,12.50,-5.47,14.67,0,0,0.0,14.65,14.00,-9.09,-9.10,14.62,0.31,0.32,14.76,192.2,0.875,0,0.00,0.00,0,393.0,437.9,0,0.0,6.50,0.99,1.539,265.0,152.6,149.0,4.12,1.00,5.56,201.7,774,0.00,2.95,0.000,0.00,0.000,-6.15,6.3,0,0.00,0
26.186,on,-0.78,0.00,12.50,-5.47,14.68,0,0,0.0,14.65,14.16,-9.07,-9.09,14.62,0.31,0.32,14.76,192.2,0.875,0,0.00,0.00,0,409.8,437.9,0,0.0,6.50,1.00,1.539,265.0,152.6,149.0,4.14,1.00,5.58,201.8,777,0.00,2.96,0.000,0.00,0.000,-6.15,6.3,0,0.00,0
26.266,on,-0.78,0.00,12.50,-5.47,14.67,0,0,0.0,14.65,14.16,-9.06,-9.09,14.62,0.31,0.32,14.76,192.2,0.875,0,0.00,0.00,0,389.7,437.9,0,0.0,6.50,1.00,1.539,265.0,152.6,149.0,4.14,1.00,5.59,201.8,778,0.00,2.94,0.000,0.00,0.000,-6.15,6.3,0,0.00,0
26.325,on,-0.78,0.00,12.50,-5.47,14.67,0,0,0.0,14.65,14.00,-9.07,-9.09,14.62,0.31,0.32,14.76,192.2,0.875,0,0.00,0.00,0,383.3,437.9,0,0.0,6.50,1.00,1.539,265.0,152.6,149.0,4.15,1.00,5.58,201.8,783,0.00,2.94,0.000,0.00,0.000,-6.15,6.3,0,0.00,0
26.403,on,-0.78,0.00,12.50,-5.47,14.68,0,0,0.0,14.65,14.16,-9.07,-9.11,14.62,0.31,0.32,14.76,192.2,0.875,0,0.00,0.00,0,395.1,437.9,0,0.0,6.50,0.99,1.514,265.0,152.6,149.0,4.14,0.98,5.58,201.8,782,0.00,2.96,0.000,0.00,0.000,-6.15,6.3,0,0.00,0
26.466,on,-0.78,0.00,12.50,-5.47,14.69,0,0,0.0,14.65,14.00,-9.09,-9.11,14.62,0.31,0.32,14.76,192.2,0.875,0,0.00,0.00,0,380.3,437.9,0,0.0,6.50,0.98,1.514,265.0,152.6,149.0,4.12,0.96,5.55,201.8,781,0.00,2.95,0.000,0.00,0.000,-6.15,6.3,0,0.00,0
26.545,on,-0.78,0.00,12.50,-5.47,14.68,0,0,0.0,14.65,14.00,-9.10,-9.10,14.62,0.31,0.32,14.76,192.2,0.875,0,0.00,0.00,0,412.6,437.9,0,0.0,6.00,0.99,1.526,265.0,152.6,149.0,4.11,1.00,5.55,201.9,781,0.00,2.95,0.000,0.00,0.000,-6.15,6.3,0,0.00,0
26.605,on,-0.78,0.00,12.50,-5.47,14.70,0,0,0.0,14.65,14.16,-9.09,-9.11,14.62,0.31,0.31,14.76,192.2,0.875,0,0.00,0.00,0,402.3,437.9,0,0.0,6.00,1.00,1.526,265.0,152.6,149.0,4.11,1.04,5.55,201.9,784,0.00,2.98,0.000,0.00,0.000,-6.15,6.3,0,0.00,0
26.674,on,-0.78,0.00,12.50,-5.47,14.67,0,0,0.0,14.65,14.00,-9.09,-9.12,14.62,0.31,0.31,14.76,192.2,0.875,0,0.00,0.00,0,389.4,437.9,0,0.0,6.00,0.99,1.514,265.0,152.6,149.0,4.11,1.02,5.55,201.9,784,0.00,2.96,0.000,0.00,0.000,-6.15,6.3,0,0.00,0
26.735,on,-0.78,0.00,12.50,-5.47,14.69,0,0,0.0,14.65,14.08,-9.10,-9.12,14.62,0.31,0.31,14.76,192.2,0.875,0,0.00,0.00,0,385.4,437.9,0,0.0,6.00,0.99,1.514,265.0,152.6,149.0,4.10,0.98,5.55,201.9,784,0.00,2.97,0.000,0.00,0.000,-6.15,6.3,0,0.00,0
26.804,on,-0.78,0.00,12.50,-5.47,14.70,0,0,0.0,14.65,14.16,-9.10,-9.12,14.62,0.31,0.31,14.76,192.2,0.875,0,0.00,0.00,0,408.7,437.9,0,0.0,6.00,0.99,1.514,265.0,152.6,149.0,4.11,0.98,5.55,201.9,787,0.00,2.97,0.000,0.00,0.000,-6.15,5.9,0,0.00,0
26.863,on,-0.78,0.00,12.50,-5.47,14.69,0,0,0.0,14.65,14.08,-9.10,-9.13,14.62,0.31,0.31,14.76,192.2,0.875,0,0.00,0.00,0,397.2,437.9,0,0.0,6.00,1.00,1.520,265.0,152.6,149.0,4.10,0.98,5.55,201.8,786,0.00,2.98,0.000,0.00,0.000,-6.15,6.3,0,0.00,0
26.915,on,-0.78,0.00,12.50,-5.47,14.71,0,0,0.0,14.65,14.16,-9.10,-9.12,14.62,0.31,0.31,14.76,192.2,0.875,0,0.00,0.00,0,407.6,437.9,0,0.0,6.00,1.00,1.520,265.0,152.6,149.0,4.10,0.96,5.55,201.8,788,0.00,2.97,0.000,0.00,0.000,-6.15,5.9,0,0.00,0
26.982,on,-0.78,0.00,12.50,-5.47,14.73,0,0,0.0,14.65,14.16,-9.11,-9.14,14.62,0.31,0.31,14.76,192.2,0.875,0,0.00,0.00,0,389.1,437.9,0,0.0,6.50,0.99,1.507,265.0,152.6,149.0,4.09,0.92,5.54,201.8,789,0.00,2.99,0.000,0.00,0.000,-6.15,5.9,0,0.00,0
27.054,on,-0.78,0.00,12.50,-5.47,14.72,0,0,0.0,14.65,14.08,-9.12,-9.16,14.62,0.30,0.31,14.82,192.2,0.875,0,0.00,0.00,0,405.4,437.9,0,0.0,6.00,0.99,1.507,265.0,152.6,149.0,4.07,0.94,5.52,201.8,788,0.00,2.99,0.000,0.00,0.000,-6.15,5.9,0,0.00,0
27.115,on,-0.78,0.00,12.50,-5.47,14.74,0,0,0.0,14.65,14.16,-9.16,-9.18,14.62,0.30,0.31,14.82,192.2,0.875,0,0.00,0.00,0,386.3,437.9,0,0.0,6.50,0.98,1.485,265.0,152.6,149.0,4.06,0.94,5.49,201.8,792,0.00,3.03,0.000,0.00,0.000,-6.15,5.9,0,0.00,0
27.182,on,-0.78,0.00,12.50,-5.47,14.74,0,0,0.0,14.65,14.08,-9.17,-9.19,14.62,0.30,0.31,14.82,192.2,0.875,0,0.00,0.00,0,392.6,437.9,0,0.0,6.00,0.98,1.485,265.0,152.6,149.0,4.04,0.98,5.47,201.7,789,0.00,3.04,0.000,0.00,0.000,-6.15,5.9,0,0.00,0
27.275,on,-0.78,0.00,12.50,-5.47,14.74,0,0,0.0,14.65,13.92,-9.19,-9.22,14.62,0.30,0.31,14.82,192.2,0.875,0,0.00,0.00,0,401.6,437.9,0,0.0,6.00,0.98,1.485,265.0,152.6,149.0,4.03,0.92,5.46,201.7,790,0.00,3.07,0.000,0.00,0.000,-6.15,5.9,0,0.00,0
27.328,on,-0.78,0.00,12.50,-5.47,14.74,0,0,0.0,14.65,14.16,-9.22,-9.23,14.62,0.30,0.31,14.82,192.2,0.875,0,0.00,0.00,0,387.3,437.9,0,0.0,6.00,0.97,1.485,265.0,152.6,149.0,4.01,0.96,5.43,201.7,787,0.00,3.09,0.000,0.00,0.000,-6.15,5.9,0,0.00,0
27.405,on,0.00,0.00,12.50,-5.47,14.78,0,0,0.0,14.65,14.00,-9.23,-9.25,14.62,0.30,0.30,14.82,192.2,0.875,0,0.00,0.00,0,399.0,437.9,0,0.0,6.00,0.97,1.485,265.0,152.6,149.0,4.00,0.98,5.42,201.7,788,0.00,3.10,0.000,0.00,0.000,-6.15,6.3,0,0.00,0
27.465,on,0.00,0.00,12.50,-5.47,14.76,0,0,0.0,14.65,14.00,-9.22,-9.25,14.62,0.30,0.31,14.82,192.2,0.875,0,0.00,0.00,0,402.9,437.9,0,0.0,6.50,0.97,1.488,265.0,152.6,149.0,3.98,0.98,5.43,201.7,781,0.00,3.10,0.000,0.00,0.000,-6.15,6.3,0,0.00,0
27.518,on,0.00,0.00,12.50,-5.47,14.79,0,0,0.0,14.65,14.16,-9.22,-9.25,14.62,0.30,0.31,14.82,192.2,0.875,0,0.00,0.00,0,404.6,437.9,0,0.0,6.00,0.96,1.488,265.0,152.6,149.0,3.96,0.96,5.43,201.7,778,0.00,3.10,0.000,0.00,0.000,-6.15,6.3,0,0.00,0
27.595,on,0.00,0.00,12.50,-5.47,14.81,0,0,0.0,14.65,13.92,-9.21,-9.24,14.62,0.30,0.31,14.82,192.2,0.875,0,0.00,0.00,0,387.3,437.9,0,0.0,6.50,0.96,1.488,265.0,152.6,149.0,3.97,0.98,5.44,201.7,776,0.00,3.09,0.000,0.00,0.000,-6.15,6.3,0,0.00,0
27.651,on,0.00,0.00,12.50,-5.47,14.76,0,0,0.0,14.65,13.84,-9.20,-9.21,14.62,0.30,0.31,14.82,192.2,0.875,0,0.00,0.00,0,392.0,437.9,0,0.0,6.50,0.95,1.488,265.0,152.6,149.0,3.96,0.98,5.45,201.7,770,0.00,3.07,0.000,0.00,0.000,-6.15,6.3,0,0.00,0
27.706,on,0.00,0.00,12.50,-5.47,14.82,0,0,0.0,14.65,14.16,-9.17,-9.20,14.62,0.30,0.31,14.82,192.2,0.875,0,0.00,0.00,0,404.2,437.9,0,0.0,7.00,0.95,1.488,265.0,152.6,149.0,3.98,1.00,5.48,201.7,769,0.00,3.05,0.000,0.00,0.000,-6.15,6.3,0,0.00,0
27.768,on,0.00,0.00,12.50,-5.47,14.76,0,0,0.0,14.65,14.00,-9.13,-9.15,14.62,0.31,0.31,14.76,192.2,0.875,0,0.00,0.00,0,403.4,437.9,0,0.0,7.00,0.96,1.507,265.0,152.6,149.0,3.98,0.98,5.52,201.7,765,0.00,3.01,0.000,0.00,0.000,-6.15,6.3,0,0.00,0
27.825,on,0.00,0.00,12.50,-5.47,14.81,0,0,0.0,14.65,14.16,-9.11,-9.13,14.62,0.31,0.31,14.76,192.2,0.875,0,0.00,0.00,0,407.6,437.9,0,0.0,7.50,0.96,1.507,265.0,152.6,149.0,4.00,1.02,5.54,201.8,763,0.00,2.99,0.000,0.00,0.000,-6.15,6.3,0,0.00,0
27.895,on,0.00,0.00,12.50,-5.47,14.84,0,0,0.0,14.65,14.16,-9.04,-9.07,14.62,0.31,0.32,14.76,192.2,0.875,0,0.00,0.00,0,382.5,437.9,0,0.0,7.50,0.98,1.542,265.0,152.6,149.0,4.03,0.98,5.60,201.8,764,0.00,2.93,0.000,0.00,0.000,-6.15,6.3,0,0.00,0
27.955,on,0.00,0.00,12.50,-5.47,14.82,0,0,0.0,14.65,14.00,-9.01,-9.03,14.62,0.31,0.32,14.76,192.2,0.875,0,0.00,0.00,0,397.1,437.9,0,0.0,7.50,0.98,1.542,265.0,152.6,149.0,4.05,0.98,5.64,201.8,763,0.00,2.88,0.000,0.00,0.000,-6.15,6.3,0,0.00,0
28.022,on,0.78,0.00,12.50,-5.47,14.87,0,0,0.0,14.65,14.08,-8.98,-9.02,14.62,0.31,0.32,14.76,192.2,0.875,0,0.00,0.00,0,383.6,437.9,0,0.0,7.50,0.99,1.542,265.0,152.6,149.0,4.06,0.98,5.67,201.8,768,0.00,2.87,0.000,0.00,0.000,-6.15,6.3,0,0.00,0
28.096,on,0.78,0.00,12.50,-5.47,14.87,0,0,0.0,14.65,14.00,-8.97,-9.00,14.62,0.31,0.32,14.76,192.2,0.875,0,0.00,0.00,0,393.8,437.9,0,0.0,7.00,1.00,1.555,265.0,152.6,149.0,4.06,1.00,5.68,201.8,768,0.00,2.84,0.000,0.00,0.000,-6.15,6.3,0,0.00,0
28.156,on,0.78,0.00,12.50,-5.47,14.88,0,0,0.0,14.65,14.00,-8.97,-8.99,14.62,0.31,0.32,14.76,192.2,0.875,0,0.00,0.00,0,388.1,437.9,0,0.0,7.00,1.00,1.555,265.0,152.6,149.0,4.07,0.98,5.68,201.8,773,0.00,2.83,0.000,0.00,0.000,-6.15,6.3,0,0.00,0
28.236,on,0.78,0.00,12.50,-5.47,14.87,0,0,0.0,14.65,14.16,-8.97,-9.00,14.62,0.31,0.31,14.76,192.2,0.875,0,0.00,0.00,0,408.8,437.9,0,0.0,6.50,1.00,1.542,265.0,152.6,149.0,4.06,0.94,5.68,201.8,777,0.00,2.86,0.000,0.00,0.000,-6.15,6.3,0,0.00,0
28.296,on,0.78,0.00,12.50,-5.47,14.91,0,0,0.0,14.65,14.00,-9.00,-9.03,14.62,0.30,0.31,14.76,192.2,0.875,0,0.00,0.00,0,404.6,437.9,0,0.0,6.50,1.01,1.542,265.0,152.6,149.0,4.05,0.98,5.65,201.8,784,0.00,2.88,0.000,0.00,0.000,-6.15,6.3,0,0.00,0
28.362,on,0.78,0.00,12.50,-5.47,14.90,0,0,0.0,14.65,14.16,-9.04,-9.05,14.62,0.30,0.31,14.82,192.2,0.875,0,0.00,0.00,0,384.3,437.9,0,0.0,6.00,1.00,1.520,265.0,152.6,149.0,4.04,1.00,5.61,201.8,787,0.00,2.90,0.000,0.00,0.000,-6.15,5.9,0,0.00,0
28.430,on,0.78,0.00,12.50,-5.47,14.90,0,0,0.0,14.65,13.84,-9.08,-9.09,14.62,0.30,0.31,14.82,192.2,0.875,0,0.00,0.00,0,366.4,437.9,0,0.0,6.00,1.00,1.520,265.0,152.6,149.0,4.02,1.00,5.57,201.7,788,0.00,2.93,0.000,0.00,0.000,-6.15,5.9,0,0.00,0
28.496,on,0.78,0.00,12.50,-5.47,14.91,0,0,0.0,14.65,14.00,-9.10,-9.12,14.62,0.30,0.30,14.82,192.2,0.875,0,0.00,0.00,0,404.6,437.9,0,0.0,6.50,0.98,1.491,265.0,152.6,149.0,4.01,1.00,5.55,201.7,792,0.00,2.97,0.000,0.00,0.000,-6.15,5.9,0,0.00,0
28.566,on,1.56,0.00,12.50,-5.47,14.91,0,0,0.0,14.65,14.16,-9.16,-9.17,14.62,0.30,0.30,14.82,192.2,0.875,0,0.00,0.00,0,388.9,437.9,0,0.0,6.00,0.98,1.491,265.0,152.6,149.0,3.99,0.96,5.48,201.7,791,0.00,3.03,0.000,0.00,0.000,-6.15,5.9,0,0.00,0
28.616,on,1.56,0.00,12.50,-5.47,14.93,0,0,0.0,14.65,14.24,-9.20,-9.22,14.62,0.30,0.30,14.82,192.2,0.875,0,0.00,0.00,0,383.8,437.9,0,0.0,6.00,0.99,1.491,265.0,152.6,149.0,3.98,0.96,5.45,201.7,793,0.00,3.07,0.000,0.00,0.000,-6.15,5.9,0,0.00,0
28.686,on,1.56,0.00,12.50,-5.47,14.93,0,0,0.0,14.65,14.00,-9.23,-9.24,14.62,0.30,0.30,14.82,192.2,0.875,0,0.00,0.00,0,390.6,437.9,0,0.0,6.00,0.97,1.466,265.0,152.6,149.0,3.96,0.96,5.42,201.7,790,0.00,3.09,0.000,0.00,0.000,-6.15,5.9,0,0.00,0
28.740,on,1.56,0.00,12.50,-5.47,14.94,0,0,0.0,14.65,13.92,-9.25,-9.26,14.62,0.30,0.30,14.82,192.2,0.875,0,0.00,0.00,0,398.6,437.9,0,0.0,6.00,0.96,1.466,265.0,152.6,149.0,3.94,1.00,5.40,201.7,784,0.00,3.11,0.000,0.00,0.000,-6.15,6.3,0,0.00,0
28.795,on,1.56,0.00,12.50,-5.47,14.94,0,0,0.0,14.65,14.16,-9.25,-9.26,14.62,0.30,0.30,14.82,192.2,0.875,0,0.00,0.00,0,407.6,437.9,0,0.0,6.00,0.96,1.466,265.0,152.6,149.0,3.95,0.96,5.40,201.7,784,0.00,3.11,0.000,0.00,0.000,-6.15,6.3,0,0.00,0
28.862,on,1.56,0.00,12.50,-5.47,14.93,0,0,0.0,14.65,14.08,-9.24,-9.26,14.62,0.30,0.30,14.82,192.2,0.875,0,0.00,0.00,0,395.8,437.9,0,0.0,6.00,0.96,1.485,265.0,152.6,149.0,3.94,0.96,5.41,201.7,776,0.00,3.11,0.000,0.00,0.000,-6.15,6.3,0,0.00,0
28.934,on,1.56,0.00,12.50,-5.47,14.94,0,0,0.0,14.65,14.16,-9.20,-9.23,14.62,0.30,0.31,14.82,192.2,0.875,0,0.00,0.00,0,385.3,437.9,0,0.0,6.50,0.96,1.485,265.0,152.6,149.0,3.96,0.98,5.45,201.7,775,0.00,3.08,0.000,0.00,0.000,-6.15,6.3,0,0.00,0
28.999,on,1.56,0.00,12.50,-5.47,14.97,0,0,0.0,14.65,14.00,-9.17,-9.20,14.62,0.30,0.31,14.82,192.2,0.875,0,0.00,0.00,0,408.8,437.9,0,0.0,6.50,0.98,1.514,265.0,152.6,149.0,3.98,0.96,5.48,201.7,775,0.00,3.05,0.000,0.00,0.000,-6.15,6.3,0,0.00,0
29.056,on,1.56,0.00,12.50,-5.47,14.94,0,0,0.0,14.65,14.00,-9.16,-9.19,14.62,0.30,0.31,14.82,192.2,0.875,0,0.00,0.00,0,403.7,437.9,0,0.0,6.50,0.97,1.514,265.0,152.6,149.0,3.99,1.00,5.49,201.7,773,0.00,3.04,0.000,0.00,0.000,-6.15,6.3,0,0.00,0
29.132,on,2.34,0.00,12.50,-5.47,14.94,0,0,0.0,14.65,14.16,-9.12,-9.16,14.62,0.31,0.31,14.76,192.2,0.875,0,0.00,0.00,0,384.8,437.9,0,0.0,6.50,0.99,1.539,265.0,152.6,149.0,4.00,1.00,5.53,201.7,768,0.00,3.00,0.000,0.00,0.000,-6.15,6.3,0,0.00,0
29.206,on,2.34,0.00,12.50,-5.47,14.96,0,0,0.0,14.65,14.00,-9.08,-9.12,14.62,0.31,0.31,14.76,192.2,0.875,0,0.00,0.00,0,393.8,437.9,0,0.0,7.00,0.99,1.539,265.0,152.6,149.0,4.02,0.98,5.57,201.7,770,0.00,2.97,0.000,0.00,0.000,-6.15,6.3,0,0.00,0
29.266,on,2.34,0.00,12.50,-5.47,14.91,0,0,0.0,14.65,14.16,-9.06,-9.08,14.62,0.31,0.31,14.76,192.2,0.875,0,0.00,0.00,0,409.0,437.9,0,0.0,7.00,1.00,1.555,265.0,152.6,149.0,4.04,0.96,5.59,201.7,774,0.00,2.95,0.000,0.00,0.000,-6.15,6.3,0,0.00,0
29.346,on,2.34,0.00,12.50,-5.47,14.91,0,0,0.0,14.65,14.08,-9.04,-9.06,14.62,0.31,0.31,14.76,192.2,0.875,0,0.00,0.00,0,381.4,437.9,0,0.0,7.00,1.00,1.555,265.0,152.6,149.0,4.03,0.96,5.61,201.7,774,0.00,2.91,0.000,0.00,0.000,-6.15,6.3,0,0.00,0
29.423,on,2.34,0.00,12.50,-5.47,14.93,0,0,0.0,14.65,14.08,-9.03,-9.05,14.62,0.31,0.31,14.82,192.2,0.875,0,0.00,0.00,0,412.9,437.9,0,0.0,6.50,1.01,1.555,265.0,152.6,149.0,4.04,1.00,5.62,201.8,780,0.00,2.91,0.000,0.00,0.000,-6.15,6.3,0,0.00,0
29.496,on,2.34,0.00,12.50,-5.47,14.91,0,0,0.0,14.65,14.16,-9.03,-9.07,14.62,0.30,0.31,14.82,192.2,0.875,0,0.00,0.00,0,395.6,437.9,0,0.0,6.50,1.01,1.542,265.0,152.6,149.0,4.03,1.02,5.62,201.8,782,0.00,2.92,0.000,0.00,0.000,-6.15,6.3,0,0.00,0
29.556,on,2.34,0.00,12.50,-5.47,14.90,0,0,0.0,14.65,14.08,-9.05,-9.08,14.62,0.30,0.31,14.82,192.2,0.875,0,0.00,0.00,0,402.5,437.9,0,0.0,6.50,1.01,1.542,265.0,152.6,149.0,4.02,0.98,5.59,201.8,789,0.00,2.94,0.000,0.00,0.000,-6.15,6.3,0,0.00,0
29.631,on,2.34,0.00,12.50,-5.47,14.88,0,0,0.0,14.65,14.16,-9.10,-9.12,14.62,0.30,0.31,14.82,192.2,0.875,0,0.00,0.00,0,393.7,437.9,0,0.0,6.50,1.00,1.526,265.0,152.6,149.0,4.01,0.98,5.55,201.8,787,0.00,2.95,0.000,0.00,0.000,-6.15,6.3,0,0.00,0
29.696,on,2.34,0.00,12.50,-5.47,14.90,0,0,0.0,14.65,14.08,-9.13,-9.15,14.62,0.30,0.30,14.82,192.2,0.875,0,0.00,0.00,0,379.3,437.9,0,0.0,6.00,1.00,1.526,265.0,152.6,149.0,4.00,1.00,5.52,201.8,790,0.00,3.00,0.000,0.00,0.000,-6.15,5.9,0,0.00,0
29.760,on,2.34,0.00,12.50,-5.47,14.87,0,0,0.0,14.65,14.00,-9.15,-9.17,14.62,0.30,0.30,14.82,192.2,0.875,0,0.00,0.00,0,387.7,437.9,0,0.0,6.50,0.99,1.514,265.0,152.6,149.0,3.99,0.96,5.50,201.8,788,0.00,3.02,0.000,0.00,0.000,-6.15,6.3,0,0.00,0
29.816,on,2.34,0.00,12.50,-5.47,14.88,0,0,0.0,14.65,14.00,-9.19,-9.21,14.62,0.30,0.30,14.82,192.2,0.875,0,0.00,0.00,0,403.3,437.9,0,0.0,6.50,0.99,1.514,265.0,152.6,149.0,3.98,0.96,5.46,201.8,788,0.00,3.06,0.000,0.00,0.000,-6.15,6.3,0,0.00,0
29.884,on,2.34,0.00,12.50,-5.47,14.87,0,0,0.0,14.65,14.16,-9.20,-9.21,14.62,0.30,0.30,14.82,192.2,0.875,0,0.00,0.00,0,404.6,437.9,0,0.0,6.50,0.99,1.507,265.0,152.6,149.0,3.98,0.94,5.45,201.8,790,0.00,3.06,0.000,0.00,0.000,-6.15,6.3,0,0.00,0
29.936,on,2.34,0.00,12.50,-5.47,14.86,0,0,0.0,14.65,14.08,-9.21,-9.24,14.62,0.30,0.30,14.82,192.2,0.875,0,0.00,0.00,0,384.8,437.9,0,0.0,6.50,0.99,1.507,265.0,152.6,149.0,3.97,0.96,5.43,201.8,787,0.00,3.09,0.000,0.00,0.000,-6.15,6.3,0,0.00,0
30.002,on,3.12,0.00,12.50,-5.47,14.88,0,0,0.0,14.65,14.00,-9.23,-9.24,14.62,0.30,0.30,14.82,192.2,0.875,0,0.00,0.00,0,378.0,437.9,0,0.0,6.00,0.99,1.507,265.0,152.6,149.0,3.97,0.96,5.42,201.8,789,0.00,3.09,0.000,0.00,0.000,-6.15,6.3,0,0.00,0
30.066,on,2.34,0.00,12.50,-5.47,14.83,0,0,0.0,14.65,14.16,-9.23,-9.25,14.62,0.30,0.30,14.82,192.2,0.875,0,0.00,0.00,0,411.4,437.9,0,0.0,6.00,0.98,1.501,265.0,152.6,149.0,3.95,1.02,5.42,201.7,785,0.00,3.12,0.000,0.00,0.000,-6.15,6.3,0,0.00,0
30.130,on,3.12,0.00,12.50,-5.47,14.84,0,0,0.0,14.65,14.00,-9.24,-9.27,14.62,0.30,0.30,14.82,192.2,0.875,0,0.00,0.00,0,403.6,437.9,0,0.0,6.00,0.98,1.501,265.0,152.6,149.0,3.95,1.02,5.41,201.7,782,0.00,3.12,0.000,0.00,0.000,-6.15,6.3,0,0.00,0
30.186,on,3.12,0.00,12.50,-5.47,14.88,0,0,0.0,14.65,14.08,-9.23,-9.24,14.62,0.30,0.30,14.82,192.2,0.875,0,0.00,0.00,0,392.4,437.9,0,0.0,6.00,0.99,1.520,265.0,152.6,149.0,3.97,1.04,5.42,201.7,782,0.00,3.10,0.000,0.00,0.000,-6.15,6.3,0,0.00,0
30.246,on,3.12,0.00,12.50,-5.47,14.83,0,0,0.0,14.65,14.16,-9.21,-9.24,14.62,0.30,0.31,14.82,192.2,0.875,0,0.00,0.00,0,393.6,437.9,0,0.0,6.00,0.99,1.520,265.0,152.6,149.0,3.98,1.02,5.44,201.7,778,0.00,3.09,0.000,0.00,0.000,-6.15,6.3,0,0.00,0
30.315,on,3.12,0.00,12.50,-5.47,14.86,0,0,0.0,14.65,14.08,-9.19,-9.22,14.62,0.30,0.31,14.82,192.2,0.875,0,0.00,0.00,0,387.5,437.9,0,0.0,6.50,0.99,1.520,265.0,152.6,149.0,3.99,1.00,5.46,201.7,778,0.00,3.07,0.000,0.00,0.000,-6.15,6.3,0,0.00,0
30.367,on,3.12,0.00,12.50,-5.47,14.82,0,0,0.0,14.65,13.84,-9.18,-9.21,14.62,0.30,0.31,14.82,192.2,0.875,0,0.00,0.00,0,388.3,437.9,0,0.0,6.50,0.98,1.520,265.0,152.6,149.0,4.00,1.00,5.47,201.7,775,0.00,3.07,0.000,0.00,0.000,-6.15,6.3,0,0.00,0
30.426,on,3.12,0.00,12.50,-5.47,14.82,0,0,0.0,14.65,14.16,-9.17,-9.20,14.62,0.31,0.31,14.82,192.2,0.875,0,0.00,0.00,0,398.6,437.9,0,0.0,6.50,0.98,1.520,265.0,152.6,149.0,4.00,0.96,5.48,201.7,772,0.00,3.04,0.000,0.00,0.000,-6.15,6.3,0,0.00,0
30.493,on,3.12,0.00,12.50,-5.47,14.81,0,0,0.0,14.65,14.00,-9.16,-9.17,14.62,0.31,0.31,14.76,192.2,0.875,0,0.00,0.00,0,407.6,437.9,0,0.0,6.50,0.98,1.520,265.0,152.6,149.0,4.01,0.96,5.49,201.7,774,0.00,3.04,0.000,0.00,0.000,-6.15,6.3,0,0.00,0
30.546,on,3.12,0.00,12.50,-5.47,14.76,0,0,0.0,14.65,14.16,-9.12,-9.16,14.62,0.31,0.31,14.76,192.2,0.875,0,0.00,0.00,0,393.0,437.9,0,0.0,6.50,1.00,1.562,265.0,152.6,149.0,4.02,0.98,5.52,201.7,772,0.00,3.01,0.000,0.00,0.000,-6.15,6.3,0,0.00,0
30.615,on,3.12,0.00,12.50,-5.47,14.79,0,0,0.0,14.65,14.24,-9.11,-9.14,14.62,0.31,0.31,14.76,192.2,0.875,0,0.00,0.00,0,407.6,437.9,0,0.0,6.50,1.01,1.562,265.0,152.6,149.0,4.04,1.00,5.54,201.7,775,0.00,3.01,0.000,0.00,0.000,-6.15,6.3,0,0.00,0
30.676,on,3.12,0.00,12.50,-5.47,14.75,0,0,0.0,14.65,14.00,-9.10,-9.11,14.62,0.31,0.31,14.76,192.2,0.875,0,0.00,0.00,0,387.7,437.9,0,0.0,6.50,1.00,1.555,265.0,152.6,149.0,4.05,1.00,5.55,201.7,775,0.00,2.98,0.000,0.00,0.000,-6.15,6.3,0,0.00,0
30.738,on,3.12,0.00,12.50,-5.47,14.75,0,0,0.0,14.65,14.00,-9.07,-9.11,14.62,0.31,0.31,14.76,192.2,0.875,0,0.00,0.00,0,398.6,437.9,0,0.0,6.50,1.00,1.555,265.0,152.6,149.0,4.05,0.98,5.58,201.7,774,0.00,2.96,0.000,0.00,0.000,-6.15,6.3,0,0.00,0
30.796,on,3.12,0.00,12.50,-5.47,14.75,0,0,0.0,14.65,14.08,-9.07,-9.08,14.62,0.31,0.31,14.76,192.2,0.875,0,0.00,0.00,0,407.6,437.9,0,0.0,6.50,1.01,1.555,265.0,152.6,149.0,4.06,1.04,5.58,201.7,778,0.00,2.94,0.000,0.00,0.000,-6.15,6.3,0,0.00,0
30.864,on,3.12,0.00,12.50,-5.47,14.74,0,0,0.0,14.65,14.00,-9.05,-9.10,14.62,0.31,0.31,14.76,192.2,0.875,0,0.00,0.00,0,397.2,437.9,0,0.0,6.50,1.02,1.574,265.0,152.6,149.0,4.07,1.02,5.59,201.7,777,0.00,2.95,0.000,0.00,0.000,-6.15,6.3,0,0.00,0
30.916,on,3.12,0.00,12.50,-5.47,14.74,0,0,0.0,14.65,14.16,-9.05,-9.09,14.62,0.31,0.31,14.76,192.2,0.875,0,0.00,0.00,0,407.6,437.9,0,0.0,6.50,1.02,1.574,265.0,152.6,149.0,4.08,0.98,5.59,201.7,781,0.00,2.94,0.000,0.00,0.000,-6.15,6.3,0,0.00,0
30.993,on,3.12,0.00,12.50,-5.47,14.74,0,0,0.0,14.65,14.08,-9.06,-9.09,14.62,0.31,0.31,14.76,192.2,0.875,0,0.00,0.00,0,390.5,437.9,0,0.0,6.50,1.02,1.555,265.0,152.6,149.0,4.07,0.96,5.59,201.7,783,0.00,2.96,0.000,0.00,0.000,-6.15,6.3,0,0.00,0
31.046,on,3.12,0.00,12.50,-5.47,14.72,0,0,0.0,14.65,14.00,-9.09,-9.12,14.62,0.31,0.31,14.76,192.2,0.875,0,0.00,0.00,0,406.4,437.9,0,0.0,6.00,1.02,1.555,265.0,152.6,149.0,4.07,0.96,5.55,201.8,786,0.00,2.95,0.000,0.00,0.000,-6.15,6.3,0,0.00,0
31.106,on,3.12,0.00,12.50,-5.47,14.74,0,0,0.0,14.65,14.16,-9.11,-9.13,14.62,0.30,0.31,14.82,192.2,0.875,0,0.00,0.00,0,408.7,437.9,0,0.0,6.50,1.02,1.542,265.0,152.6,149.0,4.07,1.00,5.54,201.8,791,0.00,2.99,0.000,0.00,0.000,-6.15,5.9,0,0.00,0
31.176,on,3.12,0.00,12.50,-5.47,14.73,0,0,0.0,14.65,14.16,-9.14,-9.16,14.62,0.30,0.31,14.82,192.2,0.875,0,0.00,0.00,0,395.8,437.9,0,0.0,6.50,1.02,1.542,265.0,152.6,149.0,4.06,1.00,5.51,201.8,793,0.00,3.01,0.000,0.00,0.000,-6.15,5.9,0,0.00,0
31.236,on,3.12,0.00,12.50,-5.47,14.72,0,0,0.0,14.65,14.00,-9.19,-9.21,14.62,0.30,0.31,14.82,192.2,0.875,0,0.00,0.00,0,382.0,437.9,0,0.0,6.00,1.02,1.542,265.0,152.6,149.0,4.05,0.96,5.46,201.8,796,0.00,3.06,0.000,0.00,0.000,-6.15,5.9,0,0.00,0
31.315,on,3.12,0.00,12.50,-5.47,14.73,0,0,0.0,14.65,14.16,-9.24,-9.26,14.62,0.30,0.30,14.82,192.2,0.875,0,0.00,0.00,0,385.7,437.9,0,0.0,5.50,1.01,1.530,265.0,152.6,149.0,4.03,0.96,5.41,201.9,796,0.00,3.08,0.000,0.00,0.000,-6.15,5.9,0,0.00,0
31.376,on,3.12,0.00,12.50,-5.47,14.71,0,0,0.0,14.65,14.16,-9.29,-9.30,14.62,0.30,0.30,14.82,192.2,0.875,0,0.00,0.00,0,383.4,437.9,0,0.0,6.00,1.01,1.530,265.0,152.6,149.0,4.01,0.98,5.36,201.9,796,0.00,3.13,0.000,0.00,0.000,-6.15,5.9,0,0.00,0
31.461,on,3.12,0.00,12.50,-5.47,14.71,0,0,0.0,14.65,14.08,-9.31,-9.33,14.62,0.30,0.30,14.82,192.2,0.875,0,0.00,0.00,0,390.1,437.9,0,0.0,6.00,1.00,1.514,265.0,152.6,149.0,3.98,0.96,5.34,201.9,789,0.00,3.17,0.000,0.00,0.000,-6.15,6.3,0,0.00,0
31.520,on,3.12,0.00,12.50,-5.47,14.70,0,0,0.0,14.65,14.16,-9.31,-9.32,14.62,0.30,0.30,14.82,192.2,0.875,0,0.00,0.00,0,407.6,437.9,0,0.0,6.00,0.99,1.514,265.0,152.6,149.0,3.97,0.94,5.34,201.9,788,0.00,3.18,0.000,0.00,0.000,-6.15,6.3,0,0.00,0
31.576,on,3.12,0.00,12.50,-5.47,14.69,0,0,0.0,14.65,14.00,-9.30,-9.33,14.62,0.30,0.30,14.82,192.2,0.875,0,0.00,0.00,0,390.5,437.9,0,0.0,6.00,0.98,1.501,265.0,152.6,149.0,3.97,0.92,5.35,201.9,785,0.00,3.18,0.000,0.00,0.000,-6.15,6.3,0,0.00,0
31.644,on,3.12,0.00,12.50,-5.47,14.68,0,0,0.0,14.65,14.00,-9.29,-9.31,14.62,0.30,0.30,14.82,192.2,0.875,0,0.00,0.00,0,393.9,437.9,0,0.0,6.00,0.98,1.501,265.0,152.6,149.0,3.97,0.98,5.36,201.8,781,0.00,3.16,0.000,0.00,0.000,-6.15,6.3,0,0.00,0
31.696,on,3.12,0.00,12.50,-5.47,14.68,0,0,0.0,14.65,14.16,-9.27,-9.30,14.62,0.30,0.31,14.82,192.2,0.875,0,0.00,0.00,0,405.4,437.9,0,0.0,6.00,0.97,1.501,265.0,152.6,149.0,3.98,1.00,5.38,201.8,779,0.00,3.16,0.000,0.00,0.000,-6.15,6.3,0,0.00,0
31.756,on,3.12,0.00,12.50,-5.47,14.69,0,0,0.0,14.65,14.08,-9.22,-9.26,14.62,0.30,0.31,14.82,192.2,0.875,0,0.00,0.00,0,398.0,437.9,0,0.0,6.50,0.98,1.514,265.0,152.6,149.0,3.98,0.96,5.43,201.8,774,0.00,3.11,0.000,0.00,0.000,-6.15,6.3,0,0.00,0
31.824,on,3.12,0.00,12.50,-5.47,14.65,0,0,0.0,14.65,14.00,-9.21,-9.22,14.62,0.30,0.31,14.82,192.2,0.875,0,0.00,0.00,0,399.5,437.9,0,0.0,6.50,0.97,1.514,265.0,152.6,149.0,3.98,1.00,5.44,201.8,770,0.00,3.09,0.000,0.00,0.000,-6.15,6.3,0,0.00,0
31.876,on,3.12,0.00,12.50,-5.47,14.64,0,0,0.0,14.65,14.08,-9.16,-9.20,14.62,0.31,0.31,14.76,192.2,0.875,0,0.00,0.00,0,387.2,437.9,0,0.0,6.50,1.01,1.571,265.0,152.6,149.0,4.00,0.98,5.49,201.8,768,0.00,3.05,0.000,0.00,0.000,-6.15,6.3,0,0.00,0
31.945,on,3.12,0.00,12.50,-5.47,14.62,0,0,0.0,14.65,14.08,-9.13,-9.16,14.62,0.31,0.31,14.76,192.2,0.875,0,0.00,0.00,0,394.1,437.9,0,0.0,6.50,1.00,1.571,265.0,152.6,149.0,4.01,1.00,5.52,201.8,766,0.00,3.03,0.000,0.00,0.000,-6.15,6.3,0,0.00,0
32.006,on,3.12,0.00,12.50,-5.47,14.63,0,0,0.0,14.65,13.92,-9.09,-9.13,14.62,0.31,0.32,14.76,192.2,0.875,0,0.00,0.00,0,402.0,437.9,0,0.0,7.00,1.01,1.571,265.0,152.6,149.0,4.04,1.00,5.56,201.7,768,0.00,2.98,0.000,0.00,0.000,-6.15,6.3,0,0.00,0
32.070,on,3.12,0.00,12.50,-5.47,14.60,0,0,0.0,14.65,14.08,-9.04,-9.09,14.62,0.31,0.32,14.76,192.2,0.875,0,0.00,0.00,0,403.7,437.9,0,0.0,7.00,1.00,1.568,265.0,152.6,149.0,4.05,1.04,5.60,201.7,768,0.00,2.95,0.000,0.00,0.000,-6.15,6.3,0,0.00,0
32.126,on,3.12,0.00,12.50,-5.47,14.60,0,0,0.0,14.65,13.92,-9.03,-9.07,14.62,0.31,0.32,14.76,192.2,0.875,0,0.00,0.00,0,408.7,437.9,0,0.0,7.00,1.01,1.568,265.0,152.6,149.0,4.08,1.04,5.62,201.7,773,0.00,2.93,0.000,0.00,0.000,-6.15,6.3,0,0.00,0
32.194,on,3.12,0.00,12.50,-5.47,14.62,0,0,0.0,14.65,14.08,-9.02,-9.05,14.62,0.31,0.32,14.76,192.2,0.875,0,0.00,0.00,0,387.3,437.9,0,0.0,7.00,1.03,1.590,265.0,152.6,149.0,4.10,1.02,5.63,201.7,777,0.00,2.90,0.000,0.00,0.000,-6.15,6.3,0,0.00,0
32.246,on,3.12,0.00,12.50,-5.47,14.59,0,0,0.0,14.65,14.08,-9.02,-9.04,14.62,0.31,0.32,14.76,192.2,0.875,0,0.00,0.00,0,396.7,437.9,0,0.0,6.50,1.04,1.590,265.0,152.6,149.0,4.10,1.00,5.63,201.7,781,0.00,2.90,0.000,0.00,0.000,-6.15,6.3,0,0.00,0
32.317,on,3.12,0.00,12.50,-5.47,14.60,0,0,0.0,14.65,14.00,-9.03,-9.07,14.62,0.31,0.31,14.76,192.2,0.875,0,0.00,0.00,0,385.4,437.9,0,0.0,6.50,1.04,1.590,265.0,152.6,149.0,4.11,0.96,5.62,201.7,788,0.00,2.90,0.000,0.00,0.000,-6.15,5.9,0,0.00,0
32.371,on,2.34,0.00,12.50,-5.47,14.60,0,0,0.0,14.65,13.92,-9.05,-9.07,14.62,0.30,0.31,14.76,192.2,0.875,0,0.00,0.00,0,403.7,437.9,0,0.0,6.50,1.02,1.555,265.0,152.6,149.0,4.09,0.98,5.60,201.7,791,0.00,2.94,0.000,0.00,0.000,-6.15,5.9,0,0.00,0
32.426,on,2.34,0.00,12.50,-5.47,14.59,0,0,0.0,14.65,14.00,-9.11,-9.13,14.62,0.30,0.31,14.82,192.2,0.875,0,0.00,0.00,0,403.3,437.9,0,0.0,6.00,1.03,1.555,265.0,152.6,149.0,4.07,0.96,5.54,201.7,793,0.00,2.95,0.000,0.00,0.000,-6.15,5.9,0,0.00,0
32.505,on,2.34,0.00,12.50,-5.47,14.60,0,0,0.0,14.65,13.92,-9.16,-9.19,14.62,0.30,0.31,14.82,192.2,0.875,0,0.00,0.00,0,386.4,437.9,0,0.0,6.00,1.02,1.530,265.0,152.6,149.0,4.06,0.98,5.49,201.7,797,0.00,3.02,0.000,0.00,0.000,-6.15,5.9,0,0.00,0
32.567,on,3.12,0.00,12.50,-5.47,14.61,0,0,0.0,14.65,13.84,-9.23,-9.23,14.62,0.30,0.30,14.82,192.2,0.875,0,0.00,0.00,0,385.0,437.9,0,0.0,5.50,1.02,1.530,265.0,152.6,149.0,4.04,0.98,5.42,201.7,798,0.00,3.05,0.000,0.00,0.000,-6.15,5.9,0,0.00,0
32.626,on,2.34,0.00,12.50,-5.47,14.60,0,0,0.0,14.65,13.92,-9.26,-9.27,14.62,0.30,0.30,14.82,192.2,0.875,0,0.00,0.00,0,406.4,437.9,0,0.0,5.50,1.02,1.530,265.0,152.6,149.0,4.02,0.98,5.39,201.8,798,0.00,3.12,0.000,0.00,0.000,-6.15,5.9,0,0.00,0
32.691,on,2.34,0.00,12.50,-5.47,14.60,0,0,0.0,14.65,13.68,-9.29,-9.31,14.62,0.30,0.30,14.82,192.2,0.875,0,0.00,0.00,0,391.4,437.9,0,0.0,5.50,1.01,1.530,265.0,152.6,149.0,4.01,0.98,5.36,201.8,795,0.00,3.14,0.000,0.00,0.000,-6.15,5.9,0,0.00,0
32.746,on,2.34,0.00,12.50,-5.47,14.60,0,0,0.0,14.65,13.84,-9.31,-9.31,14.62,0.30,0.30,14.82,192.2,0.875,0,0.00,0.00,0,403.2,437.9,0,0.0,6.00,1.01,1.530,265.0,152.6,149.0,4.00,0.96,5.34,201.8,792,0.00,3.17,0.000,0.00,0.000,-6.15,6.3,0,0.00,0
32.826,on,2.34,0.00,12.50,-5.47,14.61,0,0,0.0,14.65,13.92,-9.29,-9.31,14.62,0.30,0.30,14.82,192.2,0.875,0,0.00,0.00,0,387.5,437.9,0,0.0,6.00,1.00,1.514,265.0,152.6,149.0,3.99,0.98,5.35,201.8,789,0.00,3.18,0.000,0.00,0.000,-6.15,6.3,0,0.00,0
32.886,on,2.34,0.00,12.50,-5.47,14.62,0,0,0.0,14.65,13.76,-9.28,-9.31,14.62,0.30,0.30,14.82,192.2,0.875,0,0.00,0.00,0,403.7,437.9,0,0.0,6.00,0.99,1.514,265.0,152.6,149.0,3.99,1.02,5.37,201.8,785,0.00,3.17,0.000,0.00,0.000,-6.15,6.3,0,0.00,0
32.953,on,2.34,0.00,12.50,-5.47,14.60,0,0,0.0,14.65,13.92,-9.26,-9.29,14.62,0.30,0.31,14.82,192.2,0.875,0,0.00,0.00,0,384.2,437.9,0,0.0,6.00,0.99,1.514,265.0,152.6,149.0,4.00,1.00,5.38,201.8,781,0.00,3.14,0.000,0.00,0.000,-6.15,6.3,0,0.00,0
33.023,on,2.34,0.00,12.50,-5.47,14.60,0,0,0.0,14.65,13.68,-9.25,-9.27,14.62,0.30,0.31,14.82,192.2,0.875,0,0.00,0.00,0,394.2,437.9,0,0.0,6.00,0.98,1.514,265.0,152.6,149.0,4.01,1.02,5.40,201.8,780,0.00,3.12,0.000,0.00,0.000,-6.15,6.3,0,0.00,0
33.086,on,2.34,0.00,12.50,-5.47,14.60,0,0,0.0,14.65,13.76,-9.22,-9.24,14.62,0.31,0.31,14.82,192.2,0.875,0,0.00,0.00,0,409.9,437.9,0,0.0,6.50,0.99,1.514,265.0,152.6,149.0,4.05,1.00,5.43,201.8,781,0.00,3.11,0.000,0.00,0.000,-6.15,6.3,0,0.00,0
33.151,on,2.34,0.00,12.50,-5.47,14.57,0,0,0.0,14.65,13.92,-9.18,-9.22,14.62,0.31,0.31,14.76,192.2,0.875,0,0.00,0.00,0,389.8,437.9,0,0.0,6.50,0.99,1.530,265.0,152.6,149.0,4.05,1.00,5.47,201.8,779,0.00,3.07,0.000,0.00,0.000,-6.15,6.3,0,0.00,0
33.205,on,2.34,0.00,12.50,-5.47,14.57,0,0,0.0,14.65,13.92,-9.17,-9.19,14.62,0.31,0.31,14.76,192.2,0.875,0,0.00,0.00,0,399.3,437.9,0,0.0,6.50,0.99,1.530,265.0,152.6,149.0,4.06,1.04,5.48,201.8,779,0.00,3.06,0.000,0.00,0.000,-6.15,6.3,0,0.00,0
33.284,on,2.34,0.00,12.50,-5.47,14.56,0,0,0.0,14.65,13.76,-9.13,-9.16,14.62,0.31,0.31,14.76,192.2,0.875,0,0.00,0.00,0,384.4,437.9,0,0.0,6.50,1.02,1.568,265.0,152.6,149.0,4.08,1.04,5.52,201.7,780,0.00,3.03,0.000,0.00,0.000,-6.15,6.3,0,0.00,0
33.346,on,2.34,0.00,12.50,-5.47,14.55,0,0,0.0,14.65,13.92,-9.12,-9.15,14.62,0.31,0.31,14.76,192.2,0.875,0,0.00,0.00,0,404.6,437.9,0,0.0,6.50,1.02,1.568,265.0,152.6,149.0,4.09,1.02,5.53,201.7,781,0.00,3.01,0.000,0.00,0.000,-6.15,6.3,0,0.00,0
33.416,on,2.34,0.00,12.50,-5.47,14.56,0,0,0.0,14.65,13.92,-9.11,-9.14,14.62,0.31,0.31,14.76,192.2,0.875,0,0.00,0.00,0,386.6,437.9,0,0.0,6.50,1.03,1.571,265.0,152.6,149.0,4.11,0.98,5.54,201.7,784,0.00,2.99,0.000,0.00,0.000,-6.15,6.3,0,0.00,0
33.470,on,2.34,0.00,12.50,-5.47,14.57,0,0,0.0,14.65,13.76,-9.11,-9.13,14.62,0.31,0.31,14.76,192.2,0.875,0,0.00,0.00,0,390.1,437.9,0,0.0,6.00,1.03,1.571,265.0,152.6,149.0,4.10,1.02,5.54,201.7,784,0.00,2.98,0.000,0.00,0.000,-6.15,6.3,0,0.00,0
33.527,on,2.34,0.00,12.50,-5.47,14.57,0,0,0.0,14.65,13.84,-9.11,-9.15,14.62,0.31,0.31,14.76,192.2,0.875,0,0.00,0.00,0,380.6,437.9,0,0.0,6.00,1.03,1.571,265.0,152.6,149.0,4.11,0.98,5.54,201.7,788,0.00,3.00,0.000,0.00,0.000,-6.15,6.3,0,0.00,0
33.595,on,2.34,0.00,12.50,-5.47,14.57,0,0,0.0,14.65,13.76,-9.12,-9.14,14.62,0.31,0.31,14.76,192.2,0.875,0,0.00,0.00,0,411.2,437.9,0,0.0,6.50,1.02,1.555,265.0,152.6,149.0,4.10,1.00,5.53,201.7,789,0.00,2.99,0.000,0.00,0.000,-6.15,5.9,0,0.00,0
33.647,on,2.34,0.00,12.50,-5.47,14.56,0,0,0.0,14.65,13.76,-9.16,-9.17,14.62,0.31,0.31,14.76,192.2,0.875,0,0.00,0.00,0,403.4,437.9,0,0.0,6.50,1.02,1.555,265.0,152.6,149.0,4.10,1.00,5.49,201.7,789,0.00,3.03,0.000,0.00,0.000,-6.15,5.9,0,0.00,0
33.716,on,2.34,0.00,12.50,-5.47,14.58,0,0,0.0,14.65,13.84,-9.17,-9.19,14.62,0.31,0.31,14.76,192.2,0.875,0,0.00,0.00,0,394.1,437.9,0,0.0,6.00,1.03,1.555,265.0,152.6,149.0,4.11,1.00,5.48,201.7,794,0.00,3.04,0.000,0.00,0.000,-6.15,5.9,0,0.00,0
33.770,on,2.34,0.00,12.50,-5.47,14.58,0,0,0.0,14.65,13.92,-9.19,-9.20,14.62,0.31,0.31,14.76,192.2,0.875,0,0.00,0.00,0,392.0,437.9,0,0.0,6.00,1.03,1.555,265.0,152.6,149.0,4.10,1.00,5.46,201.7,793,0.00,3.05,0.000,0.00,0.000,-6.15,5.9,0,0.00,0
33.827,on,2.34,0.00,12.50,-5.47,14.57,0,0,0.0,14.65,13.76,-9.21,-9.24,14.62,0.30,0.31,14.82,192.2,0.875,0,0.00,0.00,0,385.5,437.9,0,0.0,6.00,1.03,1.555,265.0,152.6,149.0,4.10,0.98,5.43,201.7,794,0.00,3.09,0.000,0.00,0.000,-6.15,5.9,0,0.00,0
33.888,on,2.34,0.00,12.50,-5.47,14.58,0,0,0.0,14.65,13.60,-9.22,-9.24,14.62,0.30,0.31,14.82,192.2,0.875,0,0.00,0.00,0,402.6,437.9,0,0.0,6.00,1.02,1.542,265.0,152.6,149.0,4.09,1.02,5.43,201.7,792,0.00,3.09,0.000,0.00,0.000,-6.15,5.9,0,0.00,0
33.946,on,2.34,0.00,12.50,-5.47,14.57,0,0,0.0,14.65,13.92,-9.24,-9.27,14.62,0.30,0.31,14.82,192.2,0.875,0,0.00,0.00,0,407.6,437.9,0,0.0,6.00,1.02,1.542,265.0,152.6,149.0,4.08,1.00,5.41,201.7,790,0.00,3.12,0.000,0.00,0.000,-6.15,6.3,0,0.00,0
34.014,on,2.34,0.00,12.50,-5.47,14.58,0,0,0.0,14.65,13.68,-9.24,-9.25,14.62,0.30,0.31,14.82,192.2,0.875,0,0.00,0.00,0,409.0,437.9,0,0.0,6.00,1.00,1.520,265.0,152.6,149.0,4.09,1.00,5.40,201.7,792,0.00,3.11,0.000,0.00,0.000,-6.15,5.9,0,0.00,0
34.067,on,2.34,0.00,13.28,-5.47,14.59,0,0,0.0,14.65,13.76,-9.23,-9.27,14.62,0.30,0.31,14.82,192.2,0.875,0,0.00,0.00,0,398.1,437.9,0,0.0,6.00,1.00,1.520,265.0,152.6,149.0,4.09,1.00,5.42,201.7,791,0.00,3.13,0.000,0.00,0.000,-6.15,6.3,0,0.00,0
34.131,on,2.34,0.00,13.28,-5.47,14.57,0,0,0.0,14.65,13.84,-9.24,-9.27,14.62,0.30,0.31,14.82,192.2,0.875,0,0.00,0.00,0,387.6,437.9,0,0.0,6.00,1.00,1.520,265.0,152.6,149.0,4.09,0.98,5.41,201.7,792,0.00,3.12,0.000,0.00,0.000,-6.15,6.3,0,0.00,0
34.186,on,2.34,0.00,13.28,-5.47,14.57,0,0,0.0,14.65,13.76,-9.24,-9.26,14.62,0.31,0.31,14.76,192.2,0.875,0,0.00,0.00,0,388.7,437.9,0,0.0,7.50,1.01,1.530,265.0,152.6,149.0,4.10,0.94,5.40,201.8,793,0.00,3.11,0.000,0.00,0.000,-6.15,6.3,0,0.00,0
34.256,on,2.34,0.00,13.28,-5.47,14.55,0,0,0.0,14.65,13.76,-9.22,-9.25,14.62,0.31,0.31,14.76,192.2,0.875,0,0.00,0.00,0,404.3,437.9,0,0.0,7.50,1.01,1.530,265.0,152.6,149.0,4.11,1.00,5.43,201.8,794,0.00,3.10,0.000,0.00,0.000,-6.15,6.3,0,0.00,0
34.310,on,2.34,0.00,13.28,-5.47,14.55,0,0,0.0,14.65,13.84,-9.20,-9.21,14.62,0.30,0.31,14.82,192.2,0.875,0,0.00,0.00,0,409.9,437.9,0,0.0,7.50,1.03,1.549,265.0,152.6,149.0,4.13,0.94,5.45,201.8,799,0.00,3.06,0.000,0.00,0.000,-6.15,6.3,0,0.00,0
34.444,on,2.34,0.00,13.28,-5.47,14.53,0,0,0.0,14.65,13.68,-9.14,-9.18,14.62,0.30,0.31,14.87,192.2,0.875,0,0.00,0.00,0,387.3,437.9,0,0.0,7.00,1.04,1.549,265.0,152.6,149.0,4.15,1.00,5.51,201.8,807,0.00,3.00,0.000,0.00,0.000,-6.17,5.9,0,0.00,0
34.508,on,2.34,0.00,13.28,-5.47,14.53,0,0,0.0,14.65,13.68,-9.16,-9.19,14.62,0.30,0.31,14.87,192.2,0.875,0,0.00,0.00,0,397.2,437.9,0,0.0,7.00,1.03,1.530,265.0,152.6,149.0,4.15,1.00,5.49,201.7,811,0.00,2.98,0.000,0.00,0.000,-6.21,5.9,0,0.00,0
34.570,on,1.56,0.00,13.28,-5.47,14.53,0,0,0.0,14.65,13.84,-9.16,-9.18,14.62,0.30,0.31,14.87,192.2,0.875,0,0.00,0.00,0,403.4,437.9,0,0.0,6.50,1.04,1.530,265.0,152.6,149.0,4.14,0.96,5.49,201.7,814,0.00,2.96,0.000,0.00,0.000,-6.22,5.9,0,0.00,0
34.627,on,1.56,0.00,13.28,-5.47,14.52,0,0,0.0,14.65,13.68,-9.20,-9.22,14.62,0.30,0.30,14.87,192.2,0.875,0,0.00,0.00,0,391.7,437.9,0,0.0,6.00,1.01,1.488,265.0,152.6,149.0,4.13,0.98,5.45,201.7,818,0.00,2.98,0.000,0.00,0.000,-6.24,5.9,0,0.00,0
34.693,on,1.56,0.00,13.28,-5.47,14.53,0,0,0.0,14.65,13.68,-9.23,-9.25,14.62,0.30,0.30,14.87,192.2,0.875,0,0.00,0.00,0,405.3,437.9,0,0.0,6.00,1.02,1.488,265.0,152.6,149.0,4.14,0.98,5.42,201.7,823,0.00,2.98,0.000,0.00,0.000,-6.27,5.9,0,0.00,0
34.766,on,1.56,0.00,13.28,-5.47,14.51,0,0,0.0,14.65,13.76,-9.27,-9.29,14.62,0.30,0.30,14.87,192.2,0.875,0,0.00,0.00,0,390.7,437.9,0,0.0,5.50,1.00,1.459,265.0,152.6,149.0,4.13,0.98,5.38,201.7,826,0.00,2.98,0.000,0.00,0.000,-6.29,5.9,0,0.00,0
34.826,on,1.56,0.00,11.72,-5.47,14.55,0,0,2.4,14.65,13.68,-9.31,-9.31,14.62,0.30,0.30,14.87,192.2,0.875,0,0.00,0.00,0,381.9,504.3,0,0.0,5.50,1.00,1.459,265.0,152.6,149.0,4.11,0.98,5.34,201.7,823,24.83,4.07,0.000,0.00,0.000,-5.24,6.7,0,0.00,0
34.891,on,1.56,0.00,9.38,-5.47,14.55,0,0,3.1,14.65,13.68,-9.29,-9.28,14.62,0.30,0.30,14.87,192.2,0.875,0,0.00,0.00,0,443.1,504.3,0,0.0,7.50,1.01,1.459,265.0,152.6,149.0,4.20,1.04,5.36,201.7,827,28.34,4.18,0.000,0.00,0.000,-5.11,7.1,0,0.00,0
34.947,on,1.56,0.00,6.25,-5.47,14.54,0,-1,3.1,14.65,13.84,-9.18,-9.23,14.62,0.30,0.31,14.87,192.2,0.875,0,0.00,0.00,0,446.8,504.3,0,0.0,9.50,0.95,1.376,265.0,152.6,149.0,4.28,1.10,5.47,201.7,828,29.93,4.19,0.000,0.00,0.000,-5.04,7.1,0,0.00,0
35.008,on,1.56,0.00,5.47,-5.47,14.57,0,-1,3.5,14.65,13.84,-9.10,-9.15,14.62,0.31,0.32,14.82,192.2,0.875,0,0.00,0.00,0,450.1,504.3,0,0.0,10.00,0.96,1.376,265.0,152.6,149.0,4.39,1.10,5.55,201.7,833,31.85,4.16,0.000,0.00,0.000,-4.98,7.1,0,0.00,0
35.083,on,1.56,0.00,3.91,-5.47,14.58,0,-2,3.5,14.65,13.68,-8.99,-9.05,14.62,0.31,0.32,14.82,192.2,0.875,0,0.00,0.00,0,486.2,583.9,0,0.0,11.00,0.92,1.322,265.0,152.6,149.0,4.49,1.04,5.66,201.7,835,31.43,4.06,0.000,0.00,0.000,-5.01,7.1,0,0.00,0
35.157,on,1.56,0.00,2.34,-5.47,14.57,0,-4,3.5,14.65,13.76,-8.94,-8.95,14.62,0.32,0.33,14.82,192.2,0.875,0,0.00,0.00,0,526.9,583.9,0,0.0,12.50,0.92,1.322,265.0,152.6,149.0,4.56,1.04,5.71,201.7,837,31.41,3.94,0.000,0.00,0.000,-5.01,7.1,0,0.00,0
35.221,on,1.56,0.00,2.34,-5.47,14.59,0,-5,3.5,14.65,13.84,-8.83,-8.85,14.62,0.32,0.33,14.82,192.2,0.875,0,0.00,0.00,0,571.4,583.9,0,0.0,13.50,0.86,1.226,265.0,152.6,149.0,4.62,1.08,5.81,201.7,840,31.00,3.83,0.000,0.00,0.000,-5.04,7.1,0,0.00,0
35.276,on,1.56,0.00,2.34,-5.47,14.60,0,-7,3.5,14.65,13.52,-8.75,-8.80,14.62,0.32,0.33,14.82,192.2,0.875,0,0.00,0.00,0,583.9,583.9,0,0.0,14.50,0.86,1.226,265.0,152.6,149.0,4.66,1.06,5.90,201.7,841,30.21,3.73,0.000,0.00,0.000,-5.08,7.1,0,0.00,0
35.347,on,1.56,0.00,2.34,-5.47,14.59,0,-11,3.1,14.65,13.76,-8.66,-8.70,14.62,0.32,0.34,14.82,192.2,0.875,0,0.00,0.00,0,585.8,583.9,0,0.0,16.00,0.86,1.219,265.0,152.6,149.0,4.71,1.08,5.99,201.7,842,29.43,3.61,0.000,0.00,0.000,-5.10,7.1,0,0.00,0
35.401,on,2.34,0.00,2.34,-5.47,14.61,0,-12,3.1,14.65,13.52,-8.58,-8.61,14.62,0.34,0.34,14.76,192.2,0.875,0,0.00,0.00,0,591.5,583.9,0,0.0,16.50,0.85,1.219,265.0,152.6,149.0,4.71,1.10,6.07,201.7,836,29.06,3.52,0.000,0.00,0.000,-5.11,7.5,0,0.00,0
35.458,on,2.34,0.00,2.34,-5.47,14.62,0,-16,3.1,14.65,13.84,-8.50,-8.51,14.62,0.34,0.34,14.76,192.2,0.875,0,0.00,0.00,0,605.2,583.9,0,0.0,18.00,0.85,1.219,265.0,152.6,149.0,4.76,1.12,6.15,201.7,835,28.69,3.41,0.000,0.00,0.000,-5.12,7.5,0,0.00,0
35.517,on,2.34,0.00,2.34,-5.47,14.64,0,-17,3.1,14.65,13.68,-8.31,-8.37,14.62,0.34,0.35,14.76,192.2,0.875,0,0.00,0.00,0,580.5,583.9,0,0.0,18.00,0.87,1.254,265.0,152.6,149.0,4.79,1.12,6.34,201.7,830,28.73,3.27,0.000,0.00,0.000,-5.12,7.5,0,0.00,0
35.585,on,2.34,0.00,2.34,-5.47,14.69,0,-18,3.1,14.65,13.68,-8.22,-8.24,14.62,0.35,0.35,14.76,192.2,0.875,0,0.00,0.00,0,574.5,583.9,0,0.0,17.50,0.87,1.254,265.0,152.6,149.0,4.84,1.14,6.43,201.7,829,28.31,3.15,0.000,0.00,0.000,-5.12,7.5,0,0.00,0
35.637,on,2.34,0.00,2.34,-5.47,14.71,0,-18,3.1,14.65,13.60,-8.07,-8.12,14.62,0.35,0.35,14.76,192.2,0.875,0,0.00,0.00,0,548.2,583.9,0,0.0,17.50,0.92,1.322,265.0,152.6,149.0,4.93,1.14,6.58,201.7,833,27.90,2.99,0.000,0.00,0.000,-5.15,7.5,0,0.00,0
35.716,on,2.34,0.00,2.34,-5.47,14.75,0,-19,3.1,14.65,13.76,-7.93,-7.99,14.62,0.35,0.36,14.76,192.2,0.875,0,0.00,0.00,0,558.4,583.9,0,0.0,17.50,0.92,1.322,265.0,152.6,149.0,5.03,1.14,6.72,201.7,840,28.23,2.83,0.000,0.00,0.000,-5.16,7.5,0,0.00,0
35.855,on,3.12,0.00,2.34,-5.47,14.88,0,-18,3.1,14.65,13.68,-7.71,-7.76,14.63,0.36,0.37,14.64,192.2,0.875,0,0.00,0.00,0,596.7,650.3,0,0.0,17.50,0.99,1.382,265.0,152.6,149.0,5.26,1.12,6.94,201.8,857,29.30,2.58,0.000,0.00,0.000,-5.18,7.9,0,0.00,0
35.906,on,3.12,0.00,2.34,-5.47,14.95,0,-18,3.1,14.65,13.84,-7.61,-7.68,14.63,0.36,0.37,14.64,192.2,0.875,0,0.00,0.00,0,591.1,650.3,0,0.0,17.50,1.00,1.370,265.0,152.6,149.0,5.43,1.16,7.04,201.8,874,29.54,2.44,0.000,0.00,0.000,-5.24,7.9,0,0.00,0
35.976,on,3.12,0.00,2.34,-5.47,15.00,0,-18,3.5,14.65,13.84,-7.55,-7.60,14.63,0.37,0.38,14.64,192.2,0.875,0,0.00,0.00,0,575.3,650.3,0,0.0,17.50,1.01,1.370,265.0,152.6,149.0,5.55,1.16,7.10,201.8,886,30.59,2.37,0.000,0.00,0.000,-5.24,7.9,0,0.00,0
36.036,on,3.91,0.00,2.34,-5.47,15.06,0,-17,3.9,14.65,13.76,-7.54,-7.56,14.63,0.37,0.38,14.59,192.2,0.875,0,0.00,0.00,0,622.2,650.3,0,0.0,17.50,1.04,1.376,265.0,152.6,149.0,5.73,1.16,7.11,201.8,908,31.98,2.30,0.000,0.00,0.000,-5.26,8.3,0,0.00,0
36.102,on,3.91,0.00,2.34,-5.47,15.15,0,-17,4.3,14.65,13.44,-7.49,-7.52,14.63,0.37,0.38,14.59,192.2,0.875,0,0.00,0.00,0,578.8,650.3,0,0.0,17.50,1.07,1.376,265.0,152.6,149.0,5.93,1.14,7.16,201.8,930,36.58,2.36,0.000,0.00,0.000,-5.16,8.7,0,0.00,0
36.157,on,4.69,0.00,2.34,-5.47,15.12,0,-16,5.5,14.65,13.68,-7.47,-7.50,14.64,0.37,0.38,14.53,192.2,0.875,0,0.00,0.00,0,620.7,650.3,0,0.0,18.00,1.12,1.405,265.0,152.6,149.0,6.12,1.20,7.18,201.8,954,42.34,2.54,0.000,0.00,0.000,-4.97,8.7,0,0.00,0
36.228,on,4.69,0.00,2.34,-5.47,15.20,0,-16,5.9,14.65,13.68,-7.39,-7.45,14.64,0.39,0.39,14.53,192.2,0.875,0,0.00,0.00,0,625.6,650.3,0,0.0,18.00,1.15,1.405,265.0,152.6,149.0,6.35,1.18,7.26,201.8,978,45.58,2.60,0.000,0.00,0.000,-4.87,8.7,0,0.00,0
36.277,on,4.69,0.00,2.34,-5.47,15.25,0,-16,6.3,14.65,13.60,-7.31,-7.39,14.64,0.39,0.39,14.53,192.2,0.875,0,0.00,0.00,0,642.0,650.3,0,0.0,18.00,1.21,1.446,265.0,152.6,149.0,6.62,1.24,7.34,201.8,1004,49.71,2.67,0.000,0.00,0.000,-4.74,9.1,0,0.00,0
36.343,on,5.47,0.00,2.34,-5.47,15.24,2,-16,7.1,14.65,13.68,-7.19,-7.28,14.64,0.39,0.40,14.53,192.2,0.875,0,0.00,0.00,0,604.0,729.9,0,0.0,18.00,1.25,1.446,265.0,152.6,149.0,6.90,1.30,7.46,201.8,1033,55.58,2.82,0.000,0.00,0.000,-4.50,9.8,0,0.00,0
36.419,on,5.47,0.00,2.34,-5.47,15.31,5,-16,7.1,14.65,13.52,-7.04,-7.12,14.65,0.40,0.41,14.53,192.2,0.875,0,0.00,0.00,0,656.3,729.9,0,0.0,17.50,1.35,1.530,265.0,152.6,149.0,7.35,1.28,7.61,201.8,1058,59.30,2.77,0.000,0.00,0.000,-4.35,9.8,0,0.00,0
36.478,on,5.47,0.00,2.34,-5.47,15.28,9,-15,7.5,14.65,13.76,-6.72,-6.87,14.65,0.41,0.43,14.64,192.2,0.875,0,0.00,0.00,0,680.9,729.9,0,0.0,17.00,1.40,1.530,265.0,152.6,149.0,7.81,1.36,7.93,201.7,1100,61.15,2.60,0.000,0.00,0.000,-4.32,10.2,0,0.00,0
36.557,on,5.47,0.00,2.34,-5.47,15.29,12,-15,7.5,14.65,13.84,-6.58,-6.67,14.65,0.44,0.44,14.76,192.2,0.875,0,0.00,0.00,0,718.0,729.9,0,0.0,16.00,1.44,1.526,265.0,152.6,149.0,8.32,1.34,8.07,201.7,1129,61.64,2.29,0.000,0.00,0.000,-4.38,10.6,0,0.00,0
36.617,on,6.25,0.00,2.34,-5.47,15.27,15,-15,7.5,14.65,13.68,-6.38,-6.47,14.65,0.44,0.45,14.82,192.2,0.875,0,0.00,0.00,0,765.5,822.8,0,0.0,15.50,1.47,1.507,265.0,152.6,149.0,8.76,1.40,8.27,201.7,1171,62.11,2.07,0.000,0.00,0.000,-4.42,10.6,0,0.00,0
36.677,on,6.25,0.00,2.34,-5.47,15.25,15,-16,7.5,14.65,13.60,-6.27,-6.34,14.65,0.45,0.46,14.82,192.2,0.875,0,0.00,0.00,0,829.3,822.8,0,0.0,15.50,1.51,1.507,265.0,152.6,149.0,9.14,1.38,8.38,201.7,1200,61.66,1.89,0.000,0.00,0.000,-4.48,10.6,0,0.00,0
36.740,on,6.25,0.00,2.34,-5.47,15.22,23,-16,7.5,14.65,13.68,-6.15,-6.22,14.65,0.45,0.46,14.87,192.2,0.875,0,0.00,0.00,0,845.6,822.8,0,0.0,15.00,1.49,1.453,265.0,152.6,149.0,9.44,1.42,8.50,201.7,1228,62.50,1.66,0.000,0.00,0.000,-4.59,10.6,0,0.00,0
36.809,on,6.25,0.00,2.34,-5.47,15.20,24,-16,7.1,14.65,13.76,-6.05,-6.11,14.65,0.47,0.47,14.82,192.2,0.875,0,0.00,0.00,0,886.5,822.8,0,0.0,15.00,1.52,1.453,266.0,152.6,149.0,9.89,1.40,8.59,201.7,1255,60.68,1.46,0.000,0.00,0.000,-4.65,11.0,0,0.00,0
36.856,on,6.25,0.00,2.34,-5.47,15.22,35,-16,7.1,14.65,13.76,-5.93,-5.99,14.65,0.47,0.47,14.82,192.2,0.875,0,0.00,0.00,0,863.9,822.8,0,0.0,14.00,1.58,1.478,266.0,152.6,149.0,10.19,1.40,8.72,201.7,1279,60.64,1.23,0.000,0.00,0.000,-4.78,11.0,0,0.00,0
36.935,on,6.25,0.00,2.34,-5.47,15.16,36,-15,7.1,14.65,13.76,-5.86,-5.90,14.65,0.48,0.48,14.82,192.2,0.875,0,0.00,0.00,0,873.6,915.7,0,0.0,14.00,1.63,1.501,266.5,152.6,149.0,10.40,1.38,8.78,201.7,1302,59.78,1.01,0.000,0.00,0.000,-4.89,11.0,0,0.00,0
37.011,on,7.03,0.00,2.34,-5.47,15.09,37,-15,7.1,14.65,13.44,-5.85,-5.88,14.65,0.48,0.48,14.82,192.2,0.875,0,0.00,0.00,0,886.0,915.7,0,0.0,14.00,1.65,1.498,266.5,152.6,149.0,10.62,1.40,8.80,201.7,1322,57.99,0.81,0.000,0.00,0.000,-5.06,10.6,0,0.00,0
37.087,on,6.25,0.00,2.34,-5.47,14.98,36,-15,7.1,14.65,13.60,-5.86,-5.89,14.65,0.48,0.48,14.82,192.2,0.875,0,0.00,0.00,0,923.7,915.7,0,0.0,14.00,1.67,1.498,267.0,152.6,149.0,10.78,1.40,8.79,201.7,1338,57.12,0.72,0.000,0.00,0.000,-5.17,10.6,0,0.00,0
37.151,on,6.25,0.00,2.34,-5.47,14.77,35,-15,6.7,14.65,13.84,-5.91,-5.92,14.65,0.48,0.48,14.82,192.2,0.875,0,0.00,0.00,0,931.9,915.7,0,0.0,14.00,1.65,1.469,267.0,152.6,149.0,10.84,1.40,8.73,201.7,1350,55.40,0.61,0.000,0.00,0.000,-5.31,10.6,0,0.00,0
37.206,on,5.47,0.00,2.34,-5.47,14.70,35,-15,6.7,14.65,13.60,-6.02,-5.98,14.65,0.48,0.48,14.82,192.2,0.875,0,0.00,0.00,0,949.5,822.8,0,0.0,14.00,1.64,1.450,267.0,152.6,149.0,10.82,1.36,8.63,201.7,1354,54.50,0.60,0.000,0.00,0.000,-5.38,10.6,0,0.00,0
37.276,on,5.47,0.00,2.34,-5.47,14.61,36,-15,6.7,14.65,13.76,-6.09,-6.04,14.65,0.47,0.48,14.82,192.2,0.875,0,0.00,0.00,0,926.7,822.8,0,0.0,14.50,1.66,1.469,267.0,152.6,149.0,10.73,1.34,8.56,201.7,1354,53.61,0.65,0.000,0.00,0.000,-5.38,10.6,1,0.00,0
37.344,on,4.69,0.00,2.34,-5.47,14.54,36,-14,6.7,14.65,13.84,-6.10,-6.09,14.65,0.47,0.47,14.82,192.2,0.875,0,0.00,0.00,0,906.1,822.8,0,0.0,15.00,1.65,1.469,267.0,152.6,149.0,10.58,1.30,8.55,201.7,1349,54.50,0.71,0.000,0.00,0.000,-5.38,10.6,1,0.00,0
37.406,on,4.69,0.00,2.34,-5.47,14.46,36,-14,6.7,14.65,13.76,-6.17,-6.13,14.65,0.47,0.47,14.82,192.2,0.875,0,0.00,0.00,0,871.8,822.8,0,0.0,15.00,1.63,1.462,266.5,152.6,149.0,10.41,1.36,8.48,201.8,1340,53.61,0.70,0.000,0.00,0.000,-5.41,10.6,1,0.00,0
37.480,on,3.91,0.00,2.34,-5.47,14.32,36,-14,6.7,14.65,13.68,-6.16,-6.16,14.65,0.45,0.46,14.87,192.2,0.875,0,0.00,0.00,0,856.6,822.8,0,0.0,15.50,1.58,1.434,266.5,152.6,149.0,10.19,1.38,8.49,201.8,1323,53.61,0.80,0.000,0.00,0.000,-5.36,10.6,1,0.00,0
37.550,on,3.91,0.00,2.34,-5.47,14.26,36,-14,6.7,14.65,13.44,-6.17,-6.17,14.65,0.45,0.46,14.87,192.2,0.875,3,0.00,0.00,0,877.6,822.8,0,0.0,15.50,1.53,1.408,266.0,152.6,149.0,9.96,1.36,8.48,201.8,1303,53.61,0.87,0.000,0.00,0.000,-5.30,10.6,1,0.00,0
37.619,on,3.91,0.00,2.34,-5.47,14.25,36,-14,6.7,14.65,13.76,-6.16,-6.19,14.65,0.45,0.46,14.87,192.2,0.875,3,0.00,0.00,0,845.1,822.8,0,0.0,15.50,1.50,1.408,266.0,152.6,149.0,9.79,1.36,8.49,201.8,1282,51.89,0.83,0.000,0.00,0.000,-5.36,10.6,1,0.00,0
37.676,on,3.12,0.00,2.34,-5.47,14.23,35,-14,6.3,14.65,13.60,-6.07,-6.14,14.65,0.45,0.46,14.87,192.2,0.875,5,0.00,0.00,0,866.9,822.8,0,0.0,15.50,1.47,1.398,265.5,152.6,149.0,9.58,1.36,8.58,201.8,1258,49.20,0.66,0.000,0.00,0.000,-5.47,10.2,1,0.00,0
37.760,on,3.12,0.00,2.34,-5.47,14.23,35,-14,6.3,14.65,13.68,-6.10,-6.11,14.65,0.45,0.45,14.87,192.2,0.875,5,0.00,0.00,0,845.4,822.8,0,0.0,15.50,1.41,1.370,265.5,152.6,149.0,9.35,1.34,8.55,202.1,1234,49.19,0.70,0.000,0.00,0.000,-5.41,10.2,1,0.00,0
37.819,on,2.34,0.00,2.34,-5.47,14.24,35,-14,6.3,14.65,13.44,-6.03,-6.07,14.72,0.45,0.46,14.93,192.2,0.875,5,0.00,0.00,0,848.9,822.8,0,0.0,15.50,1.39,1.376,265.0,152.6,149.0,9.16,1.34,8.62,202.1,1212,49.18,0.69,0.000,0.00,0.000,-5.40,10.2,2,0.00,0
37.899,on,2.34,0.00,2.34,-5.47,14.26,34,-14,6.3,14.65,13.52,-5.99,-6.01,14.72,0.45,0.46,14.93,192.2,0.875,5,0.00,0.00,0,857.3,822.8,0,0.0,15.50,1.36,1.376,265.0,152.6,149.0,9.03,1.36,8.66,202.1,1189,49.23,0.74,0.000,0.00,0.000,-5.28,10.2,2,0.00,0
37.966,on,2.34,0.00,2.34,-5.47,14.29,34,-13,6.7,14.65,13.76,-5.95,-5.97,14.72,0.45,0.46,14.87,192.2,0.875,5,0.00,0.00,0,842.6,822.8,0,0.0,15.00,1.33,1.366,265.0,152.6,149.0,8.89,1.34,8.69,202.1,1172,51.05,0.81,0.000,0.00,0.000,-5.17,10.2,2,0.00,0
38.037,on,2.34,0.00,2.34,-5.47,14.30,32,-14,6.7,14.65,13.68,-5.93,-5.96,14.72,0.45,0.46,14.87,192.2,0.875,5,0.00,0.00,0,835.4,822.8,0,0.0,15.00,1.33,1.389,265.0,152.6,149.0,8.79,1.32,8.71,201.8,1151,51.11,0.91,0.000,0.00,0.000,-5.05,10.2,2,0.00,0
38.107,on,2.34,0.00,2.34,-5.47,14.32,27,-14,6.7,14.65,13.60,-5.92,-5.94,14.72,0.45,0.46,14.76,192.2,0.875,5,0.00,0.00,0,841.4,822.8,0,0.0,15.00,1.31,1.389,265.0,152.6,149.0,8.69,1.32,8.73,201.8,1131,51.19,1.01,0.000,0.00,0.000,-4.94,10.2,2,0.00,0
38.176,on,2.34,0.00,2.34,-5.47,14.35,23,-13,6.7,14.65,13.60,-5.92,-5.93,14.72,0.45,0.46,14.76,192.2,0.875,5,0.00,0.00,0,823.7,822.8,0,0.0,16.50,1.33,1.421,265.0,152.6,149.0,8.64,1.30,8.73,201.8,1120,51.23,1.04,0.000,0.00,0.000,-4.90,10.2,2,0.00,0
38.246,on,2.34,0.00,2.34,-5.47,14.42,17,-13,6.7,14.65,13.76,-5.90,-5.91,14.72,0.47,0.47,14.76,192.2,0.875,5,0.00,0.00,0,815.5,822.8,0,0.0,16.50,1.32,1.430,265.0,152.6,149.0,8.58,1.32,8.75,201.8,1105,51.26,0.99,0.000,0.00,0.000,-4.92,10.2,2,0.00,0
38.317,on,2.34,0.00,2.34,-5.47,14.50,13,-13,6.7,14.65,13.60,-5.85,-5.88,14.72,0.47,0.47,14.70,192.2,0.875,5,0.00,0.00,0,839.9,822.8,1,0.0,16.50,1.31,1.430,265.0,152.6,147.2,8.59,1.34,8.80,201.8,1095,52.84,1.05,0.000,0.00,0.000,-4.84,10.6,3,0.00,0
38.386,on,3.12,0.00,2.34,-5.47,14.57,11,-13,6.7,14.65,13.76,-5.80,-5.84,14.72,0.47,0.47,14.70,192.2,0.875,5,0.00,0.00,0,817.0,822.8,1,0.0,16.00,1.31,1.446,265.0,152.6,147.2,8.57,1.34,8.85,201.8,1083,52.85,1.07,0.000,0.00,0.000,-4.77,10.6,3,0.00,0
38.457,on,3.12,0.00,2.34,-5.47,14.61,11,-13,6.7,14.65,13.60,-5.75,-5.77,14.72,0.48,0.48,14.70,192.2,0.875,5,0.00,0.00,0,833.8,822.8,1,0.0,16.50,1.32,1.475,265.0,152.6,147.2,8.59,1.32,8.90,201.8,1077,52.85,1.03,0.000,0.00,0.000,-4.75,10.6,3,0.00,0
38.511,on,3.12,0.00,2.34,-5.47,14.66,11,-13,6.7,14.65,13.60,-5.68,-5.74,14.72,0.48,0.48,14.70,192.2,0.875,5,0.00,0.00,0,800.8,915.7,1,0.0,16.50,1.31,1.475,265.0,152.6,147.2,8.61,1.32,8.97,201.8,1068,53.59,1.01,0.000,0.00,0.000,-4.73,10.2,3,0.00,0
38.576,on,3.12,0.00,2.34,-5.47,14.70,11,-13,6.7,14.65,13.52,-5.66,-5.71,14.72,0.48,0.49,14.70,192.2,0.875,5,0.00,0.00,0,867.4,915.7,1,0.0,16.00,1.30,1.472,265.0,152.6,147.2,8.65,1.38,8.99,201.8,1063,53.58,1.02,0.000,0.00,0.000,-4.68,10.2,4,0.00,0
38.645,on,3.12,0.00,2.34,-5.47,14.74,10,-13,7.1,14.65,13.60,-5.64,-5.64,14.72,0.49,0.49,14.70,192.2,0.875,5,0.00,0.00,0,905.8,915.7,1,0.0,16.00,1.29,1.472,265.0,152.6,147.2,8.68,1.38,9.00,201.8,1055,56.40,1.13,0.000,0.00,0.000,-4.54,10.6,4,0.00,0
38.716,on,3.12,0.00,2.34,-5.47,14.80,10,-13,7.1,14.65,13.52,-5.50,-5.58,14.72,0.49,0.50,14.64,192.2,0.875,5,0.00,0.00,0,907.1,915.7,1,0.0,14.50,1.30,1.488,265.0,152.6,147.2,8.79,1.40,9.15,201.9,1051,57.06,1.09,0.000,0.00,0.000,-4.49,10.6,4,0.00,0
38.785,on,3.91,0.00,2.34,-5.47,14.92,10,-13,7.1,14.65,13.68,-5.49,-5.49,14.72,0.50,0.51,14.64,192.2,0.875,5,0.00,0.00,0,935.7,915.7,1,0.0,14.00,1.31,1.488,265.0,152.6,147.2,8.93,1.38,9.16,201.9,1053,57.08,1.06,0.000,0.00,0.000,-4.45,10.6,4,0.00,0
38.836,on,3.91,0.00,2.34,-5.47,14.95,10,-13,7.5,14.65,13.68,-5.42,-5.44,14.72,0.50,0.51,14.64,192.2,0.875,5,0.00,0.00,0,909.1,915.7,1,0.0,14.00,1.34,1.533,265.0,152.6,147.2,9.01,1.36,9.23,201.9,1050,59.91,1.13,0.000,0.00,0.000,-4.34,10.6,4,0.00,0
38.926,on,3.91,0.00,2.34,-5.47,14.96,10,-12,7.5,14.65,13.76,-5.30,-5.35,14.72,0.52,0.52,14.64,192.2,0.875,5,0.00,0.00,0,903.2,1021.9,1,-0.5,13.00,1.39,1.581,265.0,152.6,147.2,9.20,1.34,9.35,201.9,1055,61.40,1.10,0.000,0.00,0.000,-4.27,11.0,4,0.00,0
38.995,on,4.69,0.00,2.34,-5.47,14.99,10,-12,7.5,14.65,13.68,-5.25,-5.28,14.72,0.52,0.53,14.64,192.2,0.875,7,0.00,0.00,0,983.6,1021.9,1,-0.5,12.50,1.40,1.581,265.0,152.6,147.2,9.33,1.36,9.40,201.9,1062,62.19,1.08,0.000,0.00,0.000,-4.20,11.0,4,0.00,0
39.066,on,4.69,0.00,2.34,-5.47,14.99,10,-12,7.8,14.65,13.68,-5.12,-5.17,14.72,0.53,0.53,14.70,192.2,0.875,7,0.00,0.00,0,1000.9,1021.9,1,-0.5,13.00,1.38,1.542,265.0,152.6,147.2,9.56,1.38,9.53,201.9,1072,67.50,1.11,0.000,0.00,0.000,-4.10,11.4,5,0.00,0
39.136,on,4.69,0.00,2.34,-5.47,14.94,10,-12,8.2,14.65,13.60,-4.93,-4.99,14.72,0.54,0.55,14.70,192.2,0.875,7,0.00,-1.41,0,1012.6,1021.9,1,-1.0,12.00,1.42,1.581,265.0,152.6,147.2,9.86,1.44,9.72,201.9,1080,72.26,1.33,0.000,0.00,0.000,-3.69,11.8,5,0.00,0
39.191,on,4.69,0.00,2.34,-5.47,14.94,11,-12,8.2,14.65,13.60,-4.68,-4.82,14.72,0.56,0.56,14.70,192.2,0.875,7,0.00,-1.41,0,1029.4,1021.9,1,-1.5,9.50,1.45,1.581,265.0,152.6,147.2,10.36,1.46,9.97,201.9,1098,71.96,1.14,0.000,0.00,0.000,-3.69,11.8,5,0.00,0
39.273,on,4.69,0.00,2.34,-5.47,14.85,11,-12,8.2,14.65,13.52,-4.60,-4.66,14.72,0.57,0.58,14.70,192.2,0.875,7,0.00,-1.41,0,1111.5,1114.8,1,-2.0,8.00,1.51,1.603,265.0,152.6,147.2,10.83,1.46,10.05,201.9,1127,73.62,1.00,0.000,0.00,0.000,-3.69,12.2,5,0.00,0
39.318,on,4.69,0.00,2.34,-5.47,14.75,11,-12,9.4,14.65,13.68,-4.54,-4.57,14.72,0.58,0.58,14.76,192.2,0.875,7,0.00,-1.41,0,1125.1,1114.8,1,-2.0,7.50,1.56,1.603,265.0,152.6,147.2,11.45,1.46,10.11,202.2,1171,86.88,1.46,0.000,0.00,0.000,-3.14,12.6,6,0.00,0
39.396,on,3.91,0.00,2.34,-5.47,14.73,11,-11,9.4,14.65,13.68,-4.28,-4.38,14.72,0.59,0.61,14.76,192.2,0.875,9,0.00,-1.41,0,1091.0,1207.7,1,-3.0,6.50,1.59,1.590,265.0,152.6,147.2,12.13,1.50,10.37,202.2,1197,92.41,1.77,0.000,0.00,0.000,-2.67,15.0,6,0.00,0
39.466,on,3.91,0.00,2.34,-5.47,14.73,13,-10,9.4,14.65,13.52,-3.91,-4.01,14.72,0.63,0.64,14.76,192.2,0.875,9,0.00,-1.41,0,1195.4,1300.6,1,-4.0,4.50,1.75,1.702,265.5,152.6,147.2,13.32,1.62,10.74,202.2,1233,92.36,1.40,0.000,0.00,0.000,-2.71,15.0,6,0.00,0
39.535,on,3.91,0.00,2.34,-5.47,14.69,15,-9,9.8,14.65,13.68,-3.59,-3.72,14.72,0.66,0.66,14.76,192.2,0.875,11,0.00,-1.41,0,1289.8,1300.6,1,-4.0,3.50,1.81,1.702,266.0,152.6,147.2,14.13,1.60,11.06,202.2,1274,92.99,1.01,0.000,0.00,0.000,-2.76,15.0,6,0.00,0
39.603,on,3.91,0.00,2.34,-5.47,14.67,17,-7,9.8,14.65,13.52,-3.38,-3.47,14.72,0.67,0.68,14.76,192.2,0.875,11,0.00,-1.41,0,1291.0,1300.6,1,-3.5,4.50,1.87,1.706,267.0,152.6,147.2,14.82,1.58,11.27,202.2,1312,93.55,0.74,0.000,0.00,0.000,-2.77,15.7,6,0.00,0
39.685,on,3.91,0.00,2.34,-5.47,14.57,18,-3,9.8,14.65,13.60,-3.24,-3.32,14.72,0.69,0.69,14.76,192.2,0.875,11,0.00,-1.41,0,1257.6,1300.6,1,-3.5,5.00,1.92,1.702,267.0,152.6,147.2,15.51,1.66,11.40,201.9,1355,93.28,0.43,0.000,0.00,0.000,-2.89,15.7,6,0.00,0
39.742,on,3.12,0.00,2.34,-5.47,14.53,18,2,9.4,14.65,13.68,-3.25,-3.32,14.71,0.69,0.69,14.76,192.2,0.875,13,0.00,-1.41,0,1282.9,1300.6,1,-3.5,5.00,2.00,1.712,267.5,152.6,147.2,16.17,1.66,11.40,201.9,1401,91.30,0.31,0.000,0.00,0.000,-3.02,15.7,6,0.00,0
39.823,on,3.12,0.00,2.34,-5.47,14.50,19,4,9.4,14.65,13.68,-3.33,-3.30,14.71,0.69,0.69,14.76,192.2,0.875,13,0.00,-1.41,0,1290.4,1300.6,1,-3.0,5.00,2.07,1.725,268.0,152.6,147.2,16.68,1.60,11.32,201.9,1440,89.34,0.04,0.000,0.00,0.000,-3.28,15.7,7,0.00,0
39.882,on,3.12,0.00,2.34,-5.47,14.45,20,4,9.4,14.65,13.52,-3.36,-3.32,14.71,0.69,0.69,14.76,192.2,0.875,13,0.00,-1.41,0,1335.5,1300.6,1,-3.0,6.00,2.08,1.693,268.5,152.6,147.2,17.06,1.60,11.29,201.9,1476,89.98,-0.04,0.000,0.00,0.000,-3.36,15.7,7,0.00,0
39.957,on,2.34,0.00,2.34,-5.47,14.43,21,3,9.4,14.65,13.68,-3.38,-3.35,14.71,0.69,0.69,14.76,192.2,0.875,13,0.00,-1.41,0,1379.9,1300.6,1,-3.0,6.00,2.14,1.693,268.5,152.6,147.2,17.49,1.66,11.27,201.9,1516,88.89,-0.07,0.000,0.00,0.000,-3.41,16.1,7,0.00,0
40.017,on,2.34,0.00,2.34,-5.47,14.36,24,2,9.4,14.65,13.60,-3.36,-3.33,14.71,0.69,0.69,14.76,192.2,0.875,13,0.00,-1.41,0,1327.4,1300.6,1,-3.0,6.50,2.17,1.686,269.0,152.6,147.2,17.83,1.62,11.29,201.9,1543,88.73,-0.19,0.000,0.00,0.000,-3.51,15.7,7,0.00,0
40.097,on,1.56,0.00,2.34,-5.47,14.27,26,1,9.4,14.65,13.52,-3.31,-3.37,14.71,0.69,0.69,14.76,192.2,0.875,13,0.00,-1.41,0,1331.0,1300.6,1,-2.5,6.50,2.22,1.677,270.0,152.6,147.2,18.20,1.66,11.34,201.9,1590,88.38,-0.35,0.000,0.00,0.000,-3.69,15.7,7,0.00,0
40.175,on,1.56,0.00,2.34,-5.47,14.17,27,0,9.4,14.65,13.60,-3.54,-3.46,14.72,0.67,0.68,14.76,192.2,0.875,13,0.00,-1.41,0,1326.6,1300.6,1,-2.5,7.50,2.24,1.642,271.0,152.6,147.2,18.39,1.58,11.11,201.9,1634,87.59,-0.37,0.000,0.00,0.000,-3.80,15.7,7,0.00,0
40.246,on,0.00,0.00,2.34,-5.47,14.00,29,0,9.4,14.65,13.68,-3.56,-3.54,14.72,0.66,0.66,14.76,192.2,0.875,13,0.00,-1.41,0,1354.0,1300.6,1,-2.5,7.50,2.26,1.610,271.5,152.6,147.2,18.62,1.64,11.09,201.9,1682,86.55,-0.44,0.000,0.00,0.000,-3.93,15.7,8,0.00,0
40.319,on,-0.78,0.00,2.34,-5.47,13.90,32,-1,9.4,14.65,13.84,-3.63,-3.63,14.72,0.65,0.65,14.76,192.2,0.875,15,0.00,-1.41,0,1368.4,1300.6,1,-2.5,8.00,2.18,1.530,271.5,152.6,147.2,18.58,1.62,11.02,201.9,1712,85.10,-0.58,0.000,0.00,0.000,-4.18,15.4,8,0.00,0
40.386,on,-1.56,0.00,2.34,-5.47,13.85,33,-2,9.4,14.65,13.60,-3.66,-3.68,14.72,0.63,0.64,14.76,192.2,0.875,15,0.00,-1.41,0,1346.4,1207.7,1,-2.5,9.00,2.19,1.514,272.0,152.6,147.2,18.49,1.62,10.99,201.9,1740,84.50,-0.55,0.000,0.00,0.000,-4.20,15.4,8,0.00,0
40.457,on,-2.34,0.00,2.34,-5.47,13.80,35,-2,9.4,14.65,13.44,-3.72,-3.65,14.72,0.62,0.63,14.76,192.2,0.875,17,0.00,-1.41,0,1316.7,1207.7,1,-2.5,10.00,2.25,1.526,272.0,152.6,147.2,18.62,1.66,10.93,201.9,1765,85.65,-0.52,0.000,0.00,0.000,-4.19,15.7,9,0.00,0
40.541,on,-3.12,0.00,2.34,-5.47,13.79,37,-2,9.4,14.65,13.44,-3.52,-3.60,14.72,0.62,0.63,14.76,192.2,0.875,17,0.00,-1.41,0,1236.6,1207.7,1,-2.5,10.00,2.21,1.475,272.0,152.6,147.2,18.90,1.62,11.13,201.9,1801,85.69,-0.68,0.000,0.00,0.000,-4.30,15.7,9,0.00,0
40.608,on,-3.91,0.00,2.34,-5.47,13.78,39,-3,9.8,14.65,13.68,-3.55,-3.51,14.72,0.61,0.62,14.76,192.2,0.875,17,0.00,-1.41,0,1245.0,1207.7,1,-2.5,10.00,2.33,1.514,272.5,152.6,147.2,19.03,1.64,11.10,202.1,1844,89.48,-0.58,0.000,0.00,0.000,-4.12,16.5,9,0.00,0
40.696,on,-4.69,0.00,2.34,-5.47,13.78,40,-3,11.8,14.65,13.60,-3.36,-3.38,14.71,0.61,0.62,14.76,192.2,0.875,19,0.00,-1.41,0,1230.7,1207.7,1,-2.5,11.00,2.29,1.456,272.5,152.6,147.2,19.49,1.66,11.29,202.1,1888,98.38,-0.18,0.000,0.00,0.000,-3.62,17.3,9,0.00,0
40.769,on,-5.47,0.00,2.34,-5.47,13.78,41,-4,12.2,14.65,13.52,-3.13,-3.17,14.71,0.62,0.62,14.76,192.2,0.875,21,0.00,-1.41,0,1263.6,1207.7,1,-2.5,10.50,2.34,1.469,273.5,152.6,147.2,20.00,1.72,11.52,202.1,1914,100.44,-0.27,0.000,0.00,0.000,-3.49,17.3,9,0.00,0
40.848,on,-6.25,0.00,2.34,-5.47,13.81,43,-4,12.9,14.65,13.52,-2.86,-2.96,14.71,0.62,0.63,14.76,192.2,0.875,23,0.00,-1.41,0,1265.7,1207.7,1,-2.5,10.50,2.46,1.520,273.5,152.6,147.2,20.54,1.74,11.78,202.1,1943,103.16,-0.38,0.000,0.00,0.000,-3.38,17.7,9,0.00,0
40.912,on,-6.25,0.00,2.34,-5.47,13.86,43,-4,13.3,14.65,13.60,-2.76,-2.79,14.71,0.63,0.64,14.76,192.2,0.875,25,0.00,-1.41,0,1233.3,1207.7,1,-2.5,11.00,2.48,1.501,274.0,152.6,147.2,21.03,1.78,11.88,202.1,1981,104.68,-0.56,0.000,0.00,0.000,-3.39,18.1,9,0.00,0
40.993,on,-6.25,0.00,2.34,-5.47,13.97,43,-5,13.3,14.65,13.52,-2.71,-2.70,14.71,0.63,0.64,14.76,192.2,0.875,25,0.00,-1.41,0,1244.8,1207.7,1,-2.5,11.00,2.49,1.498,274.5,152.6,147.2,21.24,1.76,11.94,202.1,1998,105.45,-0.66,0.000,0.00,0.000,-3.36,18.1,10,0.00,0
41.051,on,-7.03,0.00,2.34,-5.47,14.06,43,-4,13.7,14.65,13.52,-2.65,-2.65,14.71,0.63,0.64,14.76,192.2,0.875,27,0.00,-1.41,0,1240.7,1207.7,1,-2.5,12.00,2.53,1.488,274.5,152.6,147.2,21.77,1.82,12.00,202.1,2043,106.48,-0.73,0.000,0.00,0.000,-3.36,18.5,10,0.00,0
41.127,on,-7.03,0.00,2.34,-5.47,14.14,43,-4,14.1,14.65,13.36,-2.65,-2.64,14.70,0.63,0.64,14.76,192.2,0.875,27,0.00,-1.41,0,1253.0,1207.7,1,-2.5,12.00,2.57,1.472,275.0,152.6,149.0,22.35,1.82,12.00,202.1,2095,108.11,-0.73,0.000,0.00,0.000,-3.37,18.5,10,0.00,0
41.196,on,-7.03,0.00,2.34,-5.47,14.20,44,-4,14.1,14.65,13.60,-2.66,-2.65,14.70,0.63,0.64,14.70,192.2,0.875,27,0.00,-1.41,0,1236.0,1300.6,1,-3.0,12.00,2.58,1.462,275.5,150.8,149.0,22.69,1.80,11.98,202.1,2118,108.86,-0.71,0.000,0.00,0.000,-3.36,18.9,10,0.00,0
41.266,on,-7.03,0.00,2.34,-5.47,14.28,43,-3,14.5,14.65,13.68,-2.69,-2.61,14.69,0.63,0.64,14.70,192.2,0.875,29,0.00,-1.41,0,1273.4,1300.6,1,-3.0,12.00,2.61,1.472,276.0,152.6,149.0,22.86,1.80,11.96,202.1,2129,109.78,-0.71,0.000,0.00,0.000,-3.32,18.9,11,0.00,0
41.336,on,-7.03,0.00,2.34,-5.47,14.32,44,-3,15.7,14.65,13.44,-2.60,-2.55,14.69,0.63,0.65,14.70,192.2,0.875,29,0.00,-1.41,0,1325.2,1300.6,1,-3.0,12.50,2.55,1.424,276.0,152.6,149.0,23.19,1.84,12.05,202.1,2152,115.40,-0.45,0.000,0.00,0.000,-3.00,19.7,11,0.00,0
41.408,on,-7.03,0.00,2.34,-5.47,14.39,44,-3,15.3,14.65,13.60,-2.44,-2.44,14.69,0.66,0.66,14.70,192.2,0.875,29,0.00,-1.41,0,1328.9,1300.6,1,-3.0,11.50,2.73,1.501,277.5,152.6,149.0,24.13,1.86,12.21,202.1,2180,114.55,-0.65,0.000,0.00,0.000,-3.09,19.7,11,0.00,0
41.483,on,-7.03,0.00,2.34,-5.47,14.48,43,-3,15.3,14.65,13.52,-2.38,-2.41,14.69,0.66,0.66,14.70,192.2,0.875,29,0.00,-1.41,0,1352.7,1300.6,1,-3.0,12.00,2.68,1.434,278.5,152.6,149.0,24.78,1.80,12.27,202.1,2243,113.46,-0.87,0.000,0.00,0.000,-3.26,19.7,11,0.00,0
41.558,on,-7.03,0.00,2.34,-5.47,14.52,43,-3,15.3,14.65,13.68,-2.37,-2.43,14.68,0.65,0.66,14.70,192.2,0.875,31,0.00,-1.41,0,1316.7,1300.6,1,-3.0,13.00,2.80,1.466,278.5,152.6,150.8,25.04,1.86,12.28,202.1,2291,112.24,-1.03,0.000,0.00,0.000,-3.43,19.7,11,0.00,0
41.633,on,-7.03,0.00,2.34,-5.47,14.54,43,-3,14.9,14.65,13.60,-2.38,-2.39,14.68,0.65,0.65,14.70,192.2,0.875,31,0.00,-1.41,0,1333.6,1300.6,1,-3.0,13.50,2.73,1.421,278.5,152.6,150.8,25.01,1.88,12.27,202.1,2307,110.04,-1.26,0.000,0.00,0.000,-3.65,19.7,11,0.00,0
41.692,on,-7.03,0.00,2.34,-5.47,14.63,43,-3,14.5,14.65,13.36,-2.52,-2.42,14.68,0.65,0.65,14.70,192.2,0.875,31,0.00,-1.41,0,1305.4,1300.6,1,-3.0,13.00,2.79,1.443,278.5,152.6,150.8,24.94,1.88,12.13,202.1,2316,106.79,-1.41,0.000,0.00,0.000,-3.81,19.3,11,0.00,0
41.773,on,-7.03,0.00,2.34,-5.47,14.68,43,-3,12.2,14.65,13.68,-2.43,-2.47,14.67,0.63,0.64,14.70,192.2,0.875,31,0.00,-1.41,0,1321.3,1207.7,1,-3.0,14.00,2.85,1.453,277.0,152.6,150.8,25.07,1.86,12.22,202.1,2353,90.66,-2.64,0.000,0.00,0.000,-5.11,18.5,12,0.00,0
41.831,on,-6.25,0.00,2.34,-5.47,14.69,43,-4,2.7,14.65,13.60,-3.25,-2.89,14.67,0.59,0.60,14.70,192.2,0.875,31,0.00,-1.41,0,1247.6,1114.8,1,-3.0,15.00,2.79,1.398,274.0,152.6,150.8,23.71,1.70,11.40,202.1,2395,56.50,-4.49,0.000,0.00,0.000,-7.27,15.0,12,0.00,0
41.906,on,-5.47,0.00,2.34,-5.47,14.67,43,-4,0.0,14.65,13.76,-5.23,-4.07,14.66,0.47,0.47,14.70,192.2,0.875,0,0.00,-1.41,0,1120.7,437.9,1,-3.0,15.50,2.37,1.184,270.0,152.6,150.8,17.92,1.24,9.42,202.1,2407,0.00,-7.62,0.000,0.00,0.000,-11.68,6.3,12,0.00,0
41.976,on,0.00,0.00,2.34,-5.47,14.68,36,-4,0.0,14.65,13.84,-7.35,-6.01,14.66,0.32,0.32,14.76,192.2,0.875,0,0.00,0.00,0,990.5,437.9,1,-3.0,16.50,2.08,1.046,270.0,152.6,152.6,12.43,0.98,7.30,202.1,2380,0.00,-5.98,0.000,0.00,0.000,-11.63,6.3,12,0.00,0
42.051,on,0.00,0.00,2.34,-5.47,14.65,27,-4,0.0,14.65,13.76,-9.18,-8.16,14.67,0.25,0.26,14.76,192.2,0.875,0,0.00,0.00,0,877.8,437.9,1,-3.0,16.50,1.49,0.768,270.0,152.6,152.6,9.63,0.90,5.47,202.1,2329,0.00,-3.29,0.000,0.00,0.000,-11.46,6.3,12,0.00,0
42.123,on,-0.78,0.00,2.34,-5.47,14.56,9,-3,0.0,14.65,13.84,-10.32,-9.60,14.71,0.21,0.21,15.05,192.2,0.875,0,0.00,0.00,0,788.7,437.9,1,-3.0,16.00,1.32,0.704,270.0,150.8,152.6,7.77,0.96,4.33,202.1,2249,0.00,-1.82,0.000,0.00,0.000,-11.23,6.3,12,0.00,0
42.186,on,-1.56,0.00,2.34,-5.47,14.45,0,-2,0.0,14.65,13.68,-10.79,-10.40,14.73,0.18,0.19,15.05,192.2,0.875,0,0.00,0.00,0,727.4,437.9,1,-3.0,15.50,1.15,0.650,270.0,152.6,152.6,6.56,1.02,3.86,202.2,2131,0.00,-0.43,0.000,0.00,0.000,-10.83,6.3,12,0.00,0
42.258,on,-2.34,0.00,2.34,-5.47,14.33,0,-1,0.0,14.65,13.60,-11.13,-10.89,14.73,0.17,0.17,15.05,192.2,0.875,0,0.00,0.00,0,676.4,437.9,1,-3.0,15.00,1.05,0.608,270.0,152.6,152.6,5.94,1.00,3.52,202.2,2067,0.00,0.19,0.000,0.00,0.000,-10.63,6.3,12,0.00,0
42.337,on,-2.34,0.00,2.34,-5.47,14.31,0,-1,0.0,14.65,13.84,-11.36,-11.21,14.73,0.16,0.17,15.05,192.2,0.875,0,0.00,0.00,0,616.0,437.9,1,-3.0,15.00,0.97,0.582,270.0,152.6,152.6,5.54,0.98,3.29,202.2,2006,0.00,0.79,0.000,0.00,0.000,-10.43,6.3,12,0.00,0
42.396,on,-2.34,0.00,2.34,-5.47,14.18,0,-1,0.0,14.65,13.68,-11.53,-11.45,14.73,0.16,0.16,15.11,192.2,0.875,0,0.00,0.00,0,568.4,437.9,1,-2.5,14.00,0.95,0.586,270.0,152.6,152.6,5.22,0.98,3.12,202.2,1940,0.00,1.13,0.000,0.00,0.000,-10.32,6.3,12,0.00,0
42.476,on,-3.91,0.00,2.34,-5.47,13.82,0,-1,0.0,14.65,13.52,-11.58,-11.53,14.73,0.16,0.16,15.24,192.2,0.875,0,0.00,0.00,0,525.5,437.9,2,-2.0,13.50,0.93,0.595,270.0,152.6,150.8,5.05,0.98,3.07,202.2,1868,0.00,1.28,0.000,0.00,0.000,-10.24,6.3,12,0.00,0
42.554,on,-5.47,0.00,2.34,-5.47,13.66,0,-1,0.0,14.65,13.76,-11.59,-11.56,14.73,0.16,0.17,15.30,192.2,0.875,0,0.00,0.00,0,487.7,437.9,2,-1.5,13.50,0.94,0.627,270.0,152.6,150.8,4.90,1.00,3.06,202.3,1790,0.00,1.45,0.000,0.00,0.000,-10.11,6.7,12,0.00,0
42.616,on,-6.25,0.00,2.34,-5.47,13.54,0,-1,0.0,14.65,13.76,-11.56,-11.55,14.73,0.16,0.17,15.42,192.2,0.875,0,0.00,0.00,0,454.2,437.9,2,-1.0,13.50,0.91,0.637,270.0,152.6,150.8,4.81,1.06,3.09,202.3,1719,0.00,1.55,0.000,0.00,0.000,-10.02,6.7,12,0.00,0
42.687,on,-6.25,0.00,2.34,-5.47,13.56,0,-1,0.0,14.65,13.76,-11.51,-11.51,14.65,0.17,0.17,15.42,192.2,0.875,0,0.00,0.00,1,423.6,437.9,2,-0.5,13.00,0.92,0.669,270.0,152.6,150.8,4.71,1.06,3.14,202.3,1643,0.00,1.61,0.000,0.00,0.000,-9.90,6.7,12,0.00,0
42.741,on,0.00,0.00,2.34,-5.47,13.57,0,-1,0.0,14.65,13.76,-11.39,-11.44,14.65,0.17,0.18,15.49,192.2,0.875,0,0.00,0.00,1,423.5,437.9,2,0.0,13.00,0.98,0.742,270.0,152.6,150.8,4.71,1.04,3.25,202.3,1590,0.00,1.65,0.000,0.00,0.000,-9.80,6.7,12,0.00,0
42.816,on,0.00,0.00,2.34,-5.47,13.68,0,-1,0.0,14.65,13.76,-11.32,-11.37,14.65,0.18,0.18,15.49,192.2,0.875,0,0.00,0.00,1,412.2,437.9,2,0.0,12.50,0.96,0.762,269.0,152.6,150.8,4.62,1.02,3.33,202.3,1510,0.00,1.84,0.000,0.00,0.000,-9.54,6.7,12,0.00,0
42.891,on,0.00,0.00,2.34,-5.47,13.80,0,0,0.0,14.65,13.68,-11.19,-11.25,14.65,0.18,0.19,15.42,192.2,0.875,0,0.00,0.00,1,412.9,437.9,2,0.0,12.00,0.96,0.813,267.5,152.6,150.8,4.53,1.02,3.46,202.3,1425,0.00,2.06,0.000,0.00,0.000,-9.21,7.1,12,0.00,0
42.966,on,0.00,0.00,2.34,-5.47,13.90,0,0,0.0,14.65,13.92,-11.12,-11.13,14.65,0.19,0.20,15.42,192.2,0.875,0,0.00,0.00,1,423.8,437.9,2,0.0,11.50,0.92,0.813,267.0,152.6,150.8,4.46,1.04,3.53,202.3,1355,0.00,2.25,0.000,0.00,0.000,-8.88,7.1,12,0.00,0
43.036,on,0.00,0.00,2.34,-5.47,14.04,0,0,0.0,14.65,13.76,-10.99,-11.03,14.65,0.21,0.21,15.36,192.2,0.875,0,0.00,0.00,1,413.9,437.9,2,0.0,11.00,0.89,0.842,266.0,152.6,150.8,4.35,1.06,3.66,202.3,1274,0.00,2.40,0.000,0.00,0.000,-8.64,7.1,12,0.00,0
43.106,on,0.00,0.00,2.34,-5.47,14.14,0,0,4.3,14.65,13.84,-10.81,-10.88,14.65,0.21,0.22,15.30,192.2,0.875,0,0.00,0.00,0,406.9,437.9,2,0.0,11.00,0.91,0.899,265.5,152.6,150.8,4.42,1.12,3.83,202.3,1217,33.05,4.56,0.000,0.00,0.000,-6.33,9.1,12,0.00,0
43.190,on,-1.56,0.00,2.34,-5.47,14.31,0,0,5.1,14.65,13.68,-10.44,-10.53,14.65,0.23,0.24,15.05,192.2,0.875,0,0.00,0.00,0,406.4,437.9,2,0.0,12.50,1.04,1.075,265.0,152.6,150.8,4.76,1.24,4.21,202.3,1157,38.16,4.72,0.000,0.00,0.000,-5.82,9.1,12,0.00,0
43.268,on,-1.56,0.00,2.34,-5.47,14.45,0,-3,8.2,14.65,13.68,-9.86,-10.05,14.65,0.27,0.28,14.87,192.2,0.875,0,0.00,0.00,0,400.9,437.9,2,0.0,14.00,1.02,1.075,265.0,152.6,150.8,5.35,1.40,4.79,202.3,1141,73.15,6.13,0.000,0.00,0.000,-4.03,11.4,12,0.00,0
43.344,on,-0.78,0.00,2.34,-5.47,14.69,0,-6,10.2,14.65,13.84,-8.20,-9.05,14.65,0.36,0.36,14.93,192.2,0.875,0,0.00,0.00,0,503.1,650.3,2,0.0,14.50,1.27,1.312,265.0,152.6,150.8,7.32,1.54,6.44,202.3,1159,95.66,6.75,0.000,0.00,0.000,-2.51,13.0,12,0.00,0
43.399,on,0.00,0.00,2.34,-5.47,15.14,0,-8,12.5,14.65,13.84,-6.88,-7.88,14.65,0.44,0.45,14.93,192.2,0.875,0,0.00,0.00,0,599.0,822.8,2,0.0,14.00,1.59,1.571,265.0,152.6,150.8,9.38,1.64,7.77,202.3,1213,103.11,5.84,0.000,0.00,0.000,-2.04,13.8,12,0.00,0
43.476,on,1.56,0.00,2.34,-5.47,15.49,3,-13,13.3,14.65,13.68,-5.74,-6.69,14.65,0.52,0.52,14.76,192.2,0.875,5,0.00,0.00,0,760.3,915.7,2,0.0,-1.50,1.78,1.661,266.0,152.6,150.8,11.26,1.68,8.91,202.6,1288,106.56,4.97,0.000,0.00,0.000,-1.95,15.0,11,0.00,0
43.546,on,3.12,0.00,2.34,-5.47,15.66,8,-16,13.3,14.65,13.84,-4.46,-5.49,14.65,0.58,0.59,14.70,192.2,0.875,7,0.00,-1.41,0,857.5,1114.8,2,-2.0,-4.00,1.83,1.661,266.5,152.6,150.8,13.18,1.80,10.19,202.6,1323,107.54,3.56,0.000,0.00,0.000,-1.93,16.9,11,0.00,0
43.619,on,3.91,0.00,2.34,-5.47,15.83,18,-18,13.3,14.65,13.76,-3.80,-4.36,14.65,0.63,0.64,14.70,192.2,0.875,9,0.00,-1.41,0,1069.0,1207.7,2,-4.0,3.50,1.93,1.792,266.5,152.6,150.8,13.84,1.70,10.85,202.6,1292,106.46,2.61,0.000,0.00,0.000,-1.95,17.3,11,0.00,0
43.688,on,4.69,0.00,2.34,-5.47,15.91,19,-18,13.3,14.65,13.76,-3.09,-3.53,14.65,0.66,0.67,14.70,192.2,0.875,11,0.00,-1.41,0,1122.1,1300.6,2,-4.0,3.00,1.99,1.830,266.5,152.6,152.6,14.55,1.70,11.56,202.6,1306,106.34,1.55,0.000,0.00,0.000,-1.98,16.9,11,0.00,0
43.766,on,4.69,0.00,2.34,-5.47,15.92,18,-14,13.3,14.65,13.52,-2.70,-2.95,14.64,0.70,0.70,14.64,192.2,0.875,11,0.00,-1.41,0,1214.2,1300.6,2,-4.0,3.00,2.10,1.869,267.0,152.6,152.6,15.67,1.68,11.95,202.6,1345,107.36,0.98,0.000,0.00,0.000,-1.97,17.3,11,0.00,0
43.832,on,5.47,0.00,2.34,-5.47,15.87,17,-10,13.3,14.65,13.44,-2.46,-2.64,14.64,0.71,0.71,14.64,192.2,0.875,13,0.00,-1.41,0,1205.4,1300.6,2,-4.0,-5.00,2.12,1.930,266.5,152.6,150.8,15.63,1.66,12.19,202.6,1316,106.98,0.75,0.000,0.00,0.000,-1.96,17.7,11,0.00,0
43.906,on,5.47,0.00,2.34,-5.47,15.76,18,-3,13.7,14.65,13.44,-2.27,-2.41,14.63,0.72,0.73,14.64,192.2,0.875,13,0.00,-1.41,0,1282.3,1393.4,2,-4.0,1.50,2.07,1.930,266.0,152.6,150.8,15.62,1.66,12.38,202.6,1288,107.12,0.52,0.000,0.00,0.000,-1.90,17.3,11,0.00,0
43.971,on,6.25,0.00,2.34,-5.47,15.61,19,3,13.7,14.65,13.68,-2.22,-2.31,14.63,0.72,0.73,14.64,192.2,0.875,13,0.00,-1.41,0,1304.4,1393.4,2,-4.0,3.00,2.04,1.898,266.5,152.6,152.6,15.79,1.62,12.43,202.6,1292,107.04,0.43,0.000,0.00,0.000,-1.92,17.7,11,0.00,0
44.047,on,6.25,0.00,2.34,-5.47,15.48,19,5,13.7,14.65,13.76,-2.20,-2.26,14.63,0.74,0.74,14.64,192.2,0.875,13,0.00,-1.41,0,1364.4,1393.4,2,-4.0,2.50,2.01,1.872,266.5,152.6,150.8,15.99,1.66,12.44,202.6,1290,107.43,0.37,0.000,0.00,0.000,-1.89,17.7,11,0.00,0
44.113,on,6.25,0.00,2.34,-5.47,15.29,20,6,14.1,14.65,13.52,-2.13,-2.20,14.63,0.75,0.75,14.64,192.2,0.875,13,0.00,-1.41,0,1377.7,1393.4,2,-4.0,2.50,2.00,1.862,266.0,152.6,150.8,16.13,1.60,12.52,202.5,1288,109.04,0.41,0.000,0.00,0.000,-1.81,17.7,12,0.00,0
44.186,on,6.25,0.00,2.34,-5.47,15.26,21,6,14.9,14.65,13.76,-2.04,-2.13,14.63,0.75,0.76,14.64,192.2,0.875,13,0.00,-1.41,0,1350.9,1393.4,2,-4.0,2.50,2.03,1.862,266.5,152.6,150.8,16.59,1.68,12.60,202.5,1309,111.29,0.47,0.000,0.00,0.000,-1.67,18.1,12,0.00,0
44.252,on,5.47,0.00,2.34,-5.47,15.14,21,4,14.9,14.65,13.68,-1.96,-2.02,14.62,0.76,0.77,14.64,192.2,0.875,13,0.00,-1.41,0,1466.9,1446.5,2,-4.0,2.50,2.08,1.888,266.5,152.6,150.8,17.11,1.66,12.69,202.5,1325,112.00,0.39,0.000,0.00,0.000,-1.66,18.5,12,0.00,0
44.326,on,6.25,0.00,2.34,-5.47,15.03,22,3,15.7,14.65,13.92,-1.82,-1.92,14.62,0.78,0.79,14.64,192.2,0.875,13,0.00,-1.41,0,1465.6,1446.5,2,-4.0,1.50,2.09,1.898,266.5,152.6,150.8,17.31,1.62,12.83,202.5,1320,114.25,0.41,0.000,0.00,0.000,-1.50,18.9,12,0.00,0
44.405,on,5.47,0.00,2.34,-5.47,14.98,23,0,15.7,14.65,13.92,-1.71,-1.79,14.62,0.80,0.80,14.64,192.2,0.875,13,0.00,-1.41,0,1424.3,1446.5,2,-4.0,1.00,2.13,1.930,266.5,152.6,150.8,17.71,1.68,12.94,202.5,1324,114.51,0.30,0.000,0.00,0.000,-1.50,18.9,12,0.00,0
44.466,on,5.47,0.00,2.34,-5.47,14.89,23,0,15.7,14.65,13.68,-1.65,-1.73,14.62,0.80,0.81,14.64,192.2,0.875,13,0.00,-1.41,0,1471.1,1446.5,2,-4.0,1.00,2.17,1.930,267.0,152.6,150.8,18.15,1.70,13.00,202.4,1352,115.40,0.27,0.000,0.00,0.000,-1.46,19.3,12,0.00,0
44.538,on,5.47,0.00,2.34,-5.47,14.70,23,-1,15.7,14.65,13.92,-1.62,-1.69,14.62,0.80,0.81,14.64,192.2,0.875,13,0.00,-1.41,0,1463.6,1446.5,2,-4.0,1.00,2.18,1.926,267.0,152.6,150.8,18.44,1.74,13.03,202.4,1360,116.31,0.26,0.000,0.00,0.000,-1.42,19.3,12,0.00,0
44.592,on,4.69,0.00,2.34,-5.47,14.58,23,-1,16.1,14.65,13.76,-1.55,-1.61,14.62,0.83,0.83,14.64,192.2,0.875,13,0.00,-1.41,0,1423.5,1446.5,2,-4.0,1.00,2.21,1.958,267.0,152.6,150.8,18.70,1.72,13.09,202.4,1352,116.66,0.20,0.000,0.00,0.000,-1.41,19.7,12,0.00,0
44.673,on,4.69,0.00,2.34,-5.47,14.50,23,-1,16.1,14.65,13.84,-1.48,-1.54,14.62,0.83,0.83,14.64,192.2,0.875,13,0.00,-1.41,0,1398.2,1446.5,2,-4.0,0.50,2.24,1.968,267.0,152.6,150.8,18.88,1.74,13.17,202.4,1363,118.01,0.22,0.000,0.00,0.000,-1.31,19.7,12,0.00,0
44.731,on,3.91,0.00,2.34,-5.47,14.38,23,0,16.5,14.65,13.92,-1.44,-1.46,14.63,0.84,0.84,14.64,192.2,0.875,13,0.00,-1.41,0,1455.6,1512.9,2,-3.5,1.50,2.29,1.968,267.5,152.6,150.8,19.56,1.72,13.21,202.5,1394,119.89,0.22,0.000,0.00,0.000,-1.25,20.5,12,0.00,0
44.807,on,3.91,0.00,2.34,-5.47,14.35,23,0,16.5,14.65,13.44,-1.32,-1.38,14.63,0.84,0.85,14.64,192.2,0.875,13,0.00,-1.41,0,1454.6,1512.9,2,-3.5,1.00,2.37,2.038,267.5,152.6,150.8,19.84,1.74,13.33,202.5,1396,120.18,0.16,0.000,0.00,0.000,-1.22,20.1,12,0.00,0
44.890,on,3.12,0.00,2.34,-5.47,14.30,23,0,17.6,14.65,14.00,-1.31,-1.32,14.63,0.85,0.86,14.64,192.2,0.875,13,0.00,-1.41,0,1512.9,1512.9,2,-3.5,1.00,2.34,2.010,267.5,152.6,150.8,19.97,1.76,13.34,202.5,1399,125.61,0.37,0.000,0.00,0.000,-0.95,20.5,12,0.00,0
44.966,on,3.12,0.00,2.34,-5.47,14.23,23,0,18.8,14.65,13.92,-1.02,-1.15,14.63,0.87,0.88,14.64,192.2,0.875,13,0.00,-1.41,0,1488.6,1512.9,2,-3.5,0.50,2.33,1.971,267.5,152.6,150.8,20.80,1.80,13.63,202.5,1420,130.44,0.59,0.000,0.00,0.000,-0.62,22.0,12,0.00,0
45.040,on,2.34,0.00,2.34,-5.47,14.18,24,1,19.2,14.65,14.00,-0.87,-0.95,14.63,0.91,0.91,14.64,192.2,0.875,13,0.00,-1.41,0,1490.9,1512.9,2,-3.5,-1.00,2.44,2.035,268.0,152.6,150.8,21.84,1.84,13.78,202.5,1440,134.84,0.66,0.000,0.00,0.000,-0.32,22.8,12,0.00,0
45.117,on,2.34,0.00,2.34,-5.47,14.20,24,1,19.6,14.65,13.84,-0.75,-0.82,14.63,0.91,0.92,14.64,192.2,0.875,13,0.00,-1.41,0,1475.7,1512.9,2,-3.5,-1.50,2.47,2.080,268.0,152.6,150.8,21.74,1.82,13.89,202.5,1423,133.93,0.47,0.000,0.00,0.000,-0.35,22.8,13,0.00,0
45.193,on,1.56,0.00,2.34,-5.47,14.18,24,1,19.6,14.65,13.76,-0.67,-0.74,14.63,0.91,0.92,14.64,192.2,0.875,13,0.00,-1.41,0,1547.8,1592.5,2,-3.5,-1.50,2.54,2.086,268.0,152.6,150.8,22.34,1.80,13.98,202.5,1463,137.90,0.58,0.000,0.00,0.000,-0.16,23.2,13,0.00,0
45.256,on,0.78,0.00,2.34,-5.47,14.16,24,1,20.4,14.65,13.84,-0.60,-0.67,14.63,0.93,0.94,14.64,192.2,0.875,13,0.00,-1.41,0,1543.1,1592.5,2,-3.5,-1.00,2.52,2.042,268.5,152.6,150.8,23.15,1.86,14.05,202.5,1483,142.39,0.79,0.000,0.45,0.000,0.11,24.8,13,0.00,0
45.327,on,0.78,0.00,2.34,-5.47,14.18,24,1,20.0,14.65,13.92,-0.44,-0.51,14.63,0.96,0.96,14.64,192.2,0.875,13,0.00,-1.41,0,1590.1,1592.5,2,-3.5,-1.50,2.60,2.122,268.5,152.6,149.0,23.53,1.86,14.21,202.5,1470,140.96,0.57,0.000,0.29,0.000,0.06,24.4,13,0.00,0
45.396,on,0.78,0.00,2.34,-5.47,14.26,24,1,20.8,14.65,14.00,-0.42,-0.45,14.63,0.94,0.95,14.64,192.2,0.875,13,0.00,-1.41,0,1579.9,1592.5,2,-3.5,-2.00,2.62,2.122,268.5,150.8,149.0,23.70,1.82,14.23,202.7,1483,144.86,0.63,0.000,0.33,0.000,0.18,24.8,13,0.00,0
45.460,on,0.78,0.00,2.34,-5.47,14.24,24,1,20.4,14.65,14.08,-0.32,-0.34,14.63,0.97,0.97,14.64,192.2,0.875,10,0.00,-1.41,0,1585.3,1592.5,2,-3.5,-1.50,2.69,2.118,269.0,150.8,149.0,24.75,1.90,14.33,202.7,1524,147.72,0.61,0.000,0.30,0.000,0.26,25.6,13,0.00,0
45.536,on,0.78,0.00,2.34,-5.47,14.24,24,2,20.4,14.65,14.08,-0.22,-0.30,14.63,0.98,0.98,14.64,192.2,0.875,10,0.00,-1.41,0,1594.4,1592.5,2,-3.0,-1.00,2.73,2.141,269.0,152.6,149.0,25.13,1.90,14.43,202.7,1531,147.78,0.56,0.000,0.27,0.000,0.26,25.6,14,0.00,0
45.612,on,0.00,0.00,2.34,-5.47,14.26,24,2,20.4,14.65,14.00,-0.19,-0.26,14.63,0.98,0.99,14.64,192.2,0.875,10,0.00,-1.41,0,1598.9,1592.5,2,-3.5,-2.00,2.74,2.163,269.0,152.6,149.0,25.06,1.88,14.46,202.7,1519,147.29,0.47,0.000,0.22,0.000,0.23,26.0,14,0.00,0
45.697,on,0.00,0.00,2.34,-5.47,14.32,25,3,20.4,14.65,13.84,-0.15,-0.21,14.63,0.98,0.99,14.64,192.2,0.875,10,0.00,-1.41,0,1601.3,1592.5,2,-3.0,-1.50,2.80,2.173,269.5,152.6,149.0,25.57,1.92,14.50,202.7,1549,148.71,0.45,0.000,0.20,0.000,0.26,26.0,14,0.00,0
45.770,on,0.00,0.00,2.34,-5.47,14.37,24,3,20.8,14.65,14.08,-0.17,-0.17,14.63,0.98,0.98,14.64,192.2,0.875,10,0.00,-1.41,0,1600.9,1592.5,2,-3.0,-1.00,2.87,2.170,270.0,152.6,149.0,26.00,1.88,14.48,202.6,1587,154.35,0.58,0.000,0.29,0.000,0.39,26.4,14,0.00,0
45.836,on,0.00,0.00,2.34,-5.47,14.43,25,4,22.0,14.65,14.08,0.05,-0.06,14.63,1.01,1.01,14.64,192.2,0.875,10,0.00,-1.41,0,1609.3,1645.6,2,-3.0,-1.00,2.84,2.166,269.5,152.6,149.0,26.57,1.96,14.70,202.6,1574,163.09,0.88,0.000,0.53,0.000,0.77,28.7,14,0.00,0
45.901,on,0.78,0.00,2.34,-5.47,14.53,25,4,22.0,14.65,14.00,0.21,0.09,14.63,1.02,1.02,14.64,192.2,0.875,10,0.00,-1.41,0,1606.1,1645.6,2,-3.0,-1.50,2.97,2.253,270.0,152.6,147.2,26.99,1.94,14.86,202.6,1584,163.46,0.69,0.000,0.36,0.000,0.76,28.7,14,0.00,0
45.976,on,0.78,0.00,2.34,-5.47,14.61,25,4,22.4,14.65,14.08,0.14,0.13,14.63,1.01,1.02,14.64,192.2,0.875,7,0.00,-1.41,0,1621.0,1645.6,2,-2.5,-1.00,3.02,2.208,271.0,152.6,147.2,28.12,1.96,14.79,202.6,1639,165.19,0.69,0.000,0.37,0.000,0.83,28.7,14,0.00,0
46.059,on,0.78,0.00,2.34,-5.47,14.65,25,4,22.0,14.65,13.92,0.09,0.14,14.63,1.02,1.03,14.64,192.2,0.875,7,0.00,-1.41,0,1624.7,1645.6,2,-2.5,-1.00,3.14,2.288,271.0,150.8,147.2,28.21,2.00,14.74,202.5,1649,163.68,0.56,0.000,0.27,0.000,0.69,28.0,14,0.00,0
46.133,on,0.78,0.00,2.34,-5.47,14.67,25,4,22.0,14.65,14.00,0.22,0.17,14.63,1.03,1.04,14.64,192.2,0.875,7,0.00,-1.41,0,1621.0,1645.6,2,-2.5,-0.50,3.08,2.243,271.0,152.6,147.2,28.48,2.04,14.87,202.5,1648,162.73,0.57,0.000,0.28,0.000,0.72,28.3,14,0.00,0
46.191,on,0.78,0.00,2.34,-5.47,14.70,25,4,22.4,14.65,13.92,0.22,0.19,14.63,1.02,1.03,14.64,192.2,0.875,7,0.00,-1.41,0,1639.1,1645.6,2,-2.5,-0.50,3.16,2.243,272.0,152.6,147.2,29.18,1.96,14.87,202.5,1693,166.88,0.47,0.000,0.21,0.000,0.67,27.6,15,0.00,0
46.276,on,1.56,0.00,2.34,-5.47,14.73,25,4,22.4,14.65,14.08,0.26,0.24,14.63,1.05,1.05,14.64,192.2,0.875,7,0.00,-1.41,0,1639.8,1645.6,2,-2.5,-1.00,3.16,2.272,271.0,152.6,147.2,29.17,2.04,14.90,202.5,1668,164.81,0.49,0.000,0.23,0.000,0.70,28.0,15,0.00,0
46.336,on,1.56,0.00,2.34,-5.47,14.79,25,4,22.4,14.65,14.00,0.32,0.30,14.63,1.05,1.05,14.64,192.2,0.875,7,0.00,-1.41,0,1631.9,1645.6,2,-2.5,-0.50,3.26,2.365,270.0,150.8,147.2,29.19,2.02,14.97,202.8,1657,165.43,0.45,0.000,0.20,0.000,0.74,28.0,15,0.00,0
46.407,on,1.56,0.00,2.34,-5.47,14.73,25,4,22.0,14.65,13.84,0.38,0.36,14.63,1.05,1.05,14.64,192.2,0.875,7,0.00,-1.41,0,1615.7,1645.6,2,-2.5,-1.00,3.30,2.317,272.0,150.8,147.2,29.95,1.98,15.03,202.8,1710,162.88,0.28,0.000,0.12,0.000,0.63,27.6,15,0.00,0
46.476,on,1.56,0.00,2.34,-5.47,14.73,25,4,22.0,14.65,13.76,0.26,0.29,14.63,1.03,1.04,14.64,192.2,0.875,4,0.00,-1.41,0,1627.8,1645.6,2,-2.5,-0.50,3.34,2.291,274.0,150.8,147.2,30.41,2.02,14.91,202.8,1750,161.88,0.16,0.000,0.07,0.000,0.48,26.4,15,0.00,0
46.540,on,1.56,0.00,2.34,-5.47,14.71,24,4,22.0,14.65,14.16,0.14,0.23,14.55,1.05,1.05,14.59,192.2,0.875,4,0.00,-1.41,0,1638.0,1645.6,2,-2.5,-0.50,3.39,2.339,272.5,150.8,145.4,30.26,2.02,14.79,202.8,1740,162.48,0.25,0.000,0.11,0.000,0.46,26.0,16,0.00,0
46.616,on,1.56,0.00,2.34,-5.47,14.68,25,4,22.0,14.65,13.84,0.22,0.24,14.55,1.05,1.05,14.59,192.2,0.875,4,0.00,-1.41,0,1639.4,1645.6,2,-2.5,-0.50,3.44,2.362,273.0,150.8,145.4,30.72,2.08,14.87,202.8,1749,163.28,0.27,0.000,0.12,0.000,0.50,26.4,16,0.00,0
46.699,on,1.56,0.00,2.34,-5.47,14.66,24,4,22.0,14.65,14.08,0.28,0.25,14.55,1.03,1.05,14.59,192.2,0.875,4,0.00,-1.41,0,1696.4,1645.6,2,-2.5,0.00,3.49,2.326,275.0,152.6,145.4,31.50,2.04,14.93,202.6,1799,161.73,0.13,0.000,0.05,0.000,0.37,25.2,16,0.00,0
46.766,on,1.56,0.00,2.34,-5.47,14.59,24,4,22.0,14.65,14.00,0.11,0.21,14.55,1.03,1.04,14.59,192.2,0.875,4,0.00,-1.41,0,1679.3,1645.6,2,-2.5,0.00,3.49,2.317,275.0,150.8,145.4,31.29,2.04,14.76,202.6,1805,160.68,0.13,0.000,0.05,0.000,0.31,25.2,16,0.00,0
46.840,on,1.56,0.00,2.34,-5.47,14.57,24,4,21.6,14.65,14.00,0.22,0.20,14.55,1.03,1.05,14.59,192.2,0.875,4,0.00,-1.41,0,1697.7,1645.6,2,-2.5,0.00,3.52,2.336,275.0,150.8,145.4,31.69,2.10,14.87,202.6,1810,159.19,0.07,0.000,0.03,0.000,0.26,25.2,16,0.00,0
46.913,on,1.56,0.00,2.34,-5.47,14.54,24,3,21.6,14.65,14.08,0.11,0.15,14.57,1.03,1.04,14.59,192.2,0.875,4,0.00,-1.41,0,1637.2,1645.6,2,-2.5,0.00,3.55,2.320,276.0,150.8,145.4,31.72,2.06,14.76,202.6,1836,158.35,-0.02,0.000,-0.01,0.000,0.15,24.8,16,0.00,0
46.970,on,1.56,0.00,2.34,-5.47,14.56,24,3,20.8,14.65,13.92,0.12,0.07,14.57,1.03,1.04,14.59,192.2,0.875,4,0.00,-1.41,0,1695.8,1645.6,2,-2.5,0.50,3.46,2.224,276.5,150.8,145.4,32.31,2.08,14.77,202.7,1866,152.71,-0.18,0.000,-0.08,0.000,-0.08,23.6,16,0.00,0
47.046,on,1.56,0.00,2.34,-5.47,14.52,24,3,20.4,14.65,14.00,-0.17,-0.11,14.57,1.02,1.02,14.59,192.2,0.875,4,0.00,-1.41,0,1698.2,1645.6,2,-2.5,1.00,3.48,2.243,276.5,150.8,143.6,31.74,2.04,14.48,202.7,1864,147.50,-0.27,0.000,-0.12,0.000,-0.35,22.8,16,0.00,0
47.130,on,1.56,0.00,2.34,-5.47,14.51,24,2,19.2,14.65,14.08,-0.41,-0.33,14.62,0.98,0.99,14.64,192.2,0.875,6,0.00,-1.41,0,1706.5,1645.6,2,-2.5,1.50,3.43,2.202,277.0,150.8,143.6,30.88,2.00,14.24,202.7,1872,141.34,-0.34,0.000,-0.16,0.000,-0.64,22.0,17,0.00,0
47.206,on,0.78,0.00,2.34,-5.47,14.51,24,2,17.6,14.65,14.16,-0.66,-0.55,14.62,0.96,0.96,14.64,192.2,0.875,8,0.00,-1.41,0,1660.0,1592.5,2,-2.5,3.00,3.43,2.166,277.5,150.8,143.6,30.27,1.94,13.98,202.7,1901,132.89,-0.54,0.000,0.00,0.000,-1.02,20.9,17,0.00,0
47.270,on,0.78,0.00,2.34,-5.47,14.49,24,2,16.1,14.65,14.24,-1.07,-0.94,14.62,0.89,0.90,14.64,192.2,0.875,10,0.00,-1.41,0,1665.0,1592.5,2,-2.5,3.50,3.26,2.042,278.0,150.8,143.6,28.87,1.90,13.58,202.7,1916,123.49,-0.98,0.000,0.00,0.000,-1.82,19.7,17,0.00,0
47.349,on,0.78,0.00,2.34,-5.47,14.50,25,1,15.7,14.65,13.92,-1.41,-1.22,14.61,0.87,0.87,14.64,192.2,0.875,12,0.00,-1.41,0,1639.6,1512.9,2,-2.5,5.00,3.12,1.955,278.0,150.8,143.6,27.73,1.92,13.23,202.9,1916,121.28,-0.83,0.000,0.00,0.000,-2.06,19.7,17,0.00,0
47.408,on,0.78,0.00,2.34,-5.47,14.50,26,1,14.9,14.65,14.00,-1.51,-1.43,14.61,0.85,0.86,14.64,192.2,0.875,14,0.00,-1.41,0,1543.2,1512.9,2,-2.5,5.50,3.17,1.968,278.5,150.8,143.6,27.52,1.88,13.14,202.9,1934,115.48,-1.07,0.000,0.00,0.000,-2.45,18.9,17,0.00,0
47.493,on,0.78,0.00,2.34,-5.47,14.58,27,1,14.5,14.65,14.00,-1.74,-1.64,14.61,0.81,0.82,14.64,192.2,0.875,16,0.00,-1.41,0,1532.3,1512.9,2,-2.5,6.00,3.05,1.875,279.0,150.8,143.6,26.67,1.90,12.91,202.9,1953,113.29,-1.10,0.000,0.00,0.000,-2.70,18.9,17,0.00,0
47.575,on,0.78,0.00,2.34,-5.47,14.60,27,0,13.3,14.65,14.16,-1.95,-1.79,14.61,0.80,0.81,14.64,192.2,0.875,18,0.00,-1.41,0,1554.9,1512.9,2,-2.5,6.00,3.00,1.840,279.0,150.8,143.6,26.23,1.86,12.70,202.9,1957,105.11,-1.54,0.000,0.00,0.000,-3.29,18.5,17,0.00,0
47.633,on,0.78,0.00,2.34,-5.47,14.58,28,0,12.9,14.65,14.00,-2.08,-1.98,14.60,0.76,0.78,14.64,192.2,0.875,20,0.00,-1.41,0,1513.3,1446.5,2,-2.5,6.50,2.91,1.782,278.5,150.8,143.6,25.21,1.84,12.57,202.7,1959,104.70,-1.41,0.000,0.00,0.000,-3.35,17.7,17,0.00,0
47.712,on,0.78,0.00,2.34,-5.47,14.58,29,0,13.3,14.65,14.00,-2.21,-2.14,14.61,0.74,0.75,14.64,192.2,0.875,22,0.00,-1.41,0,1455.1,1393.4,2,-2.5,8.00,2.84,1.731,277.5,150.8,143.6,24.62,1.74,12.43,202.7,1970,106.73,-1.12,0.000,0.00,0.000,-3.22,18.1,17,0.00,0
47.777,on,0.78,0.00,2.34,-5.47,14.48,31,0,14.1,14.65,13.92,-2.18,-2.14,14.61,0.72,0.74,14.64,192.2,0.875,24,0.00,-1.41,0,1429.9,1393.4,2,-2.5,8.50,2.88,1.734,278.0,150.8,143.6,24.42,1.80,12.47,202.7,1992,109.26,-0.95,0.000,0.00,0.000,-3.10,18.5,18,0.00,0
47.847,on,0.00,0.00,2.34,-5.47,14.43,32,0,14.5,14.65,14.16,-2.00,-2.04,14.61,0.72,0.74,14.64,192.2,0.875,24,0.00,-1.41,0,1450.0,1393.4,2,-2.5,8.50,2.83,1.706,278.0,150.8,143.6,24.42,1.86,12.65,202.7,1989,112.28,-0.85,0.000,0.00,0.000,-2.89,18.9,18,0.00,0
47.917,on,0.00,0.00,2.34,-5.47,14.38,33,-1,14.9,14.65,13.92,-1.89,-1.89,14.61,0.74,0.74,14.64,192.2,0.875,26,0.00,-1.41,0,1389.5,1393.4,2,-2.5,8.50,2.90,1.744,278.5,150.8,143.6,24.70,1.88,12.76,202.7,1996,114.39,-0.86,0.000,0.00,0.000,-2.79,19.3,18,0.00,0
47.988,on,0.00,0.00,2.34,-5.47,14.36,34,-1,15.3,14.65,14.16,-1.75,-1.76,14.61,0.74,0.74,14.64,192.2,0.875,26,0.00,-1.41,0,1458.8,1393.4,2,-2.5,9.50,2.93,1.747,278.5,150.8,143.6,24.93,1.86,12.90,202.7,2011,116.70,-0.90,0.000,0.00,0.000,-2.68,19.7,18,0.00,0
48.063,on,-0.78,0.00,2.34,-5.47,14.35,34,-1,16.1,14.65,14.00,-1.70,-1.69,14.69,0.74,0.75,14.64,192.2,0.875,26,0.00,-1.41,0,1418.9,1393.4,2,-2.5,9.50,2.86,1.706,278.5,150.8,143.6,25.04,1.88,12.94,202.7,2011,120.04,-0.78,0.000,0.00,0.000,-2.48,20.1,18,0.00,0
48.126,on,-1.56,0.00,2.34,-5.47,14.32,34,-1,16.9,14.65,14.00,-1.60,-1.61,14.69,0.74,0.75,14.70,192.2,0.875,26,0.00,-1.41,0,1424.9,1393.4,2,-2.5,9.50,2.85,1.696,278.5,150.8,143.6,25.17,1.86,13.05,202.7,2014,125.55,-0.51,0.000,0.00,0.000,-2.13,20.5,18,0.00,0
48.198,on,-1.56,0.00,2.34,-5.47,14.34,35,-1,18.0,14.65,14.08,-1.37,-1.43,14.68,0.76,0.77,14.70,192.2,0.875,26,0.00,-1.41,0,1391.2,1446.5,2,-2.5,9.00,2.85,1.690,280.0,150.8,143.6,25.97,1.96,13.28,202.7,2026,133.16,-0.11,0.000,0.00,0.000,-1.59,21.3,18,0.00,0
48.275,on,-1.56,0.00,2.34,-5.47,14.38,35,-1,18.4,14.65,14.00,-1.19,-1.23,14.68,0.79,0.79,14.70,192.2,0.875,26,0.00,-1.41,0,1469.5,1446.5,2,-2.5,8.00,3.00,1.770,280.5,150.8,143.6,26.86,2.02,13.46,202.7,2035,134.90,-0.19,0.000,0.00,0.000,-1.45,21.7,18,0.00,0
48.334,on,-1.56,0.00,2.34,-5.47,14.42,35,-1,18.8,14.65,13.92,-1.02,-1.09,14.68,0.79,0.80,14.70,192.2,0.875,26,0.00,-1.41,0,1418.7,1446.5,2,-2.5,8.00,3.03,1.786,280.5,150.8,143.6,27.07,1.96,13.62,202.7,2034,136.38,-0.26,0.000,0.00,0.000,-1.40,21.7,18,0.00,0
48.411,on,-1.56,0.00,2.34,-5.47,14.48,34,-1,19.2,14.65,13.76,-1.01,-1.03,14.68,0.79,0.80,14.70,192.2,0.875,26,0.00,-1.41,0,1443.8,1446.5,2,-2.5,8.00,3.03,1.786,280.5,150.8,145.4,27.05,1.96,13.64,202.7,2039,138.56,-0.22,0.000,0.00,0.000,-1.24,22.0,18,0.00,0
48.476,on,-1.56,0.00,2.34,-5.47,14.56,34,-2,19.6,14.65,13.92,-0.97,-0.99,14.67,0.79,0.80,14.70,192.2,0.875,26,0.00,-1.41,0,1414.6,1446.5,2,-2.5,8.00,3.13,1.821,281.5,150.8,145.4,27.47,1.92,13.68,202.7,2060,140.85,-0.19,0.000,0.00,0.000,-1.16,22.0,19,0.00,0
48.548,on,-1.56,0.00,2.34,-5.47,14.63,34,-2,20.8,14.65,14.00,-0.84,-0.91,14.68,0.80,0.81,14.70,192.2,0.875,26,0.00,-1.41,0,1478.0,1446.5,2,-2.5,8.00,3.15,1.827,281.5,150.8,145.4,27.94,1.94,13.81,202.7,2070,147.62,0.15,0.000,0.00,0.000,-0.80,22.4,19,0.00,0
48.623,on,-0.78,0.00,2.34,-5.47,14.73,33,-2,20.4,14.65,14.00,-0.79,-0.81,14.68,0.81,0.83,14.70,192.2,0.875,26,0.00,-1.41,0,1426.6,1446.5,2,-2.5,7.50,3.20,1.859,281.5,150.8,145.4,28.44,1.98,13.86,202.9,2066,147.21,0.02,0.000,0.00,0.000,-0.80,22.4,19,0.00,0
48.692,on,-0.78,0.00,2.34,-5.47,14.79,33,-2,20.8,14.65,14.16,-0.71,-0.77,14.68,0.83,0.83,14.70,192.2,0.875,26,0.00,-1.41,0,1444.0,1446.5,2,-2.5,7.50,3.23,1.859,282.0,150.8,145.4,28.95,2.02,13.94,202.9,2088,147.93,-0.04,0.000,0.00,0.000,-0.80,22.8,19,0.00,0
48.773,on,0.00,0.00,2.34,-5.47,14.86,33,-2,20.8,14.65,14.00,-0.77,-0.77,14.68,0.83,0.84,14.70,192.2,0.875,26,0.00,-1.41,0,1475.3,1446.5,2,-2.5,7.50,3.36,1.923,282.0,150.8,145.4,29.27,2.02,13.88,202.9,2097,147.81,-0.04,0.000,0.00,0.000,-0.81,22.8,19,0.00,0
48.836,on,0.00,0.00,2.34,-5.47,14.85,33,-2,20.8,14.65,14.08,-0.80,-0.75,14.69,0.84,0.84,14.70,192.2,0.875,26,0.00,-1.41,0,1444.2,1512.9,2,-2.5,7.00,3.38,1.933,282.0,150.8,145.4,29.47,2.06,13.85,202.9,2098,147.81,-0.06,0.000,0.00,0.000,-0.81,22.4,19,0.00,0
48.907,on,0.00,0.00,2.34,-5.47,14.88,33,-2,20.8,14.65,14.08,-0.73,-0.72,14.69,0.84,0.84,14.70,192.2,0.875,23,0.00,-1.41,0,1497.0,1512.9,2,-2.5,7.00,3.36,1.914,282.5,150.8,147.2,29.68,2.04,13.91,202.9,2107,147.68,-0.11,0.000,0.00,0.000,-0.84,22.4,19,0.00,0
48.976,on,0.00,0.00,2.34,-5.47,14.96,32,-2,20.8,14.65,13.84,-0.74,-0.76,14.69,0.84,0.84,14.70,192.2,0.875,23,0.00,-1.41,0,1510.2,1512.9,2,-2.5,7.50,3.41,1.914,283.0,150.8,147.2,29.96,1.98,13.91,202.9,2135,147.78,-0.10,0.000,0.00,0.000,-0.86,22.8,19,0.00,0
49.047,on,0.00,0.00,2.34,-5.47,14.90,32,-2,20.8,14.65,14.00,-0.73,-0.78,14.69,0.84,0.85,14.70,192.2,0.875,23,0.00,-1.41,0,1468.9,1512.9,2,-2.5,7.50,3.36,1.888,283.0,150.8,147.2,30.27,2.06,13.91,202.9,2137,147.30,-0.10,0.000,0.00,0.000,-0.90,22.4,19,0.00,0
49.116,on,0.78,0.00,2.34,-5.47,14.84,32,-3,20.8,14.65,14.16,-0.68,-0.75,14.69,0.84,0.85,14.70,192.2,0.875,23,0.00,-1.41,0,1499.9,1512.9,2,-2.5,7.00,3.45,1.942,283.0,150.8,147.2,30.15,2.02,13.96,202.9,2129,146.88,-0.15,0.000,0.00,0.000,-0.90,22.4,19,0.00,0
49.183,on,0.00,0.00,2.34,-5.47,14.82,31,-3,20.8,14.65,14.08,-0.73,-0.74,14.69,0.84,0.85,14.70,192.2,0.875,23,0.00,-1.41,0,1496.0,1512.9,2,-2.5,7.50,3.40,1.891,283.5,150.8,147.2,30.58,2.00,13.92,202.9,2159,146.50,-0.18,0.000,0.00,0.000,-0.94,22.4,19,0.00,0
49.263,on,0.00,0.00,2.34,-5.47,14.83,31,-3,20.4,14.65,13.84,-0.75,-0.79,14.69,0.85,0.85,14.70,192.2,0.875,23,0.00,-1.41,0,1523.4,1512.9,2,-2.5,7.50,3.51,1.933,284.0,150.8,147.2,30.98,2.04,13.90,202.9,2179,145.76,-0.24,0.000,0.00,0.000,-1.03,22.4,19,0.00,0
49.321,on,0.78,0.00,2.34,-5.47,14.78,31,-3,20.8,14.65,14.16,-0.81,-0.76,14.69,0.85,0.86,14.70,192.2,0.875,23,0.00,-1.41,0,1493.0,1512.9,2,-2.5,7.50,3.44,1.914,283.5,150.8,147.2,30.85,2.04,13.84,202.9,2158,146.51,-0.18,0.000,0.00,0.000,-0.96,22.4,19,0.00,0
49.407,on,0.78,0.00,2.34,-5.47,14.75,31,-3,20.8,14.65,13.92,-0.84,-0.78,14.69,0.85,0.85,14.70,192.2,0.875,23,0.00,-1.41,0,1486.2,1512.9,2,-2.5,7.50,3.55,1.955,284.0,150.8,147.2,31.06,2.04,13.81,202.9,2178,146.26,-0.23,0.000,0.00,0.000,-1.00,22.4,19,0.00,0
49.480,on,0.78,0.00,2.34,-5.47,14.75,31,-3,20.8,14.65,14.00,-0.74,-0.78,14.69,0.85,0.86,14.70,192.2,0.875,23,0.00,-1.41,0,1523.1,1512.9,2,-2.5,7.50,3.57,1.942,285.0,150.8,147.2,31.44,2.06,13.91,202.9,2204,145.94,-0.28,0.000,0.00,0.000,-1.06,22.4,20,0.00,0
49.546,on,0.78,0.00,2.34,-5.47,14.71,31,-3,20.8,14.65,14.16,-0.82,-0.77,14.69,0.87,0.87,14.70,192.2,0.875,23,0.00,-1.41,0,1523.9,1512.9,2,-2.5,7.50,3.51,1.923,284.5,150.8,147.2,31.72,2.10,13.83,202.9,2192,146.61,-0.25,0.000,0.00,0.000,-1.03,22.4,20,0.00,0
49.620,on,0.78,0.00,2.34,-5.47,14.72,31,-3,20.8,14.65,14.16,-0.75,-0.77,14.69,0.85,0.87,14.70,192.2,0.875,20,0.00,-1.41,0,1519.4,1512.9,2,-2.5,7.00,3.65,1.978,285.0,150.8,147.2,31.91,2.10,13.90,202.9,2212,147.34,-0.21,0.000,0.00,0.000,-0.98,22.4,20,0.00,0
49.701,on,0.78,0.00,2.34,-5.47,14.71,31,-3,21.2,14.65,13.92,-0.94,-0.84,14.69,0.85,0.86,14.70,192.2,0.875,20,0.00,-1.41,0,1503.6,1512.9,2,-2.5,7.50,3.59,1.926,285.5,150.8,147.2,32.20,2.06,13.71,202.9,2238,148.59,-0.11,0.000,0.00,0.000,-0.96,22.4,20,0.00,0
49.759,on,0.00,0.00,2.34,-5.47,14.67,30,-3,22.4,14.65,14.08,-0.75,-0.82,14.69,0.87,0.87,14.70,192.2,0.875,20,0.00,-1.41,0,1549.8,1512.9,2,-2.5,7.50,3.68,1.978,285.5,150.8,147.2,32.47,2.10,13.90,202.9,2231,159.91,0.33,0.000,0.00,0.000,-0.49,23.6,20,0.00,0
49.840,on,0.00,0.00,2.34,-5.47,14.63,30,-3,25.1,14.65,13.68,-0.49,-0.56,14.69,0.89,0.90,14.70,192.2,0.875,20,0.00,-1.41,0,1488.0,1512.9,2,-2.5,7.50,3.81,2.038,286.0,150.8,147.2,34.02,2.22,14.16,203.1,2245,182.88,1.81,0.000,1.46,0.000,1.20,25.6,20,0.00,0
49.909,on,0.00,0.00,2.34,-5.47,14.64,30,-3,27.5,14.65,14.00,-0.05,-0.25,14.70,0.93,0.94,14.76,192.2,0.875,17,0.00,-1.41,0,1549.9,1592.5,2,-2.5,6.00,4.00,2.115,286.5,150.8,147.2,35.82,2.20,14.59,203.1,2271,198.81,2.66,0.000,2.61,0.000,2.41,26.4,21,0.00,0
49.986,on,0.00,0.00,2.34,-5.47,14.62,29,-3,27.8,14.65,14.00,0.23,0.03,14.70,0.97,0.97,14.70,192.2,0.875,17,0.00,-1.41,0,1541.5,1592.5,2,-2.5,5.00,4.03,2.125,286.5,150.8,147.2,37.01,2.22,14.88,203.1,2277,202.95,2.72,0.410,2.70,0.000,2.69,27.2,21,0.78,0
50.069,on,0.00,0.00,2.34,-5.47,14.60,27,-4,28.2,14.65,14.24,0.36,0.20,14.70,0.98,0.99,14.76,192.2,0.875,14,0.00,-1.41,0,1582.6,1592.5,2,-2.5,4.50,4.15,2.189,286.5,150.8,147.2,37.77,2.24,15.01,203.1,2277,207.61,2.82,0.820,2.84,0.000,2.99,27.6,21,1.96,0
50.136,on,0.00,0.00,2.34,-5.47,14.60,26,-4,29.0,14.65,14.16,0.28,0.31,14.70,1.01,1.01,14.70,192.2,0.875,11,0.00,-1.41,0,1665.4,1672.1,2,-2.5,3.50,4.27,2.227,287.0,150.8,147.2,38.71,2.24,14.93,203.1,2299,213.40,3.15,1.453,3.14,0.000,3.46,28.3,21,4.31,0
50.218,on,0.00,0.00,2.34,-5.47,14.67,25,-4,29.0,14.65,14.16,0.56,0.45,14.70,1.03,1.04,14.70,192.2,0.875,11,0.00,-1.41,0,1637.7,1672.1,2,-2.5,2.50,4.14,2.147,287.5,150.8,147.2,40.06,2.24,15.21,203.2,2316,214.00,3.07,1.953,3.14,0.000,3.52,28.3,21,4.71,0
50.293,on,0.00,0.00,2.34,-5.47,14.71,25,-4,29.0,14.65,14.08,0.67,0.54,14.70,1.03,1.04,14.70,192.2,0.875,8,0.00,-1.41,0,1694.3,1672.1,2,-2.5,2.50,4.37,2.259,288.0,150.8,147.2,40.30,2.30,15.32,203.2,2321,213.51,2.99,2.109,3.06,0.000,3.49,28.0,21,4.71,0
50.353,on,0.00,0.00,2.34,-5.47,14.80,24,-4,29.0,14.65,14.08,0.53,0.61,14.61,1.05,1.06,14.64,192.2,0.875,8,0.00,-1.41,0,1690.2,1672.1,2,-2.5,2.50,4.47,2.291,287.5,150.8,147.2,41.34,2.30,15.18,203.2,2340,213.60,2.92,2.262,2.96,0.000,3.52,28.0,21,5.10,0
50.433,on,0.78,0.00,2.34,-5.47,14.73,24,-4,29.0,14.65,14.00,0.85,0.72,14.61,1.06,1.07,14.64,192.2,0.875,8,0.00,-1.41,0,1704.3,1725.2,2,-2.5,2.00,4.65,2.368,287.5,150.8,147.2,42.30,2.36,15.50,203.2,2358,213.69,2.88,2.262,2.91,0.000,3.56,28.0,21,4.71,0
50.496,on,0.78,0.00,2.34,-5.47,14.67,23,-5,29.0,14.65,13.92,0.65,0.76,14.57,1.07,1.08,14.64,192.2,0.875,8,0.00,-1.41,0,1747.9,1725.2,2,-2.5,2.00,4.70,2.387,287.0,150.8,147.2,42.60,2.32,15.30,203.2,2364,213.20,2.77,2.262,2.77,0.000,3.53,28.0,21,4.31,0
50.576,on,0.78,0.00,2.34,-5.47,14.64,23,-4,29.0,14.65,13.84,0.97,0.87,14.57,1.07,1.08,14.59,192.2,0.875,8,0.00,-1.41,0,1734.3,1725.2,2,-2.5,2.00,4.57,2.307,287.5,150.8,147.2,42.96,2.32,15.62,203.2,2378,213.26,2.72,2.402,2.71,0.000,3.55,27.6,21,4.31,0
50.636,on,0.78,0.00,2.34,-5.47,14.62,23,-4,29.0,14.65,14.00,0.87,0.91,14.57,1.09,1.09,14.59,192.2,0.875,8,0.00,-1.41,0,1721.4,1725.2,2,-2.5,2.00,4.60,2.304,287.5,150.8,145.4,43.41,2.30,15.52,203.2,2394,212.81,2.64,2.539,2.59,0.000,3.54,27.6,21,4.31,0
50.707,on,0.78,0.00,2.34,-5.47,14.61,22,-4,29.0,14.65,14.00,1.06,0.97,14.57,1.07,1.08,14.59,192.2,0.875,8,0.00,-1.41,0,1693.0,1725.2,2,-2.5,1.50,4.64,2.307,288.5,149.0,145.4,43.69,2.32,15.71,203.2,2413,212.90,2.58,2.664,2.51,0.000,3.52,27.6,22,4.31,0
50.776,on,0.78,0.00,2.34,-5.47,14.65,22,-4,29.0,14.65,14.08,1.07,1.07,14.57,1.07,1.08,14.59,192.2,0.875,8,0.00,-1.41,0,1737.3,1725.2,2,-2.5,2.00,4.78,2.365,288.5,149.0,145.4,44.00,2.32,15.72,203.2,2428,212.45,2.49,2.785,2.39,0.000,3.55,27.6,22,3.92,0
50.847,on,0.78,0.00,2.34,-5.47,14.61,22,-4,29.0,14.65,13.92,1.01,1.11,14.57,1.09,1.09,14.59,192.2,0.875,8,0.00,-1.41,0,1763.2,1725.2,2,-2.5,2.00,4.83,2.378,288.0,149.0,145.4,44.25,2.38,15.66,203.3,2439,212.50,2.45,2.895,2.34,0.000,3.56,27.6,22,3.92,0
50.922,on,0.78,0.00,2.34,-5.47,14.58,22,-4,28.6,14.65,14.08,1.33,1.20,14.57,1.07,1.08,14.59,192.2,0.875,8,0.00,0.00,0,1747.3,1725.2,2,-2.5,3.50,4.85,2.371,288.5,149.0,145.4,44.51,2.32,15.98,203.3,2454,210.94,2.33,2.895,2.17,0.000,3.51,27.2,22,3.53,0
50.990,on,0.78,0.00,2.34,-5.47,14.60,22,-4,28.6,14.65,13.76,1.20,1.28,14.57,1.10,1.10,14.59,192.2,0.875,8,0.00,0.00,0,1739.8,1725.2,2,-2.5,3.00,4.89,2.371,287.5,149.0,145.4,45.52,2.40,15.85,203.3,2476,211.03,2.23,2.895,2.04,0.000,3.50,27.6,22,3.53,0
51.066,on,0.78,0.00,2.34,-5.47,14.64,22,-4,28.6,14.65,13.76,1.18,1.35,14.57,1.09,1.10,14.59,192.2,0.875,8,0.00,0.00,0,1766.0,1725.2,2,-2.5,3.00,4.86,2.342,288.0,149.0,145.4,45.50,2.36,15.82,203.3,2492,210.51,2.14,2.895,1.91,0.000,3.48,27.6,22,3.53,0
51.149,on,0.78,0.00,2.34,-5.47,14.64,22,-4,28.6,14.65,13.92,1.32,1.39,14.57,1.10,1.10,14.59,192.2,0.875,8,0.00,0.00,0,1796.6,1778.3,2,-2.5,3.00,4.89,2.342,287.0,149.0,143.6,46.10,2.40,15.97,203.3,2505,210.58,2.11,2.988,1.88,0.000,3.50,27.2,22,3.14,0
51.224,on,1.56,0.00,2.34,-5.47,14.64,22,-4,28.6,14.65,13.84,1.52,1.43,14.57,1.10,1.11,14.59,192.2,0.875,5,0.00,0.00,0,1772.2,1778.3,2,-2.5,3.00,5.06,2.416,287.0,149.0,143.6,46.60,2.44,16.17,203.3,2515,210.09,2.04,2.988,1.78,0.000,3.47,27.2,22,3.14,0
51.286,on,0.78,0.00,2.34,-5.47,14.60,22,-4,28.6,14.65,13.92,1.57,1.47,14.57,1.10,1.10,14.59,192.2,0.875,5,0.00,0.00,0,1743.4,1778.3,2,-2.5,3.00,5.03,2.368,287.5,149.0,143.6,46.98,2.38,16.22,203.3,2548,210.74,2.10,3.078,1.86,0.000,3.54,27.6,23,3.14,0
51.357,on,0.78,0.00,2.34,-5.47,14.56,22,-4,28.6,14.65,13.76,1.62,1.51,14.62,1.10,1.11,14.64,192.2,0.875,5,0.00,0.00,0,1804.4,1778.3,2,-2.5,3.00,5.17,2.426,287.5,149.0,143.6,47.43,2.40,16.27,203.3,2560,210.25,2.02,3.168,1.75,0.000,3.53,27.6,23,3.14,0
51.430,on,0.78,0.00,2.34,-5.47,14.51,22,-4,28.6,14.65,13.92,1.61,1.55,14.62,1.10,1.11,14.64,192.2,0.875,5,0.00,0.00,0,1745.8,1778.3,2,-2.5,3.00,5.05,2.349,287.0,149.0,143.6,47.76,2.40,16.26,203.3,2579,209.74,1.98,3.168,1.70,0.000,3.50,27.2,23,2.75,0
51.489,on,0.78,0.00,2.34,-5.47,14.50,22,-5,28.6,14.65,13.76,1.62,1.53,14.54,1.10,1.10,14.53,192.2,0.875,2,0.00,0.00,0,1789.0,1778.3,2,-2.5,3.00,5.27,2.448,287.0,149.0,143.6,47.53,2.34,16.27,203.3,2585,209.76,1.99,3.336,1.71,0.060,3.52,26.4,23,2.75,0
51.566,on,0.78,0.00,2.34,-5.47,14.49,22,-5,28.6,14.65,13.84,1.63,1.38,14.54,1.09,1.10,14.59,192.2,0.875,2,0.00,0.00,0,1754.4,1778.3,2,-2.5,4.00,5.07,2.333,287.5,149.0,143.6,47.86,2.32,16.28,203.3,2607,209.84,2.15,3.426,1.93,0.130,3.54,26.4,24,2.75,0
51.641,on,0.00,0.00,2.34,-5.47,14.41,21,-4,28.2,14.65,13.28,1.53,1.29,14.54,1.09,1.09,14.59,192.2,0.875,2,0.00,0.00,0,1765.6,1778.3,2,-2.5,10.50,5.22,2.368,287.5,149.0,141.8,48.16,2.38,16.18,203.3,2645,208.29,2.24,3.426,2.05,0.794,3.51,25.6,24,2.35,0
51.727,on,0.00,0.00,2.34,-5.47,14.39,16,-1,28.2,14.65,13.44,0.98,1.06,14.54,1.07,1.08,14.59,192.2,0.875,2,0.00,0.00,0,1683.0,1778.3,2,-2.5,11.00,5.29,2.394,288.5,149.0,141.8,47.69,2.40,15.63,203.3,2650,207.78,2.39,3.426,2.25,0.864,3.45,25.6,24,2.35,0
51.786,on,0.78,0.00,2.34,-5.47,14.62,11,8,28.2,14.65,13.60,0.60,0.89,14.60,1.06,1.07,14.64,192.2,0.875,2,0.00,0.00,0,1691.6,1778.3,2,-2.5,12.00,5.08,2.298,288.5,149.0,141.8,47.40,2.32,15.24,203.5,2653,207.74,2.48,3.535,2.37,0.934,3.40,25.6,24,1.96,0
51.856,on,0.78,0.00,2.34,-5.47,14.73,11,18,28.2,14.65,13.44,0.48,0.72,14.55,1.06,1.06,14.59,192.2,0.875,2,0.00,0.00,0,1675.9,1778.3,2,-2.5,13.00,5.24,2.333,288.5,149.0,141.8,47.58,2.40,15.13,203.5,2693,207.88,2.75,3.660,2.73,1.000,3.50,25.6,24,1.96,0
51.931,on,1.56,0.00,2.34,-5.47,14.81,12,28,28.2,14.65,13.36,0.70,0.63,14.55,1.06,1.07,14.59,192.2,0.875,2,0.00,0.00,0,1768.7,1844.7,2,-2.5,13.00,5.21,2.310,288.5,149.0,141.8,48.09,2.38,15.35,203.5,2705,208.43,2.92,3.812,2.97,1.000,3.55,25.6,24,2.35,0
52.008,on,2.34,0.00,2.34,-5.47,14.79,13,28,28.2,14.65,13.44,0.61,0.50,14.52,1.06,1.06,14.53,192.2,0.875,2,0.00,0.00,0,1889.7,1844.7,2,-2.5,12.50,5.27,2.317,288.5,149.0,141.8,48.43,2.46,15.26,203.5,2728,208.49,3.05,3.977,3.14,1.000,3.56,25.6,24,2.35,0
52.083,on,1.56,0.00,2.34,-5.47,14.64,13,26,28.2,14.65,13.52,0.19,0.50,14.52,1.07,1.08,14.53,192.2,0.875,2,0.00,0.00,0,1932.4,1844.7,2,-2.5,12.50,5.13,2.227,287.5,149.0,141.8,49.64,2.48,14.84,203.5,2765,206.90,2.97,0.000,0.00,1.000,3.50,25.6,25,0.00,0
52.160,on,2.34,0.00,2.34,-5.47,14.67,13,24,28.2,14.65,13.36,0.71,0.43,14.49,1.09,1.09,14.47,192.2,0.875,2,0.00,0.00,0,1851.5,1844.7,2,-2.5,12.50,5.52,2.390,287.5,147.2,141.8,50.30,2.48,15.36,203.5,2769,208.10,3.16,0.000,0.00,1.000,3.59,25.6,25,0.00,0
52.236,on,2.34,0.00,2.34,-5.47,14.55,14,22,28.2,14.65,13.68,0.19,0.40,14.49,1.09,1.09,14.53,192.2,0.875,2,0.00,0.00,0,1882.7,1844.7,2,-2.5,12.50,5.29,2.275,287.5,149.0,141.8,50.72,2.48,14.84,203.5,2789,206.99,3.10,0.000,0.00,1.000,3.52,25.6,25,0.00,0
52.305,on,1.56,0.00,2.34,-5.47,14.49,14,21,28.2,14.65,13.20,0.38,0.40,14.49,1.09,1.09,14.53,192.2,0.875,2,0.00,0.00,0,1883.6,1844.7,2,-2.5,12.00,5.58,2.381,287.5,147.2,140.0,51.28,2.42,15.03,203.5,2811,206.98,3.16,0.000,0.00,1.000,3.54,25.6,25,0.00,0
52.380,on,1.56,0.00,2.34,-5.47,14.51,14,21,28.2,14.65,13.52,0.06,0.32,14.49,1.10,1.10,14.53,192.2,0.875,2,0.00,0.00,0,1878.4,1844.7,2,-2.5,12.00,5.64,2.387,288.0,147.2,140.0,52.19,2.54,14.71,203.5,2835,206.09,3.13,0.000,0.00,1.000,3.44,25.6,25,0.00,0
52.465,on,1.56,0.00,2.34,-5.47,14.43,15,20,27.8,14.65,13.44,0.56,0.25,14.43,1.11,1.12,14.53,192.2,0.875,2,0.00,0.00,0,1843.0,1844.7,2,-2.5,12.50,5.76,2.422,289.5,147.2,140.0,53.32,2.48,15.21,203.5,2852,205.33,3.12,0.000,0.00,1.000,3.37,25.6,25,0.00,0
52.524,on,1.56,0.00,3.12,-5.47,14.36,15,20,27.8,14.65,13.52,0.05,0.30,14.47,1.11,1.12,14.47,192.2,0.875,2,0.00,0.00,0,1843.6,1897.7,2,-2.5,12.00,5.73,2.390,291.0,147.2,140.0,53.83,2.50,14.70,203.5,2876,204.46,2.95,0.000,0.00,1.000,3.29,25.6,25,0.00,0
52.615,on,0.78,0.00,3.12,-5.47,14.30,15,19,27.5,14.65,13.44,-0.09,0.12,14.47,1.12,1.13,14.47,192.2,0.875,2,0.00,0.00,0,1950.6,1897.7,2,-2.5,12.00,5.77,2.394,291.5,147.2,140.0,54.39,2.50,14.56,203.5,2891,200.80,2.90,0.000,0.00,1.000,3.01,25.6,26,0.00,0
52.704,on,0.00,0.00,3.12,-5.47,14.08,15,19,27.5,14.65,13.36,0.18,-0.04,14.46,1.12,1.13,14.47,192.2,0.875,2,0.00,0.00,0,1914.8,1897.7,2,-2.5,12.00,5.91,2.432,293.0,147.2,140.0,54.87,2.52,14.83,203.5,2914,200.53,3.09,0.000,0.00,1.000,3.05,25.2,26,0.00,0
52.769,on,-0.78,0.00,3.12,-5.47,14.06,16,18,22.7,14.65,13.60,0.05,-0.05,14.46,1.12,1.13,14.47,192.2,0.875,2,0.00,0.00,0,1922.3,1897.7,2,-2.5,12.00,5.92,2.419,294.0,147.2,140.0,55.13,2.46,14.70,203.5,2936,165.60,1.14,0.000,0.00,1.000,1.11,23.2,26,0.00,0
52.866,on,-1.56,0.00,3.12,-5.47,14.01,16,18,5.9,14.65,13.28,-1.51,-0.83,14.60,0.98,0.99,14.64,192.2,0.875,2,0.00,0.00,0,1937.8,1897.7,2,-2.5,13.50,5.45,2.211,296.5,147.2,140.0,48.36,2.30,13.14,203.5,2955,119.90,-1.63,0.000,0.00,1.000,-2.32,19.7,27,0.00,0
52.956,on,-3.12,0.00,3.12,-5.47,13.93,16,17,0.0,14.65,13.36,-6.51,-4.04,14.64,0.69,0.69,14.64,192.2,0.875,0,0.00,0.00,0,1544.8,437.9,2,-2.5,18.50,3.98,1.638,291.0,147.2,140.0,32.79,1.66,8.14,203.5,2918,0.00,-8.37,0.000,0.00,1.000,-11.60,6.7,27,0.00,0
53.054,on,-3.12,0.00,3.12,-5.47,13.80,5,10,0.0,14.65,13.36,-9.13,-7.72,14.57,0.44,0.44,14.59,192.2,0.875,0,0.00,0.00,0,1241.1,437.9,2,-2.5,17.00,2.83,1.174,276.5,147.2,138.2,20.83,1.02,5.52,203.5,2894,0.00,-4.42,0.000,0.00,1.000,-11.57,6.3,27,0.00,0
53.122,on,0.00,0.00,3.12,-5.47,13.23,0,2,0.0,14.65,13.28,-10.35,-9.70,14.55,0.30,0.31,14.64,192.2,0.875,0,0.00,0.00,1,1071.4,437.9,2,-2.5,16.50,2.40,0.998,274.0,147.2,138.2,14.45,0.96,4.30,203.7,2883,0.00,-2.06,0.000,0.00,1.000,-11.56,6.3,27,0.00,0
53.180,on,0.00,0.00,3.12,-5.47,12.92,0,-1,0.0,14.65,13.44,-11.39,-10.90,14.55,0.22,0.23,14.64,192.2,0.875,0,0.00,0.00,1,955.0,437.9,2,-2.5,16.50,1.84,0.787,270.0,147.2,138.2,10.58,0.94,3.25,203.7,2800,0.00,-0.87,0.000,0.00,1.000,-11.54,6.3,27,0.00,0
53.263,on,0.00,0.00,3.12,-5.47,12.64,0,-1,0.0,14.65,13.20,-11.49,-11.40,14.55,0.19,0.20,14.93,192.2,0.875,0,0.00,0.00,1,884.4,437.9,2,-2.5,16.00,1.42,0.627,270.0,147.2,138.2,8.91,0.94,3.16,203.7,2710,0.00,-0.16,0.000,0.00,1.000,-11.56,6.3,27,0.00,0
53.322,on,0.00,0.00,3.12,-5.47,12.30,0,-1,0.0,14.65,13.68,-11.88,-11.71,14.55,0.17,0.18,14.99,192.2,0.875,0,0.00,0.00,1,834.5,437.9,2,-2.5,15.50,1.24,0.566,270.0,147.2,138.2,7.71,0.86,2.77,203.7,2629,0.00,0.08,0.000,0.00,1.000,-11.58,6.7,27,0.00,0
53.402,on,0.00,0.00,3.12,-5.47,12.04,0,-1,0.0,14.65,14.00,-11.98,-11.91,14.55,0.16,0.17,14.99,192.2,0.875,0,0.00,0.00,1,779.1,437.9,2,-2.5,15.00,1.18,0.557,270.0,147.2,136.4,7.06,0.82,2.67,203.5,2540,0.00,0.28,0.000,0.00,1.000,-11.61,6.7,27,0.00,0
53.461,on,0.00,0.00,3.12,-5.47,11.97,0,-1,0.0,14.65,13.84,-12.02,-11.98,14.55,0.16,0.16,14.99,192.2,0.875,0,0.00,0.00,1,735.6,437.9,2,-2.5,14.50,1.13,0.554,270.0,147.2,136.4,6.55,0.84,2.63,203.5,2452,0.00,0.35,0.000,0.00,1.000,-11.64,6.7,26,0.00,0
53.539,on,0.00,0.00,3.12,-5.47,11.98,0,-2,0.0,14.65,13.68,-12.02,-12.03,14.55,0.16,0.16,14.99,192.2,0.875,0,0.00,0.00,1,677.8,437.9,3,-2.5,14.50,1.10,0.557,270.0,147.2,136.4,6.19,0.92,2.62,203.5,2366,0.00,0.42,0.000,0.00,1.000,-11.60,6.7,26,0.00,0
53.608,on,0.00,0.00,3.12,-5.47,12.13,0,-2,0.0,14.65,13.92,-12.09,-12.05,14.55,0.14,0.15,14.99,192.2,0.875,0,0.00,0.00,1,642.0,437.9,3,-2.5,14.50,1.04,0.550,270.0,147.2,136.4,5.72,1.04,2.56,203.5,2273,0.00,0.72,0.000,0.00,1.000,-11.33,7.1,26,0.00,0
53.680,on,0.00,0.00,3.12,-5.47,12.35,0,-2,0.0,14.65,13.76,-12.04,-12.03,14.55,0.14,0.15,14.99,192.2,0.875,0,0.00,0.00,2,611.5,437.9,3,-2.5,14.50,1.03,0.563,270.0,147.2,136.4,5.49,1.00,2.61,203.5,2186,0.00,1.05,0.000,0.00,1.000,-10.99,7.1,26,0.00,0
53.756,on,0.00,0.00,3.12,-5.47,12.66,0,-2,0.0,14.65,13.84,-11.91,-11.95,14.55,0.14,0.15,14.99,192.2,0.875,0,0.00,0.00,2,576.2,437.9,3,-2.5,14.50,0.97,0.563,270.0,147.2,136.4,5.27,1.02,2.74,203.6,2073,0.00,1.28,0.000,0.00,1.000,-10.67,7.1,26,0.00,0
53.821,on,0.00,0.00,3.12,-5.47,12.95,0,-2,0.0,14.65,13.84,-11.81,-11.84,14.55,0.14,0.15,14.99,192.2,0.875,0,0.00,0.00,2,558.8,437.9,3,-2.5,14.50,0.93,0.563,270.0,147.2,136.4,5.06,1.04,2.84,203.6,1973,0.00,1.47,0.000,0.00,1.000,-10.40,7.1,25,0.00,0
53.899,on,0.00,0.00,3.12,-5.47,13.23,0,-2,0.0,14.65,13.84,-11.65,-11.70,14.56,0.16,0.16,15.17,192.2,0.875,0,0.00,0.00,3,542.2,437.9,3,-2.0,14.00,0.88,0.563,270.0,147.2,136.4,5.02,1.04,3.00,203.6,1873,0.00,1.50,0.000,0.00,1.000,-10.23,7.1,25,0.00,0
53.958,on,0.00,0.00,3.12,-5.47,13.72,0,-2,0.0,14.65,13.92,-11.52,-11.59,14.57,0.16,0.17,15.24,192.2,0.875,0,0.00,0.00,3,536.1,437.9,3,-1.5,13.50,0.84,0.563,270.0,147.2,136.4,4.96,1.04,3.13,203.6,1785,0.00,1.51,0.000,0.00,1.000,-10.10,7.1,25,0.00,0
54.049,on,0.00,0.00,3.12,-5.47,14.20,0,-2,0.0,14.65,13.60,-11.37,-11.47,14.58,0.17,0.18,15.42,192.2,0.875,0,0.00,0.00,3,513.1,437.9,3,-0.5,13.00,0.77,0.563,270.0,147.2,136.4,4.82,1.08,3.28,203.5,1647,0.00,1.57,0.000,0.00,1.000,-9.92,7.1,25,0.00,0
54.119,on,0.00,0.00,3.12,-5.47,14.64,0,-2,0.0,14.65,14.00,-11.30,-11.35,14.58,0.18,0.18,15.49,192.2,0.875,0,0.00,0.00,4,524.1,437.9,4,0.0,13.50,0.73,0.563,269.5,147.2,136.4,4.76,1.10,3.35,203.5,1553,0.00,1.76,0.000,0.00,1.000,-9.61,7.1,25,0.00,0
54.195,on,0.00,0.00,3.12,-5.47,15.59,0,-2,0.0,14.65,13.92,-11.16,-11.21,14.58,0.19,0.20,15.42,192.2,0.875,0,0.00,0.00,4,529.4,437.9,4,0.0,12.50,0.66,0.563,268.0,147.2,136.4,4.63,1.10,3.49,203.5,1415,0.00,2.09,0.000,0.00,1.000,-9.18,7.5,25,0.00,0
54.272,on,0.00,0.00,3.12,-5.47,16.27,0,-1,0.0,14.65,13.76,-10.92,-10.97,14.58,0.21,0.21,15.36,192.2,0.875,0,0.00,0.00,4,530.8,437.9,4,0.0,11.50,0.60,0.563,266.0,147.2,138.2,4.53,1.08,3.73,203.5,1275,0.00,2.32,0.000,0.00,1.000,-8.69,7.5,24,0.00,0
54.333,on,0.00,0.00,3.12,-5.47,17.19,0,-1,0.0,14.65,13.84,-10.62,-10.71,14.58,0.23,0.24,14.87,192.2,0.875,0,0.00,0.00,4,536.1,437.9,5,0.0,10.50,0.53,0.563,265.0,147.2,138.2,4.44,1.12,4.03,203.6,1132,0.00,2.81,0.000,0.00,1.000,-7.95,7.9,24,0.00,0
54.391,on,0.00,0.00,3.12,-5.47,17.86,0,-1,0.0,14.65,13.76,-10.40,-10.45,14.58,0.26,0.26,14.53,192.2,0.875,0,0.00,0.00,0,537.6,437.9,5,0.0,9.50,0.48,0.563,265.0,147.2,138.2,4.40,1.14,4.25,203.6,1024,0.00,3.12,0.000,0.00,1.000,-7.38,7.9,24,0.00,0
54.470,on,0.00,0.00,3.12,-5.47,18.96,0,-1,0.0,14.65,13.76,-10.04,-10.09,14.58,0.27,0.28,14.76,192.2,0.875,0,0.00,0.00,0,541.5,437.9,6,0.0,9.00,0.42,0.563,265.0,147.2,138.2,4.27,1.14,4.61,203.6,901,0.00,3.45,0.000,0.00,1.000,-6.74,7.9,24,0.00,0
54.546,on,0.00,0.00,3.12,-5.47,20.35,0,-1,0.0,14.65,13.84,-9.64,-9.67,14.58,0.32,0.33,14.87,192.2,0.875,0,0.00,0.00,0,501.0,437.9,6,0.0,7.00,0.35,0.563,265.0,147.2,138.2,4.01,1.18,5.01,203.6,753,0.00,3.66,0.000,0.00,1.000,-6.08,8.3,24,0.00,0
54.601,on,0.00,0.00,3.12,-5.47,21.52,0,0,0.0,14.65,13.68,-8.69,-9.15,14.58,0.36,0.37,14.64,192.2,0.875,0,0.00,0.00,0,456.3,437.9,6,0.0,6.00,0.92,1.555,265.0,147.2,138.2,4.45,1.16,5.95,203.6,708,0.00,3.26,0.000,0.00,1.000,-6.08,9.8,23,0.00,0
54.679,on,0.00,0.00,3.12,-5.47,22.20,0,0,0.0,14.65,13.84,-8.08,-8.40,14.58,0.43,0.44,14.42,192.2,0.875,0,0.00,0.00,0,434.0,437.9,6,0.0,6.00,0.91,1.555,265.0,147.2,138.2,5.18,1.32,6.57,203.6,703,0.00,2.43,0.000,0.00,1.000,-6.08,10.6,23,0.00,0
54.747,on,0.00,0.00,3.12,-5.47,22.20,0,0,0.0,14.65,13.68,-7.09,-7.59,14.58,0.47,0.48,14.42,192.2,0.875,0,0.00,0.00,0,383.6,437.9,6,0.0,9.50,0.93,1.555,265.0,147.2,138.2,5.75,1.36,7.56,203.6,721,0.00,1.68,0.000,0.00,1.000,-6.08,9.8,23,0.00,0
54.827,on,0.00,0.00,3.12,-5.47,22.20,0,0,0.0,14.65,13.92,-6.83,-7.12,14.58,0.45,0.46,14.42,192.2,0.875,0,0.00,0.00,0,342.0,437.9,6,0.0,9.00,1.44,2.250,265.0,147.2,138.2,5.88,1.16,7.82,203.6,766,0.00,1.07,0.000,0.00,1.000,-6.08,7.5,22,0.00,0
54.886,on,0.00,0.00,3.12,-5.47,22.20,0,0,0.0,14.65,13.76,-6.84,-7.03,14.58,0.41,0.42,14.64,192.2,0.875,0,0.00,0.00,0,319.4,437.9,6,0.0,7.50,1.58,2.250,265.0,147.2,140.0,6.04,0.98,7.81,203.6,841,0.00,0.83,0.000,0.00,1.000,-6.16,6.3,22,0.00,0
54.950,on,0.00,0.00,3.12,-5.47,22.20,0,0,0.0,14.65,13.84,-7.23,-7.24,13.86,0.39,0.40,12.80,192.2,0.875,0,0.00,0.00,0,322.5,437.9,6,0.0,5.00,1.44,1.926,265.0,147.2,140.0,6.12,1.04,7.42,203.6,898,0.00,0.63,0.000,0.00,1.000,-6.57,6.3,22,0.00,0
55.030,on,0.00,5.47,3.12,-5.47,22.20,0,0,0.0,14.65,13.76,-7.61,-7.56,13.86,0.39,0.39,12.76,192.2,0.875,0,0.00,0.00,0,338.8,437.9,5,0.0,6.50,1.54,1.926,265.0,147.2,140.0,6.34,0.96,7.04,203.7,959,0.00,0.64,0.000,0.00,1.000,-6.85,6.3,22,0.00,0
55.106,on,0.00,5.47,3.12,-5.47,22.20,0,-1,0.0,14.65,13.84,-8.17,-7.97,13.86,0.37,0.38,12.67,192.2,0.875,0,0.00,0.00,0,321.1,437.9,5,0.0,7.50,1.76,2.096,265.0,147.2,140.0,6.31,0.98,6.48,203.7,1009,0.00,0.63,0.000,0.00,1.000,-7.26,6.3,21,0.00,0
55.160,on,0.00,5.47,3.12,-5.47,22.20,0,-1,0.0,14.65,13.76,-8.45,-8.34,13.86,0.34,0.35,12.80,192.2,0.875,0,0.00,0.00,0,332.1,437.9,5,0.0,8.00,1.69,1.901,265.0,147.2,140.0,6.23,1.00,6.20,203.7,1068,0.00,0.71,0.000,0.00,1.000,-7.50,6.3,21,0.00,0
55.239,on,0.00,5.47,3.12,-5.47,22.20,0,-1,0.0,14.65,13.68,-8.85,-8.71,13.86,0.32,0.33,12.89,192.2,0.875,0,0.00,0.00,0,360.2,437.9,4,0.0,5.00,1.75,1.901,265.0,147.2,140.0,6.08,1.00,5.79,203.7,1104,0.00,0.86,0.000,0.00,1.000,-7.77,6.3,21,0.00,0
55.307,on,0.00,5.47,3.12,-5.47,21.73,0,-1,0.0,14.65,13.76,-9.12,-9.02,13.86,0.31,0.31,12.89,192.2,0.875,0,0.00,0.00,0,360.8,437.9,4,0.0,6.00,1.63,1.706,265.0,147.2,140.0,5.96,1.02,5.53,203.7,1143,0.00,0.99,0.000,0.00,1.000,-7.92,6.3,21,0.00,0
55.386,on,0.00,5.47,3.12,-5.47,20.45,0,-1,0.0,14.65,13.92,-9.46,-9.36,13.86,0.28,0.30,13.07,192.2,0.875,0,0.00,0.00,0,363.5,437.9,4,0.0,7.50,1.49,1.530,265.0,147.2,140.0,5.76,0.98,5.19,203.7,1171,0.00,1.23,0.000,0.00,1.000,-8.10,6.3,20,0.00,0
55.446,on,0.00,5.47,3.12,-5.47,19.79,0,-1,0.0,14.65,13.68,-9.78,-9.66,13.86,0.27,0.28,13.07,192.2,0.875,0,0.00,0.00,0,368.8,437.9,4,0.0,10.00,1.51,1.530,265.0,147.2,140.0,5.52,1.00,4.87,203.7,1187,0.00,1.37,0.000,0.00,1.000,-8.20,6.3,20,0.00,0
55.525,on,0.00,5.47,3.12,-5.47,18.93,0,-1,0.0,14.65,13.68,-9.96,-9.89,13.86,0.26,0.27,13.07,192.2,0.875,0,0.00,0.00,0,378.3,437.9,4,0.0,10.00,1.42,1.427,265.0,147.2,140.0,5.30,0.92,4.69,203.7,1197,0.00,1.61,0.000,0.00,1.000,-8.26,6.3,20,0.00,0
55.583,on,0.00,5.47,3.12,-5.47,18.44,0,-1,0.0,14.65,13.84,-10.19,-10.12,13.86,0.25,0.25,13.20,192.2,0.875,0,0.00,0.00,0,379.1,437.9,4,0.0,10.50,1.32,1.318,265.0,147.2,140.0,5.07,0.94,4.46,203.7,1201,0.00,1.80,0.000,0.00,1.000,-8.28,6.3,19,0.00,0
55.658,on,0.00,5.47,3.12,-5.47,18.09,0,-1,0.0,14.65,13.68,-10.37,-10.32,13.86,0.25,0.25,13.07,192.2,0.875,0,0.00,0.00,0,396.3,437.9,4,0.0,10.50,1.31,1.318,265.0,147.2,140.0,4.91,0.98,4.28,203.7,1193,0.00,2.05,0.000,0.00,1.000,-8.26,6.3,19,0.00,0
55.729,on,0.00,5.47,3.12,-5.47,17.54,0,-1,0.0,14.65,13.68,-10.49,-10.47,13.86,0.23,0.24,13.07,192.2,0.875,0,0.00,0.00,0,389.5,437.9,4,0.0,11.00,1.26,1.277,265.0,147.2,140.0,4.75,0.96,4.16,203.7,1180,0.00,2.24,0.000,0.00,1.000,-8.19,6.3,19,0.00,0
55.806,on,0.00,5.47,3.12,-5.47,17.01,0,-1,0.0,14.65,13.76,-10.59,-10.56,13.86,0.23,0.24,13.07,192.2,0.875,0,0.00,0.00,0,392.6,437.9,4,0.0,10.00,1.20,1.232,265.0,147.2,140.0,4.62,0.96,4.06,203.7,1166,0.00,2.44,0.000,0.00,1.000,-8.10,6.3,18,0.00,0
55.865,on,0.00,5.47,3.12,-5.47,16.73,0,-1,0.0,14.65,13.68,-10.63,-10.61,13.86,0.23,0.24,13.07,192.2,0.875,0,0.00,0.00,0,404.9,437.9,4,0.0,10.50,1.17,1.232,265.0,147.2,140.0,4.48,0.96,4.02,203.7,1144,0.00,2.57,0.000,0.00,1.000,-8.02,6.3,18,0.00,0
55.945,on,0.00,5.47,3.12,-5.47,16.44,0,-1,0.0,14.65,13.76,-10.63,-10.65,13.86,0.23,0.24,12.93,192.2,0.875,0,0.00,0.00,0,393.1,437.9,4,0.0,10.00,1.15,1.232,265.0,147.2,140.0,4.38,1.02,4.02,203.6,1120,0.00,2.77,0.000,0.00,1.000,-7.87,6.3,17,0.00,0
56.003,on,0.00,5.47,3.12,-5.47,16.16,0,-1,0.0,14.65,13.68,-10.63,-10.63,13.86,0.23,0.23,12.93,192.2,0.875,0,0.00,0.00,0,401.5,437.9,4,0.0,10.00,1.11,1.210,265.0,147.2,140.0,4.30,1.00,4.02,203.6,1099,0.00,2.89,0.000,0.00,1.000,-7.76,6.3,17,0.00,0
56.086,on,0.00,5.47,3.12,-5.47,16.04,0,-1,0.0,14.65,13.84,-10.59,-10.62,13.86,0.23,0.24,12.80,192.2,0.875,0,0.00,0.00,0,369.7,437.9,4,0.0,10.00,1.08,1.210,265.0,147.2,140.0,4.22,0.98,4.06,203.6,1074,0.00,2.99,0.000,0.00,1.000,-7.64,6.3,17,0.00,0
56.142,on,0.00,5.47,3.12,-5.47,15.79,0,-1,0.0,14.65,13.76,-10.53,-10.57,13.86,0.23,0.24,12.80,192.2,0.875,0,0.00,0.00,0,380.0,437.9,4,0.0,10.50,1.09,1.245,265.0,147.2,140.0,4.15,0.96,4.12,203.6,1049,0.00,3.09,0.000,0.00,1.000,-7.49,6.3,17,0.00,0
56.226,on,0.00,5.47,3.12,-5.47,15.56,0,-1,0.0,14.65,13.84,-10.49,-10.53,13.86,0.23,0.24,12.67,192.2,0.875,0,0.00,0.00,0,370.7,437.9,4,0.0,9.50,1.10,1.286,265.0,147.2,140.0,4.07,0.92,4.16,203.6,1022,0.00,3.16,0.000,0.00,1.000,-7.37,6.3,16,0.00,0
56.286,on,0.00,5.47,3.12,-5.47,15.41,0,-1,0.0,14.65,13.84,-10.46,-10.47,13.86,0.23,0.24,12.67,192.2,0.875,0,0.00,0.00,0,382.2,437.9,4,0.0,9.50,1.07,1.286,265.0,147.2,140.0,4.00,0.96,4.19,203.5,998,0.00,3.23,0.000,0.00,1.000,-7.26,6.3,16,0.00,0
56.365,on,0.00,5.47,3.12,-5.47,15.20,0,-1,0.0,14.65,13.92,-10.41,-10.42,13.86,0.23,0.24,12.80,192.2,0.875,0,0.00,0.00,0,382.3,437.9,4,0.0,9.00,1.05,1.296,265.0,147.2,140.0,3.93,0.92,4.24,203.5,976,0.00,3.34,0.000,0.00,1.000,-7.08,6.3,16,0.00,0
56.423,on,0.00,5.47,3.12,-5.47,15.04,0,-1,0.0,14.65,13.92,-10.32,-10.37,13.86,0.23,0.24,12.80,192.2,0.875,0,0.00,0.00,0,359.6,437.9,4,0.0,9.00,1.03,1.296,265.0,147.2,140.0,3.88,0.96,4.33,203.5,955,0.00,3.39,0.000,0.00,1.000,-6.98,6.3,16,0.00,0
56.503,on,0.00,5.47,3.12,-5.47,14.80,0,-1,0.0,14.65,13.76,-10.26,-10.31,13.86,0.25,0.25,14.04,192.2,0.875,0,0.00,0.00,0,368.1,437.9,4,0.0,8.50,1.01,1.312,265.0,147.2,140.0,3.80,0.92,4.39,203.5,928,0.00,3.44,0.000,0.00,1.000,-6.87,6.3,15,0.00,0
56.564,on,3.12,5.47,3.12,-5.47,14.73,0,-1,0.0,14.65,13.68,-10.20,-10.24,13.86,0.25,0.25,13.99,192.2,0.875,0,0.00,0.00,0,352.7,437.9,4,0.0,8.00,0.99,1.312,265.0,147.2,140.0,3.77,1.00,4.45,203.7,910,0.00,3.51,0.000,0.00,1.000,-6.73,6.7,15,0.00,0
56.643,on,3.12,5.47,3.12,-5.47,14.64,0,-1,0.0,14.65,13.68,-10.11,-10.14,13.86,0.25,0.25,14.15,192.2,0.875,0,0.00,0.00,0,362.1,437.9,4,0.0,8.50,0.94,1.274,265.0,147.2,140.0,3.72,1.00,4.54,203.7,883,0.00,3.54,0.000,0.00,1.000,-6.61,6.7,14,0.00,0
56.701,on,3.12,5.47,3.12,-5.47,14.51,0,-1,0.0,14.65,13.68,-10.01,-10.04,13.86,0.25,0.26,14.15,192.2,0.875,0,0.00,0.00,0,378.0,437.9,4,0.0,7.50,0.92,1.274,265.0,147.2,141.8,3.69,0.96,4.64,203.7,864,0.00,3.55,0.000,0.00,1.000,-6.49,6.7,14,0.00,0
56.781,on,3.12,5.47,3.12,-5.47,14.43,0,-1,0.0,14.65,13.76,-9.88,-9.90,13.86,0.26,0.26,14.15,192.2,0.875,0,0.00,0.00,0,370.4,437.9,4,0.0,7.50,0.94,1.334,265.0,147.2,141.8,3.68,1.04,4.77,203.7,847,0.00,3.51,0.000,0.00,1.000,-6.40,6.7,14,0.00,0
56.856,on,2.34,5.47,3.12,-5.47,14.35,0,-1,0.0,14.65,13.68,-9.77,-9.80,13.86,0.26,0.27,14.15,192.2,0.875,0,0.00,0.00,0,385.1,437.9,4,0.0,8.00,0.92,1.334,265.0,147.2,141.8,3.67,1.00,4.88,203.7,831,0.00,3.49,0.000,0.00,1.000,-6.33,6.7,14,0.00,0
56.931,on,2.34,5.47,3.12,-5.47,14.30,0,-1,0.0,14.65,13.60,-9.67,-9.69,13.86,0.26,0.27,14.15,192.2,0.875,0,0.00,0.00,0,370.5,437.9,4,0.0,7.00,0.90,1.331,265.0,147.2,141.8,3.64,0.92,4.97,203.5,815,0.00,3.48,0.000,0.00,1.000,-6.23,6.3,14,0.00,0
56.999,on,2.34,5.47,3.12,-5.47,14.26,0,-1,0.0,14.65,13.76,-9.60,-9.61,13.86,0.26,0.27,14.15,192.2,0.875,0,0.00,0.00,0,383.4,437.9,4,0.0,7.00,0.89,1.331,265.0,147.2,141.8,3.62,0.98,5.05,203.5,802,0.00,3.45,0.000,0.00,1.000,-6.16,6.3,13,0.00,0
57.084,on,2.34,5.47,3.12,-5.47,14.26,0,-1,0.0,14.65,13.76,-9.51,-9.51,13.86,0.27,0.28,14.15,192.2,0.875,0,0.00,0.00,0,370.4,437.9,4,0.0,7.00,0.87,1.338,265.0,147.2,141.8,3.60,0.98,5.14,203.5,782,0.00,3.37,0.000,0.00,1.000,-6.15,6.7,13,0.00,0
57.156,on,3.12,5.47,3.12,-5.47,14.28,0,-1,0.0,14.65,13.76,-9.40,-9.41,13.86,0.28,0.28,14.15,192.2,0.875,0,0.00,0.00,0,387.3,437.9,4,0.0,8.00,0.85,1.338,265.0,147.2,141.8,3.61,1.00,5.25,203.5,761,0.00,3.29,0.000,0.00,1.000,-6.15,6.7,12,0.00,0
57.232,on,3.12,5.47,3.12,-5.47,14.33,0,-1,0.0,14.65,13.68,-9.24,-9.25,13.86,0.28,0.30,14.04,192.2,0.875,0,0.00,0.00,0,376.7,437.9,4,0.0,10.00,0.89,1.446,265.0,147.2,141.8,3.65,1.00,5.41,203.4,737,0.00,3.13,0.000,0.00,1.000,-6.15,7.1,12,0.00,0
57.316,on,3.12,5.47,3.12,-5.47,14.35,0,-1,0.0,14.65,13.76,-9.00,-9.06,13.86,0.30,0.31,13.99,192.2,0.875,0,0.00,0.00,0,370.4,437.9,4,0.0,10.00,0.88,1.446,265.0,147.2,141.8,3.74,1.00,5.65,203.4,729,0.00,2.92,0.000,0.00,1.000,-6.15,7.1,12,0.00,0
57.376,on,3.91,5.47,3.12,-5.47,14.43,0,-1,0.0,14.65,13.76,-8.75,-8.84,13.86,0.31,0.32,13.94,192.2,0.875,0,0.00,0.00,0,392.8,437.9,4,0.0,10.50,0.96,1.578,265.0,147.2,141.8,3.85,1.06,5.90,203.4,727,0.00,2.73,0.000,0.00,1.000,-6.15,7.1,12,0.00,0
57.446,on,3.91,5.47,3.12,-5.47,14.45,0,-1,0.0,14.65,13.76,-8.64,-8.66,13.86,0.31,0.32,13.94,192.2,0.875,0,0.00,0.00,0,392.8,437.9,4,0.0,10.50,0.96,1.578,265.0,147.2,141.8,3.95,1.06,6.01,203.4,732,0.00,2.51,0.000,0.00,1.000,-6.15,7.1,12,0.00,0
57.521,on,4.69,5.47,3.12,-5.47,14.50,0,-1,0.0,14.65,13.60,-8.47,-8.49,13.86,0.32,0.33,13.89,192.2,0.875,0,0.00,0.00,0,376.1,437.9,4,0.0,11.00,0.99,1.597,265.0,147.2,141.8,4.05,1.06,6.18,203.4,743,0.00,2.35,0.000,0.00,1.000,-6.15,7.1,12,0.00,0
57.600,on,4.69,5.47,3.12,-5.47,14.55,0,-1,0.0,14.65,13.76,-8.36,-8.42,13.86,0.32,0.33,13.99,192.2,0.875,0,0.00,0.00,0,394.0,437.9,4,0.0,10.50,1.01,1.597,265.0,147.2,141.8,4.12,1.00,6.29,203.4,756,0.00,2.27,0.000,0.00,1.000,-6.15,6.7,12,0.00,0
57.685,on,5.47,5.47,3.12,-5.47,14.63,0,-1,4.3,14.65,13.76,-8.32,-8.35,13.86,0.32,0.33,13.99,192.2,0.875,0,0.00,0.00,0,380.8,583.9,4,0.0,10.50,1.00,1.558,265.0,147.2,141.8,4.20,1.10,6.33,203.4,771,35.66,3.56,0.000,0.00,1.000,-4.80,8.3,12,0.00,0
57.746,on,5.47,5.47,3.12,-5.47,14.66,0,-1,5.9,14.65,13.68,-8.16,-8.19,13.86,0.32,0.33,13.99,192.2,0.875,0,0.00,0.00,0,486.5,583.9,3,0.0,8.00,1.01,1.558,265.0,147.2,141.8,4.35,1.12,6.49,203.4,777,47.43,3.96,0.000,0.00,1.000,-4.23,8.7,12,0.00,0
57.825,on,6.25,5.47,3.12,-5.47,14.70,0,-1,8.6,14.65,13.84,-7.56,-7.87,13.86,0.34,0.35,13.94,192.2,0.875,0,0.00,0.00,0,506.2,583.9,3,0.0,0.00,1.07,1.626,265.0,147.2,141.8,4.64,1.24,7.09,203.4,791,66.16,4.41,0.000,0.00,1.000,-3.53,10.2,12,0.00,0
57.886,on,6.25,5.47,3.12,-5.47,14.75,0,-2,9.4,14.65,13.68,-6.80,-7.32,13.86,0.37,0.38,13.94,192.2,0.875,0,0.00,0.00,0,535.3,650.3,3,0.0,2.50,1.10,1.626,265.0,147.2,141.8,5.17,1.38,7.85,203.4,814,73.26,4.11,0.000,0.00,1.000,-3.21,11.0,12,0.00,0
57.966,on,7.03,5.47,3.12,-5.47,14.84,0,-4,10.2,14.65,13.76,-6.07,-6.65,13.86,0.41,0.42,13.89,192.2,0.875,0,0.00,0.00,0,579.3,729.9,3,0.0,15.00,1.21,1.680,265.0,147.2,143.6,6.15,1.44,8.57,203.4,868,80.14,3.78,0.000,0.00,1.000,-3.00,11.8,12,0.00,0
58.027,on,7.03,5.47,3.12,-5.47,14.98,0,-5,10.6,14.65,13.68,-5.70,-5.98,13.86,0.44,0.45,13.78,192.2,0.875,0,0.00,0.00,0,692.9,822.8,3,0.0,15.00,1.37,1.680,265.0,147.2,143.6,7.66,1.46,8.95,203.4,981,86.83,3.18,0.000,0.00,1.000,-2.80,12.6,12,0.00,0
58.097,on,8.59,5.47,3.12,-5.47,15.20,0,-8,11.4,14.65,13.76,-4.95,-5.33,13.86,0.50,0.51,13.89,192.2,0.875,0,0.00,0.00,0,811.5,915.7,2,0.0,17.00,1.68,1.792,265.0,147.2,143.6,9.61,1.54,9.70,203.4,1123,95.79,3.02,0.000,0.00,1.000,-2.43,13.8,12,0.00,0
58.174,on,10.16,5.47,3.12,-5.47,15.76,0,-9,11.8,14.65,13.76,-4.43,-4.74,13.85,0.56,0.56,13.89,192.2,0.875,0,0.00,-1.41,0,874.5,1021.9,2,-1.0,18.00,2.14,1.891,267.5,147.2,143.6,13.20,1.62,10.22,203.4,1361,102.19,2.48,0.000,0.00,1.000,-2.30,15.7,12,0.00,0
58.241,on,11.72,5.47,3.12,-5.47,16.15,0,-10,11.4,14.65,13.52,-4.13,-4.33,13.84,0.59,0.60,13.89,192.2,0.875,0,0.00,-1.41,0,1084.7,1207.7,2,-2.0,16.50,2.35,1.926,268.0,147.2,143.6,14.87,1.64,10.52,203.4,1464,101.36,1.80,0.000,0.00,1.000,-2.55,16.1,12,0.00,0
58.323,on,12.50,5.47,3.12,-5.47,15.92,1,-8,11.4,14.65,13.52,-4.09,-4.20,13.84,0.61,0.61,13.89,192.2,0.875,0,0.00,-1.41,0,1172.3,1207.7,2,-2.5,17.00,2.42,1.926,268.5,147.2,143.6,15.57,1.68,10.56,203.4,1510,101.60,1.60,0.000,0.00,1.000,-2.60,16.1,12,0.00,0
58.389,on,11.72,5.47,3.12,-5.47,15.32,2,-7,11.4,14.65,13.44,-4.12,-4.15,13.84,0.62,0.63,13.89,192.2,0.875,0,0.00,-1.41,0,1209.3,1207.7,2,-2.5,16.50,2.37,1.872,269.5,147.2,143.6,15.99,1.68,10.53,203.4,1518,101.64,1.54,0.000,0.00,1.000,-2.61,16.1,12,0.00,0
58.456,on,9.38,5.47,3.12,-5.47,14.62,3,-3,11.4,14.65,13.60,-4.14,-4.15,13.85,0.63,0.64,13.89,192.2,0.875,0,0.00,-1.41,0,1270.7,1300.6,2,-3.0,16.00,2.38,1.898,268.5,147.2,143.6,16.16,1.70,10.50,203.4,1508,101.59,1.54,0.000,0.00,1.000,-2.60,16.1,12,0.00,0
58.529,on,8.59,5.47,3.12,-5.47,14.41,4,-1,11.4,14.65,13.68,-4.09,-4.10,13.85,0.65,0.65,13.89,192.2,0.875,0,0.00,-1.41,0,1285.0,1300.6,2,-3.0,15.50,2.28,1.846,268.5,147.2,143.6,16.16,1.62,10.55,203.4,1483,101.18,1.51,0.000,0.00,1.000,-2.59,16.1,12,0.00,0
58.605,on,8.59,5.47,3.12,-5.47,14.32,6,0,11.0,14.65,13.52,-4.04,-4.06,13.89,0.66,0.66,13.94,192.2,0.875,7,0.00,-1.41,0,1328.5,1300.6,2,-3.0,11.00,2.20,1.830,268.0,147.2,143.6,15.92,1.70,10.61,203.4,1442,100.15,1.47,0.000,0.00,0.656,-2.59,15.7,12,0.00,0
58.680,on,8.59,5.47,3.12,-5.47,14.27,7,0,11.0,14.65,13.44,-4.01,-4.04,13.93,0.66,0.67,13.94,192.2,0.875,9,0.00,-1.41,0,1343.5,1300.6,2,-3.5,7.00,2.12,1.818,267.5,147.2,143.6,15.49,1.64,10.64,203.4,1400,100.03,1.52,0.000,0.00,0.359,-2.54,15.7,12,0.00,0
58.756,on,8.59,5.47,3.12,-5.47,14.23,7,1,11.0,14.65,13.04,-3.67,-3.80,13.93,0.66,0.67,13.94,192.2,0.875,11,0.00,-1.41,0,1328.3,1300.6,2,-3.5,4.00,2.11,1.862,267.0,147.2,143.6,15.24,1.68,10.98,203.4,1359,99.23,1.29,0.000,0.00,0.000,-2.52,16.5,12,0.00,0
58.822,on,8.59,5.47,3.12,-5.47,14.28,9,1,11.0,14.65,13.28,-3.22,-3.43,13.92,0.67,0.68,13.94,192.2,0.875,11,0.00,-1.41,0,1366.0,1300.6,2,-3.5,3.50,2.16,1.878,267.0,147.2,143.6,15.84,1.60,11.43,203.4,1383,99.96,0.94,0.000,0.00,0.000,-2.51,16.5,12,0.00,0
58.903,on,9.38,5.47,3.12,-5.47,14.38,11,0,11.0,14.65,13.20,-3.16,-3.25,13.92,0.69,0.69,13.94,192.2,0.875,13,0.00,-1.41,0,1302.5,1300.6,2,-3.5,3.50,2.25,1.878,268.0,147.2,143.6,16.48,1.64,11.49,203.4,1435,99.35,0.66,0.000,0.00,0.000,-2.61,16.9,12,0.00,0
58.965,on,10.16,5.47,3.12,-5.47,14.45,12,0,10.2,14.65,13.20,-3.05,-3.11,13.92,0.69,0.70,13.94,192.2,0.875,13,0.00,-1.41,0,1365.1,1300.6,2,-3.5,3.50,2.26,1.904,268.0,147.2,143.6,16.50,1.64,11.59,203.4,1424,96.98,0.34,0.000,0.00,0.000,-2.77,16.5,12,0.00,0
59.047,on,10.16,5.47,3.12,-5.47,14.38,13,0,10.6,14.65,13.12,-2.96,-3.02,13.92,0.69,0.69,13.94,192.2,0.875,13,0.00,-1.41,0,1329.8,1300.6,2,-3.5,3.50,2.29,1.939,268.0,147.2,143.6,16.38,1.64,11.69,203.4,1418,97.53,0.28,0.000,0.00,0.000,-2.76,16.5,13,0.00,0
59.107,on,10.16,5.47,3.12,-5.47,14.33,14,0,11.0,14.65,13.20,-2.99,-3.00,13.92,0.69,0.69,13.94,192.2,0.875,13,0.00,-1.41,0,1343.5,1300.6,2,-3.0,3.50,2.31,1.907,268.5,147.2,143.6,16.72,1.62,11.66,203.4,1451,99.10,0.32,0.000,0.00,0.000,-2.68,16.5,13,0.00,0
59.186,on,10.16,5.47,3.12,-5.47,14.19,16,0,10.6,14.65,13.20,-2.98,-2.96,13.92,0.69,0.69,13.94,192.2,0.875,13,0.00,-1.41,0,1378.4,1300.6,2,-3.0,4.50,2.39,1.917,268.5,147.2,143.6,17.18,1.64,11.67,203.4,1494,97.94,0.15,0.000,0.00,0.000,-2.82,16.5,13,0.00,0
59.244,on,9.38,5.47,3.12,-5.47,13.99,17,0,11.0,14.65,13.12,-2.97,-2.96,13.92,0.69,0.69,13.94,192.2,0.875,13,0.00,-1.41,0,1325.5,1300.6,2,-3.0,6.00,2.37,1.904,268.5,147.2,143.6,17.22,1.68,11.68,203.4,1493,99.15,0.22,0.000,0.00,0.000,-2.74,16.9,13,0.00,0
59.325,on,8.59,5.47,3.12,-5.47,13.81,19,0,12.2,14.65,13.20,-2.92,-2.92,13.92,0.69,0.69,13.94,192.2,0.875,13,0.00,-1.41,0,1368.1,1300.6,2,-3.0,6.00,2.39,1.904,269.0,147.2,143.6,17.59,1.70,11.73,203.4,1505,105.20,0.59,0.000,0.00,0.000,-2.35,17.7,14,0.00,0
59.402,on,7.81,5.47,3.12,-5.47,13.62,20,0,13.3,14.65,13.20,-2.74,-2.75,13.92,0.71,0.71,13.94,192.2,0.875,13,0.00,-1.41,0,1379.0,1300.6,2,-3.0,6.00,2.53,1.965,269.5,147.2,143.6,18.64,1.76,11.91,203.4,1548,111.19,0.61,0.000,0.00,0.000,-2.18,18.9,14,0.00,0
59.478,on,7.03,5.47,3.12,-5.47,13.49,21,0,15.3,14.65,13.12,-2.35,-2.49,13.90,0.74,0.75,13.94,192.2,0.875,13,0.00,-1.41,0,1414.1,1393.4,2,-3.0,6.50,2.58,1.965,269.5,147.2,143.6,20.00,1.80,12.30,203.4,1575,123.26,1.28,0.000,0.00,0.000,-1.21,20.9,14,0.00,0
59.543,on,6.25,5.47,3.12,-5.47,13.34,22,-1,13.7,14.65,13.20,-1.85,-2.04,13.90,0.79,0.80,13.94,192.2,0.875,15,0.00,-1.41,0,1482.1,1446.5,2,-3.0,5.00,2.70,2.061,269.5,147.2,143.6,20.98,1.84,12.80,203.4,1574,115.11,0.28,0.000,0.00,0.000,-1.77,20.1,14,0.00,0
59.625,on,5.47,5.47,3.12,-5.47,13.21,22,0,14.1,14.65,13.28,-1.85,-1.91,13.90,0.78,0.79,13.94,192.2,0.875,15,0.00,-1.41,0,1484.8,1446.5,2,-3.0,5.50,2.69,2.061,269.5,147.2,143.6,20.57,1.72,12.80,203.4,1566,115.23,0.16,0.000,0.00,0.000,-1.75,19.7,14,0.00,0
59.702,on,3.91,5.47,3.12,-5.47,13.08,23,1,14.5,14.65,12.96,-1.75,-1.83,13.96,0.79,0.80,14.15,192.2,0.875,15,0.00,-1.41,0,1508.6,1446.5,2,-3.0,5.50,2.62,2.000,269.5,147.2,143.6,21.01,1.80,12.89,203.4,1575,118.84,0.26,0.000,0.00,0.000,-1.56,20.5,14,0.00,0
59.777,on,3.12,4.69,3.12,-5.47,13.11,23,2,16.5,14.65,13.20,-1.61,-1.67,14.04,0.81,0.82,14.42,192.2,0.875,15,0.00,-1.41,0,1426.1,1446.5,2,-3.0,5.00,2.56,1.978,269.5,147.2,143.6,21.25,1.80,13.04,203.4,1556,126.64,0.70,0.000,0.00,0.000,-0.97,21.7,14,0.00,0
59.842,on,3.12,3.91,3.12,-5.47,13.28,24,3,17.3,14.65,13.12,-1.19,-1.34,14.12,0.85,0.86,14.64,194.0,0.875,15,0.00,-1.41,0,1508.5,1512.9,2,-3.0,3.00,2.49,1.968,269.0,147.2,143.6,21.67,1.86,13.45,203.4,1516,129.62,0.62,0.000,0.00,0.000,-0.72,22.0,14,0.00,0
59.928,on,2.34,3.12,3.12,-5.47,13.41,25,4,17.3,14.65,13.12,-1.07,-1.14,14.19,0.85,0.86,14.64,194.0,0.875,15,0.00,-1.41,0,1531.1,1512.9,2,-3.0,1.50,2.56,2.032,269.0,147.2,143.6,21.78,1.80,13.57,203.4,1514,128.97,0.38,0.000,0.00,0.000,-0.79,22.0,14,0.00,0
60.002,on,2.34,3.12,3.12,-5.47,13.56,25,3,17.3,14.65,13.12,-1.00,-1.06,14.27,0.85,0.86,14.64,194.0,0.875,15,0.00,-1.41,0,1498.5,1512.9,2,-3.0,2.00,2.60,2.000,269.5,147.2,143.6,22.40,1.88,13.65,203.4,1559,130.97,0.42,0.000,0.00,0.000,-0.66,22.4,14,0.00,0
60.073,on,2.34,2.34,3.12,-5.47,13.65,25,3,17.3,14.65,13.20,-0.95,-1.01,14.35,0.87,0.88,14.64,194.0,0.875,15,0.00,-1.41,0,1551.3,1512.9,2,-3.0,2.00,2.60,2.000,269.5,147.2,143.6,22.88,1.84,13.70,203.4,1563,131.84,0.41,0.000,0.00,0.000,-0.60,22.4,14,0.00,0
60.138,on,1.56,1.56,3.12,-5.47,13.72,26,3,17.3,14.65,13.20,-0.94,-0.95,14.41,0.87,0.87,14.64,194.0,0.875,15,0.00,-1.41,0,1551.8,1512.9,2,-3.0,1.50,2.69,2.067,269.5,147.2,143.6,22.72,1.80,13.71,203.4,1561,132.43,0.40,0.000,0.00,0.000,-0.56,22.8,14,0.00,0
60.211,on,1.56,0.78,3.12,-5.47,13.84,26,3,17.3,14.65,13.12,-0.82,-0.87,14.49,0.87,0.87,14.64,194.0,0.875,15,0.00,-1.41,0,1534.4,1512.9,2,-3.0,2.00,2.65,2.016,269.5,147.2,143.6,22.99,1.80,13.83,203.4,1578,132.93,0.31,0.000,0.00,0.000,-0.56,22.4,14,0.00,0
60.286,on,0.78,0.78,3.12,-5.47,13.93,26,2,16.9,14.65,13.12,-0.79,-0.86,14.55,0.88,0.88,14.64,194.0,0.875,15,0.00,-1.41,0,1522.4,1512.9,2,-3.0,2.00,2.64,2.006,269.5,147.2,143.6,23.16,1.82,13.86,203.4,1577,132.18,0.28,0.000,0.00,0.000,-0.56,22.8,14,0.00,0
60.346,on,0.78,0.78,3.12,-5.47,14.00,26,2,16.5,14.65,13.28,-0.82,-0.82,14.68,0.88,0.89,14.64,194.0,0.875,15,0.00,-1.41,0,1520.8,1512.9,2,-3.0,2.00,2.64,2.013,269.5,147.2,143.6,23.32,1.84,13.83,203.4,1576,128.03,-0.01,0.000,0.00,0.000,-0.83,22.4,14,0.00,0
60.425,on,0.78,0.00,3.12,-5.47,14.06,27,2,16.5,14.65,13.68,-0.76,-0.79,14.68,0.87,0.88,14.70,194.0,0.875,15,0.00,-1.41,0,1553.4,1512.9,2,-3.0,2.00,2.62,1.990,270.0,147.2,143.6,23.16,1.84,13.89,203.3,1581,129.31,-0.02,0.000,0.00,0.000,-0.82,22.0,14,0.00,0
60.486,on,0.78,0.00,3.12,-5.47,14.13,27,2,16.5,14.65,13.44,-0.76,-0.80,14.68,0.88,0.89,14.70,194.0,0.875,15,0.00,-1.41,0,1581.4,1512.9,2,-2.5,2.50,2.65,1.994,270.0,147.2,143.6,23.62,1.88,13.89,203.3,1595,129.60,0.04,0.000,0.00,0.000,-0.76,22.4,14,0.00,0
60.560,on,0.00,0.00,3.12,-5.47,14.25,27,1,16.1,14.65,13.44,-0.75,-0.78,14.68,0.89,0.89,14.70,194.0,0.875,15,0.00,-1.41,0,1508.9,1512.9,2,-2.5,2.50,2.67,1.997,270.0,147.2,143.6,23.87,1.92,13.90,203.3,1604,128.65,-0.11,0.000,0.00,0.000,-0.87,22.0,14,0.00,0
60.628,on,0.00,0.00,3.12,-5.47,14.29,27,1,15.7,14.65,13.44,-0.72,-0.76,14.68,0.89,0.91,14.70,194.0,0.875,15,0.00,-1.41,0,1514.6,1512.9,2,-2.5,2.00,2.70,2.022,270.0,147.2,143.6,24.19,1.88,13.93,203.3,1604,125.54,-0.32,0.000,0.00,0.000,-1.08,22.0,14,0.00,0
60.707,on,0.00,0.00,3.12,-5.47,14.35,27,1,15.3,14.65,13.68,-0.78,-0.78,14.68,0.89,0.90,14.70,194.0,0.875,15,0.00,-1.41,0,1528.7,1512.9,2,-2.5,2.50,2.70,2.016,270.0,147.2,141.8,24.00,1.80,13.86,203.3,1607,123.34,-0.42,0.000,0.00,0.000,-1.21,21.7,14,0.00,0
60.766,on,0.00,0.00,3.12,-5.47,14.30,27,0,15.3,14.65,13.36,-0.80,-0.83,14.68,0.88,0.89,14.70,194.0,0.875,15,0.00,-1.41,0,1581.6,1512.9,2,-2.5,2.50,2.76,2.045,270.5,147.2,141.8,24.02,1.84,13.85,203.3,1617,122.81,-0.48,0.000,0.00,0.000,-1.30,21.3,14,0.00,0
60.846,on,-3.12,0.00,3.12,-5.47,14.28,27,0,14.9,14.65,13.52,-0.87,-0.88,14.68,0.88,0.88,14.70,194.0,0.875,15,0.00,-1.41,0,1565.8,1512.9,2,-2.5,3.00,2.77,2.045,270.5,147.2,141.8,23.92,1.86,13.78,203.3,1627,121.96,-0.45,0.000,0.00,0.000,-1.30,20.9,14,0.00,0
60.901,on,-3.12,0.00,3.12,-5.47,14.28,27,0,14.1,14.65,13.60,-0.95,-0.94,14.68,0.88,0.88,14.70,194.0,0.875,15,0.00,-1.41,0,1504.7,1512.9,2,-2.5,3.00,2.61,1.917,271.0,145.4,141.8,23.94,1.86,13.70,203.3,1631,115.89,-0.84,0.000,0.00,0.000,-1.77,20.5,14,0.00,0
60.990,on,-3.12,0.00,3.12,-5.47,14.36,27,0,13.7,14.65,13.52,-1.14,-1.12,14.68,0.84,0.85,14.70,194.0,0.875,15,0.00,-1.41,0,1595.0,1512.9,2,-2.5,3.00,2.54,1.869,271.0,147.2,141.8,23.01,1.72,13.51,203.3,1632,114.80,-0.78,0.000,0.00,0.000,-1.90,19.7,14,0.00,0
61.060,on,-3.12,0.00,3.12,-5.47,14.46,27,0,12.9,14.65,13.60,-1.32,-1.24,14.67,0.83,0.84,14.70,194.0,0.875,15,0.00,-1.41,0,1576.9,1512.9,2,-2.5,4.50,2.51,1.846,271.0,147.2,141.8,22.74,1.78,13.33,203.5,1633,110.89,-0.80,0.000,0.00,0.000,-2.00,19.7,14,0.00,0
61.136,on,-3.12,0.00,3.12,-5.47,14.46,27,-1,8.6,14.65,13.68,-1.50,-1.44,14.67,0.81,0.82,14.70,194.0,0.875,15,0.00,-1.41,0,1564.8,1512.9,2,-2.5,4.50,2.50,1.821,271.0,145.4,141.8,22.53,1.72,13.15,203.5,1646,91.80,-1.90,0.000,0.00,0.000,-3.31,16.9,15,0.00,0
61.191,on,-3.12,0.00,3.12,-5.47,14.48,27,-1,0.0,14.65,13.52,-2.07,-1.86,14.67,0.75,0.76,14.70,194.0,0.875,15,0.00,-1.41,0,1491.7,1393.4,2,-2.5,6.50,2.43,1.773,271.5,147.2,141.8,20.53,1.58,12.58,203.5,1644,0.00,-6.99,0.000,0.00,0.000,-8.76,6.3,15,0.00,0
61.272,on,-3.12,0.00,3.12,-5.47,14.47,27,-1,0.0,14.65,13.84,-4.65,-3.40,14.70,0.58,0.58,14.76,194.0,0.875,0,0.00,-1.41,0,1387.1,437.9,2,-1.5,9.50,2.17,1.603,270.5,147.2,141.8,15.79,1.26,10.00,203.5,1626,0.00,-6.82,0.000,0.00,0.000,-9.88,6.3,15,0.00,0
61.332,on,-1.56,0.00,3.12,-5.47,14.44,23,0,0.0,14.65,13.68,-6.23,-5.09,14.70,0.48,0.48,14.76,194.0,0.875,0,0.00,-1.41,0,1277.3,437.9,2,-0.5,8.00,1.81,1.334,270.0,147.2,141.8,13.03,1.00,8.42,203.5,1625,0.00,-5.12,0.000,0.00,0.000,-9.86,6.3,15,0.00,0
61.408,on,-1.56,0.00,3.12,-5.47,14.39,10,0,0.0,14.65,13.60,-7.38,-6.75,14.70,0.40,0.41,14.76,194.0,0.875,0,0.00,-1.41,1,1147.8,437.9,2,-1.0,2.00,1.70,1.197,270.0,147.2,141.8,11.58,1.02,7.27,203.4,1702,0.00,-3.36,0.000,0.00,0.000,-9.97,6.3,15,0.00,0
61.490,on,0.00,0.00,3.12,-5.47,14.24,0,0,0.0,14.65,13.76,-9.07,-8.28,14.65,0.35,0.35,14.76,194.0,0.875,0,0.00,0.00,1,1043.8,437.9,2,-1.0,4.00,1.55,1.078,270.0,147.2,141.8,10.09,1.02,5.57,203.4,1726,0.00,-1.87,0.000,0.00,0.000,-10.04,6.3,15,0.00,0
61.564,on,0.00,0.00,3.12,-5.47,14.07,0,0,0.0,14.65,13.68,-9.55,-9.20,14.65,0.31,0.31,14.76,194.0,0.875,0,0.00,0.00,1,974.8,437.9,2,-1.0,4.50,1.39,0.976,270.0,147.2,141.8,8.74,1.02,5.10,203.4,1703,0.00,-1.04,0.000,0.00,0.000,-10.00,6.3,14,0.00,0
61.623,on,0.00,0.00,3.12,-5.47,13.90,0,0,0.0,14.65,13.60,-10.09,-9.84,14.65,0.27,0.28,14.76,194.0,0.875,0,0.00,0.00,1,907.0,437.9,2,-0.5,5.00,1.25,0.906,270.0,147.2,141.8,7.82,1.00,4.56,203.4,1656,0.00,-0.21,0.000,0.00,0.000,-9.94,6.3,14,0.00,0
61.703,on,0.00,0.00,3.12,-5.47,13.72,0,0,0.0,14.65,13.76,-10.52,-10.29,14.65,0.26,0.26,14.70,194.0,0.875,0,0.00,0.00,1,853.0,437.9,2,-0.5,5.50,1.16,0.861,270.0,147.2,141.8,7.10,1.00,4.13,203.4,1617,0.00,0.32,0.000,0.00,0.000,-9.87,6.7,14,0.00,0
61.763,on,0.00,0.00,3.12,-5.47,13.48,0,0,0.0,14.50,13.68,-10.48,-10.39,14.65,0.25,0.26,14.93,194.0,0.875,0,0.00,0.00,1,819.8,437.9,2,0.0,6.00,1.09,0.835,269.5,147.2,140.0,6.63,1.02,4.02,203.4,1560,0.00,0.83,0.000,0.00,0.000,-9.55,6.7,14,0.00,0
61.841,on,0.00,0.00,3.12,-5.47,13.25,0,0,0.0,14.50,13.60,-10.62,-10.57,14.65,0.25,0.25,14.99,194.0,0.875,0,0.00,0.00,1,770.0,437.9,2,0.0,6.00,1.05,0.838,268.5,147.2,140.0,6.28,1.04,3.88,203.4,1504,0.00,1.19,0.000,0.00,0.000,-9.35,7.1,14,0.00,0
61.900,on,0.00,0.00,3.12,-5.47,13.09,0,0,0.0,14.50,13.76,-10.62,-10.61,14.65,0.25,0.25,15.05,194.0,0.875,0,0.00,0.00,1,734.9,437.9,2,0.0,6.00,1.03,0.851,268.0,147.2,140.0,6.06,1.04,3.88,203.4,1446,0.00,1.51,0.000,0.00,0.000,-9.10,7.1,14,0.00,0
61.981,on,0.00,0.00,3.12,-5.47,12.98,0,0,0.0,14.50,13.84,-10.60,-10.58,14.65,0.25,0.25,15.05,194.0,0.875,0,0.00,0.00,1,689.8,437.9,2,0.0,5.50,1.01,0.874,267.5,147.2,140.0,5.87,1.10,3.90,203.4,1391,3.23,1.66,0.000,0.00,0.000,-8.94,7.1,14,0.00,0
62.050,on,0.00,0.00,3.12,-5.47,12.96,0,0,7.1,14.50,13.36,-10.44,-10.49,14.65,0.26,0.26,15.05,194.0,0.875,0,0.00,0.00,0,642.1,437.9,2,0.0,12.00,1.07,0.963,266.5,147.2,140.0,5.84,1.06,4.06,203.3,1331,60.58,5.36,0.000,0.00,0.000,-5.15,10.2,14,0.00,0
62.120,on,-7.03,0.00,3.12,-5.47,12.96,0,0,7.5,14.50,13.60,-9.31,-9.90,14.65,0.31,0.32,15.05,194.0,0.875,0,0.00,0.00,0,589.7,583.9,2,0.0,13.00,1.06,0.963,266.5,147.2,140.0,7.24,1.42,5.20,203.3,1324,65.79,5.69,0.000,0.00,0.000,-4.44,11.4,14,0.00,0
62.190,on,-7.03,0.00,3.12,-5.47,13.01,0,-1,8.2,14.50,13.68,-8.52,-9.11,14.65,0.39,0.39,14.99,194.0,0.875,0,0.00,0.00,0,607.3,650.3,2,0.0,13.50,1.48,1.315,267.0,147.2,140.0,8.95,1.48,5.99,203.3,1353,71.78,5.03,0.000,0.00,0.000,-4.15,11.8,14,0.00,0
62.265,on,-7.03,0.00,3.12,-5.47,13.19,0,-5,8.6,14.50,13.60,-7.96,-8.26,14.65,0.44,0.45,14.87,194.0,0.875,3,0.00,0.00,0,656.9,822.8,2,0.0,3.50,1.65,1.408,267.5,147.2,140.0,10.64,1.48,6.54,203.3,1406,78.44,4.68,0.000,0.00,0.000,-3.83,12.6,13,0.00,0
62.338,on,-6.25,0.00,3.12,-5.47,13.43,4,-11,8.6,14.50,13.52,-6.92,-7.30,14.65,0.49,0.49,14.76,194.0,0.875,5,0.00,0.00,0,786.4,915.7,2,0.0,2.50,1.84,1.485,268.5,147.2,140.0,12.40,1.52,7.58,203.5,1483,79.83,3.69,0.000,0.00,0.000,-3.84,13.8,13,0.00,0
62.412,on,-6.25,0.00,3.12,-5.47,13.66,10,-16,9.0,14.50,13.60,-6.00,-6.36,14.65,0.53,0.53,14.70,194.0,0.875,7,0.00,0.00,0,896.3,1021.9,2,-0.5,1.50,1.99,1.555,269.5,147.2,140.0,13.73,1.66,8.51,203.5,1535,82.11,2.77,0.000,0.00,0.000,-3.81,14.6,13,0.00,0
62.481,on,-5.47,0.00,3.12,-5.47,13.85,14,-19,9.0,14.50,13.36,-5.19,-5.57,14.65,0.56,0.56,14.70,194.0,0.875,9,0.00,-1.41,0,942.9,1021.9,2,-1.0,10.00,2.01,1.520,270.0,147.2,140.0,14.93,1.66,9.31,203.5,1585,82.70,1.80,0.000,0.00,0.000,-3.87,15.0,12,0.00,0
62.557,on,-5.47,0.00,3.12,-5.47,14.02,15,-19,9.4,14.50,13.52,-4.65,-4.95,14.65,0.57,0.58,14.70,194.0,0.875,9,0.00,-1.41,0,1001.2,1114.8,2,-1.5,9.00,2.18,1.594,271.0,147.2,140.0,15.92,1.68,9.85,203.5,1640,85.94,1.30,0.000,0.00,0.000,-3.79,15.7,12,0.00,0
62.632,on,-4.69,0.00,3.12,-5.47,14.22,16,-16,9.4,14.50,13.68,-4.24,-4.45,14.65,0.58,0.59,14.70,194.0,0.875,11,0.00,-1.41,0,1008.1,1114.8,2,-2.0,7.50,2.22,1.562,271.0,147.2,141.8,17.01,1.68,10.27,203.4,1705,85.35,0.66,0.000,0.00,0.000,-3.90,16.1,12,0.00,0
62.708,on,-4.69,0.00,3.12,-5.47,14.43,16,-14,9.4,14.50,13.44,-4.03,-4.18,14.65,0.59,0.60,14.70,194.0,0.875,13,0.00,-1.41,0,1044.4,1114.8,2,-2.0,7.50,2.31,1.594,271.5,147.2,141.8,17.48,1.66,10.47,203.4,1741,86.26,0.27,0.000,0.00,0.000,-3.93,15.7,12,0.00,0
62.785,on,-3.91,0.00,3.12,-5.47,14.62,20,-6,9.8,14.50,13.60,-3.90,-3.99,14.65,0.59,0.60,14.70,194.0,0.875,13,0.00,-1.41,0,1091.3,1207.7,2,-2.5,10.50,2.33,1.578,271.0,147.2,141.8,17.95,1.80,10.60,203.4,1772,87.29,0.06,0.000,0.00,0.000,-3.94,16.1,12,0.00,0
62.861,on,-3.12,0.00,3.12,-5.47,14.81,21,-4,9.8,14.50,13.68,-3.82,-3.90,14.65,0.61,0.62,14.70,194.0,0.875,15,0.00,-1.41,0,1161.6,1207.7,2,-2.5,10.00,2.43,1.635,271.5,147.2,141.8,18.36,1.76,10.69,203.4,1782,88.66,-0.05,0.000,0.00,0.000,-3.98,16.1,12,0.00,0
62.936,on,-2.34,0.00,3.12,-5.47,15.03,22,-1,10.2,14.50,13.60,-3.68,-3.76,14.65,0.62,0.62,14.70,194.0,0.875,15,0.00,-1.41,0,1208.4,1207.7,2,-2.5,10.00,2.28,1.546,272.0,147.2,141.8,18.40,1.70,10.82,203.4,1767,92.23,0.14,0.000,0.00,0.000,-3.64,16.5,12,0.00,0
63.002,on,-1.56,0.00,3.12,-5.47,15.05,24,0,11.0,14.50,13.68,-3.49,-3.54,14.65,0.63,0.64,14.70,194.0,0.875,17,0.00,-1.41,0,1210.8,1300.6,2,-2.5,9.50,2.28,1.590,271.0,147.2,141.8,18.34,1.76,11.02,203.4,1722,98.54,0.44,0.000,0.00,0.000,-3.13,17.3,12,0.00,0
63.078,on,-0.78,0.00,3.12,-5.47,15.19,26,0,11.8,14.50,13.60,-3.11,-3.24,14.65,0.65,0.66,14.70,194.0,0.875,17,0.00,-1.41,0,1255.3,1300.6,2,-2.5,8.50,2.27,1.616,271.0,147.2,141.8,18.41,1.74,11.40,203.4,1683,102.19,0.52,0.000,0.00,0.000,-2.80,17.7,12,0.00,0
63.154,on,-0.78,0.00,3.12,-5.47,15.15,27,-1,11.8,14.50,13.52,-2.68,-2.86,14.65,0.69,0.69,14.70,194.0,0.875,17,0.00,-1.41,0,1340.9,1300.6,2,-2.5,8.00,2.18,1.622,270.5,147.2,141.8,18.40,1.74,11.83,203.4,1616,103.54,0.39,0.000,0.00,0.000,-2.55,18.1,12,0.00,0
63.237,on,-0.78,0.00,3.12,-5.47,15.02,28,-1,11.8,14.50,13.60,-2.38,-2.53,14.64,0.70,0.70,14.64,194.0,0.875,17,0.00,-1.41,0,1293.2,1300.6,2,-3.0,7.50,2.19,1.686,270.0,147.2,141.8,18.21,1.76,12.12,203.4,1559,103.54,0.15,0.000,0.00,0.000,-2.42,18.1,12,0.00,0
63.296,on,-0.78,0.00,3.12,-5.47,14.85,28,-1,11.4,14.50,13.44,-2.17,-2.29,14.64,0.70,0.71,14.64,194.0,0.875,17,0.00,-1.41,0,1336.1,1300.6,2,-3.0,6.50,2.17,1.734,269.5,147.2,141.8,17.73,1.68,12.33,203.4,1502,102.49,-0.06,0.000,0.00,0.000,-2.40,17.7,12,0.00,0
63.376,on,-1.56,0.00,3.12,-5.47,14.73,28,-1,11.4,14.50,13.60,-2.10,-2.14,14.64,0.71,0.71,14.64,194.0,0.875,17,0.00,-1.41,0,1311.6,1300.6,2,-3.0,6.00,2.09,1.741,268.5,147.2,141.8,17.20,1.66,12.41,203.4,1444,101.83,-0.20,0.000,0.00,0.000,-2.34,17.3,12,0.00,0
63.430,on,-1.56,0.00,3.12,-5.47,14.65,28,-1,11.4,14.50,13.44,-1.96,-2.05,14.63,0.71,0.72,14.64,194.0,0.875,17,0.00,-1.41,0,1327.5,1393.4,2,-3.5,5.00,1.96,1.696,267.5,147.2,141.8,16.67,1.64,12.54,203.4,1383,101.69,-0.20,0.000,0.00,0.000,-2.26,17.3,12,0.00,0
63.511,on,-2.34,0.00,3.12,-5.47,14.55,29,-1,11.8,14.50,13.76,-1.97,-1.99,14.63,0.71,0.72,14.64,194.0,0.875,14,0.00,-1.41,0,1399.8,1393.4,2,-3.5,4.50,1.99,1.722,267.0,147.2,141.8,16.71,1.60,12.53,203.4,1390,102.20,-0.24,0.000,0.00,0.000,-2.23,16.9,12,0.00,0
63.581,on,-2.34,0.00,3.12,-5.47,14.52,29,-1,11.8,14.50,13.52,-2.07,-2.06,14.64,0.71,0.71,14.64,194.0,0.875,14,0.00,-1.41,0,1327.8,1340.4,2,-3.0,5.00,2.02,1.690,268.5,147.2,141.8,17.11,1.64,12.44,203.4,1438,102.30,-0.25,0.000,0.00,0.000,-2.30,17.3,12,0.00,0
63.666,on,-2.34,0.00,3.12,-5.47,14.51,29,-1,11.4,14.50,13.60,-2.04,-2.07,14.63,0.71,0.72,14.64,194.0,0.875,14,0.00,-1.41,0,1320.1,1393.4,2,-3.5,4.50,2.00,1.699,267.5,147.2,141.8,16.94,1.66,12.46,203.4,1410,101.60,-0.26,0.000,0.00,0.000,-2.31,16.9,12,0.00,0
63.748,on,-2.34,0.00,3.12,-5.47,14.51,29,-1,11.4,14.50,13.68,-2.04,-2.05,14.63,0.71,0.72,14.64,194.0,0.875,14,0.00,-1.41,0,1397.3,1393.4,2,-3.5,4.50,1.98,1.699,267.0,147.2,141.8,16.84,1.62,12.46,203.4,1398,101.51,-0.24,0.000,0.00,0.000,-2.28,16.9,12,0.00,0
63.806,on,-2.34,0.00,3.12,-5.47,14.49,29,-1,11.4,14.50,13.60,-2.01,-2.04,14.64,0.71,0.72,14.64,194.0,0.875,14,0.00,-1.41,0,1408.6,1393.4,2,-3.5,4.50,1.97,1.664,267.5,147.2,141.8,17.20,1.66,12.50,203.4,1423,101.68,-0.25,0.000,0.00,0.000,-2.31,16.9,12,0.00,0
63.886,on,-2.34,0.00,3.12,-5.47,14.54,30,-1,11.4,14.50,13.52,-2.09,-2.06,14.63,0.72,0.73,14.64,194.0,0.875,14,0.00,-1.41,0,1391.1,1393.4,2,-3.0,5.50,1.99,1.661,268.0,147.2,141.8,17.42,1.64,12.42,203.4,1441,102.05,-0.27,0.000,0.00,0.000,-2.34,17.3,12,0.00,0
63.946,on,-2.34,0.00,3.12,-5.47,14.59,30,-1,11.4,14.50,13.52,-2.07,-2.07,14.63,0.72,0.73,14.64,194.0,0.875,14,0.00,-1.41,0,1390.6,1393.4,2,-3.5,5.00,1.98,1.670,268.0,147.2,141.8,17.24,1.64,12.43,203.3,1423,101.41,-0.29,0.000,0.00,0.000,-2.35,16.9,12,0.00,0
64.023,on,-2.34,0.00,3.12,-5.47,14.59,30,0,11.4,14.50,13.52,-1.99,-2.02,14.63,0.72,0.73,14.64,194.0,0.875,14,0.00,-1.41,0,1395.7,1393.4,2,-3.5,4.50,1.97,1.683,267.5,147.2,141.8,17.12,1.68,12.51,203.3,1402,101.80,-0.26,0.000,0.00,0.000,-2.30,16.9,12,0.00,0
64.083,on,-2.34,0.00,3.12,-5.47,14.60,30,0,11.4,14.50,13.60,-2.03,-2.02,14.63,0.72,0.73,14.64,194.0,0.875,14,0.00,-1.41,0,1392.8,1393.4,2,-3.5,4.50,2.02,1.690,267.5,147.2,141.8,17.45,1.64,12.47,203.3,1434,102.01,-0.30,0.000,0.00,0.000,-2.31,16.9,13,0.00,0
64.161,on,-2.34,0.00,3.12,-5.47,14.60,30,0,11.4,14.50,13.52,-2.06,-2.05,14.63,0.72,0.73,14.64,194.0,0.875,14,0.00,-1.41,0,1415.2,1393.4,2,-3.0,5.50,2.05,1.690,268.5,147.2,141.8,17.71,1.66,12.44,203.3,1459,101.34,-0.35,0.000,0.00,0.000,-2.40,17.3,13,0.00,0
64.225,on,-2.34,0.00,3.12,-5.47,14.60,30,0,11.0,14.50,13.60,-2.04,-2.05,14.63,0.72,0.73,14.64,194.0,0.875,14,0.00,-1.41,0,1412.2,1393.4,2,-3.5,5.00,2.00,1.677,268.0,147.2,141.8,17.42,1.66,12.46,203.4,1429,100.39,-0.36,0.000,0.00,0.000,-2.43,16.9,13,0.00,0
64.302,on,-2.34,0.00,3.12,-5.47,14.59,30,0,11.4,14.50,13.68,-2.03,-2.05,14.63,0.72,0.73,14.64,194.0,0.875,14,0.00,-1.41,0,1396.2,1393.4,2,-3.5,4.00,2.01,1.693,268.0,147.2,141.8,17.36,1.62,12.47,203.4,1422,100.89,-0.31,0.000,0.00,0.000,-2.37,16.9,13,0.00,0
64.377,on,-2.34,0.00,3.12,-5.47,14.61,30,0,11.4,14.50,13.68,-2.09,-2.07,14.63,0.72,0.73,14.64,194.0,0.875,14,0.00,-1.41,0,1379.6,1393.4,2,-3.0,5.50,2.04,1.683,268.5,147.2,141.8,17.70,1.66,12.41,203.4,1456,100.75,-0.35,0.000,0.00,0.000,-2.42,16.9,13,0.00,0
64.431,on,-2.34,0.00,3.12,-5.47,14.61,30,0,11.4,14.50,13.52,-2.07,-2.08,14.63,0.72,0.73,14.64,194.0,0.875,14,0.00,-1.41,0,1398.8,1393.4,2,-3.0,5.50,2.09,1.715,268.5,147.2,141.8,17.79,1.68,12.43,203.4,1461,100.78,-0.35,0.000,0.00,0.000,-2.44,16.9,13,0.00,0
64.513,on,-2.34,0.00,3.12,-5.47,14.58,30,0,11.0,14.50,13.44,-2.04,-2.09,14.63,0.72,0.74,14.64,194.0,0.875,14,0.00,-1.41,0,1360.9,1393.4,2,-3.5,5.50,2.03,1.693,268.0,147.2,141.8,17.59,1.70,12.47,203.4,1438,100.43,-0.35,0.000,0.00,0.000,-2.43,16.9,13,0.00,0
64.572,on,-2.34,0.00,3.12,-5.47,14.58,30,0,11.4,14.50,13.68,-2.04,-2.04,14.63,0.74,0.74,14.64,194.0,0.875,14,0.00,-1.41,0,1419.3,1393.4,2,-3.0,5.50,2.05,1.693,268.0,147.2,141.8,17.92,1.72,12.47,203.5,1451,100.74,-0.38,0.000,0.00,0.000,-2.42,16.9,13,0.00,0
64.651,on,-3.12,0.00,3.12,-5.47,14.57,30,0,11.4,14.50,13.76,-2.10,-2.07,14.63,0.74,0.74,14.64,194.0,0.875,14,0.00,-1.41,0,1369.9,1393.4,2,-3.0,5.50,2.09,1.702,268.0,147.2,143.6,18.04,1.64,12.40,203.5,1470,101.11,-0.37,0.000,0.00,0.000,-2.43,16.9,13,0.00,0
64.716,on,-3.12,0.00,3.12,-5.47,14.53,30,0,11.0,14.50,13.76,-2.12,-2.09,14.63,0.74,0.74,14.64,194.0,0.875,14,0.00,-1.41,0,1425.4,1393.4,2,-3.0,5.50,2.07,1.693,268.5,147.2,141.8,17.98,1.68,12.38,203.5,1467,100.53,-0.37,0.000,0.00,0.000,-2.46,16.9,13,0.00,0
64.796,on,-3.12,0.00,3.12,-5.47,14.50,30,0,11.4,14.50,13.68,-2.07,-2.08,14.63,0.74,0.74,14.64,194.0,0.875,14,0.00,-1.41,0,1368.4,1393.4,2,-3.0,5.50,2.03,1.683,268.0,147.2,141.8,17.83,1.60,12.44,203.5,1450,101.56,-0.29,0.000,0.00,0.000,-2.39,17.3,13,0.00,0
64.855,on,-3.12,0.00,3.12,-5.47,14.49,30,0,11.4,14.50,13.76,-2.01,-2.08,14.63,0.72,0.73,14.64,194.0,0.875,14,0.00,-1.41,0,1375.5,1393.4,2,-3.0,5.50,2.05,1.683,268.5,147.2,141.8,17.96,1.64,12.50,203.5,1464,101.36,-0.32,0.000,0.00,0.000,-2.40,16.9,13,0.00,0
64.931,on,-3.12,0.00,3.12,-5.47,14.47,30,0,11.4,14.50,13.68,-2.02,-2.04,14.63,0.72,0.73,14.64,194.0,0.875,14,0.00,-1.41,0,1426.8,1393.4,2,-3.0,5.50,2.07,1.674,268.5,147.2,141.8,18.11,1.70,12.48,203.5,1483,100.86,-0.38,0.000,0.00,0.000,-2.44,16.9,13,0.00,0
65.008,on,-3.12,0.00,3.12,-5.47,14.51,30,0,11.0,14.50,13.76,-2.06,-2.08,14.63,0.72,0.73,14.64,194.0,0.875,14,0.00,-1.41,0,1384.6,1393.4,2,-3.0,5.50,2.05,1.674,268.0,147.2,141.8,17.99,1.68,12.45,203.5,1473,99.96,-0.43,0.000,0.00,0.000,-2.51,16.9,13,0.00,0
65.063,on,-3.12,0.00,3.12,-5.47,14.56,30,0,10.6,14.50,13.92,-2.11,-2.06,14.63,0.72,0.73,14.64,194.0,0.875,14,0.00,-1.41,0,1420.3,1393.4,2,-3.0,5.50,2.05,1.674,268.5,147.2,141.8,17.87,1.68,12.39,203.5,1473,98.55,-0.47,0.000,0.00,0.000,-2.56,16.9,13,0.00,0
65.141,on,-3.12,0.00,3.12,-5.47,14.56,30,0,10.2,14.50,13.76,-2.19,-2.13,14.63,0.72,0.73,14.64,194.0,0.875,14,0.00,-1.41,0,1373.7,1393.4,2,-3.0,5.50,2.05,1.664,268.5,147.2,143.6,17.99,1.70,12.32,203.5,1480,95.65,-0.68,0.000,0.00,0.000,-2.81,16.5,13,0.00,0
65.216,on,-3.12,0.00,3.12,-5.47,14.55,30,1,9.4,14.50,13.76,-2.29,-2.22,14.63,0.71,0.72,14.64,194.0,0.875,14,0.00,-1.41,0,1415.2,1393.4,2,-3.0,5.50,2.06,1.658,268.0,147.2,141.8,17.96,1.64,12.21,203.4,1490,89.04,-1.05,0.000,0.00,0.000,-3.26,15.7,13,0.00,0
65.276,on,-3.12,0.00,3.12,-5.47,14.58,30,1,9.4,14.50,13.76,-2.55,-2.42,14.64,0.70,0.70,14.64,194.0,0.875,14,0.00,-1.41,0,1387.4,1340.4,2,-3.0,6.00,2.03,1.635,269.0,147.2,141.8,17.40,1.58,11.95,203.4,1491,88.19,-0.91,0.000,0.00,0.000,-3.33,15.4,13,0.00,0
65.348,on,-3.12,0.00,3.12,-5.47,14.54,30,0,9.4,14.50,13.68,-2.63,-2.54,14.64,0.69,0.69,14.64,194.0,0.875,14,0.00,-1.41,0,1343.5,1340.4,2,-3.0,6.00,2.00,1.622,268.5,147.2,141.8,16.96,1.62,11.87,203.4,1478,89.11,-0.72,0.000,0.00,0.000,-3.25,15.7,13,0.00,0
65.422,on,-3.91,0.00,3.12,-5.47,14.49,31,0,9.0,14.50,13.76,-2.60,-2.61,14.64,0.69,0.69,14.64,194.0,0.875,14,0.00,-1.41,0,1337.8,1340.4,2,-3.0,6.00,2.04,1.642,268.5,147.2,141.8,17.05,1.56,11.90,203.4,1489,83.95,-0.96,0.000,0.00,0.000,-3.55,15.0,13,0.00,0
65.498,on,-3.91,0.00,3.12,-5.47,14.47,31,0,9.4,14.50,13.92,-2.78,-2.73,14.65,0.66,0.67,14.70,194.0,0.875,14,0.00,-1.41,0,1356.5,1340.4,2,-3.0,6.00,1.99,1.597,268.5,147.2,141.8,16.63,1.56,11.72,203.4,1496,88.15,-0.61,0.000,0.00,0.000,-3.34,15.4,13,0.00,0
65.573,on,-3.91,0.00,3.12,-5.47,14.43,32,0,8.6,14.50,13.84,-2.75,-2.78,14.65,0.66,0.66,14.70,194.0,0.875,14,0.00,-1.41,0,1353.5,1340.4,2,-3.0,6.50,1.90,1.530,269.0,147.2,141.8,16.46,1.64,11.75,203.4,1492,79.74,-1.13,0.000,0.00,0.000,-3.90,15.0,13,0.00,0
65.647,on,-4.69,0.00,3.12,-5.47,14.39,34,-1,8.6,14.50,13.92,-2.96,-2.95,14.65,0.63,0.65,14.70,194.0,0.875,14,0.00,-1.41,0,1322.3,1340.4,2,-3.0,6.50,1.83,1.469,268.5,147.2,141.8,15.94,1.56,11.54,203.4,1494,76.38,-1.28,0.000,0.00,0.000,-4.20,13.8,14,0.00,0
65.722,on,-4.69,0.00,3.12,-5.47,14.36,35,-1,8.6,14.50,13.84,-3.14,-3.13,14.65,0.62,0.63,14.70,194.0,0.875,14,0.00,-1.41,0,1262.4,1207.7,2,-2.5,7.50,1.84,1.482,269.0,147.2,141.8,15.59,1.50,11.37,203.4,1491,78.91,-0.92,0.000,0.00,0.000,-4.02,14.2,14,0.00,0
65.798,on,-4.69,0.00,3.12,-5.47,14.37,36,-1,8.6,14.50,14.00,-3.09,-3.13,14.65,0.62,0.63,14.70,194.0,0.875,14,0.00,-1.41,0,1243.7,1207.7,2,-2.5,8.00,1.87,1.504,269.0,147.2,141.8,15.58,1.58,11.41,203.4,1493,80.61,-0.71,0.000,0.00,0.000,-3.85,14.6,14,0.00,0
65.873,on,-4.69,0.00,3.12,-5.47,14.35,38,-2,8.6,14.50,14.00,-3.03,-3.08,14.65,0.62,0.63,14.70,194.0,0.875,14,0.00,-1.41,0,1234.5,1207.7,2,-2.5,8.00,1.86,1.491,269.5,147.2,141.8,15.62,1.52,11.47,203.4,1498,78.89,-0.90,0.000,0.00,0.000,-3.98,14.2,14,0.00,0
65.956,on,-5.47,0.00,3.12,-5.47,14.34,38,-3,9.0,14.50,14.00,-3.03,-3.09,14.65,0.61,0.62,14.70,194.0,0.875,14,0.00,-1.41,0,1252.8,1207.7,2,-2.5,8.00,1.86,1.491,269.0,147.2,143.6,15.45,1.54,11.48,203.4,1498,83.08,-0.62,0.000,0.00,0.000,-3.70,15.0,14,0.00,0
66.021,on,-5.47,0.00,3.12,-5.47,14.28,38,-4,9.0,14.50,13.92,-2.87,-2.96,14.65,0.62,0.62,14.70,194.0,0.875,14,0.00,-1.41,0,1214.9,1207.7,2,-2.5,7.50,1.84,1.485,269.0,147.2,143.6,15.44,1.58,11.63,203.4,1491,81.45,-0.82,0.000,0.00,0.000,-3.79,14.6,14,0.00,0
66.090,on,-6.25,0.00,3.12,-5.47,14.23,38,-4,9.0,14.50,14.00,-2.87,-2.95,14.65,0.61,0.62,14.70,194.0,0.875,14,0.00,-1.41,0,1237.4,1207.7,2,-2.5,7.50,1.82,1.466,268.5,147.2,143.6,15.34,1.54,11.63,203.4,1493,84.76,-0.75,0.000,0.00,0.000,-3.67,14.6,14,0.00,0
66.157,on,-6.25,0.00,3.12,-5.47,14.20,38,-5,9.0,14.50,13.76,-2.82,-2.91,14.65,0.61,0.62,14.70,194.0,0.875,14,0.00,-1.41,0,1224.6,1207.7,2,-2.5,7.50,1.81,1.453,269.0,147.2,143.6,15.44,1.62,11.68,203.4,1497,83.09,-0.80,0.000,0.00,0.000,-3.69,15.0,14,0.00,0
66.202,on,-7.03,0.00,3.12,-5.47,14.18,38,-6,9.0,14.50,14.16,-2.76,-2.85,14.65,0.62,0.62,14.70,194.0,0.875,14,0.00,-1.41,0,1216.1,1207.7,2,-2.5,8.00,1.81,1.446,269.0,147.2,143.6,15.58,1.60,11.74,203.4,1501,84.71,-0.75,0.000,0.00,0.000,-3.59,15.0,14,0.00,0
66.284,on,-7.03,0.00,3.12,-5.47,14.18,38,-6,9.0,14.50,13.84,-2.71,-2.78,14.65,0.62,0.62,14.70,194.0,0.875,14,0.00,-1.41,0,1219.7,1207.7,2,-2.5,7.50,1.86,1.491,269.0,147.2,143.6,15.52,1.52,11.80,203.4,1493,83.11,-0.90,0.000,0.00,0.000,-3.68,15.0,14,0.00,0
66.359,on,-7.03,0.00,3.12,-5.47,14.25,38,-6,9.0,14.50,13.84,-2.76,-2.78,14.65,0.61,0.62,14.70,194.0,0.875,14,0.00,-1.41,0,1214.6,1207.7,2,-2.5,7.50,1.82,1.466,268.5,147.2,143.6,15.24,1.52,11.74,203.4,1486,84.80,-0.77,0.000,0.00,0.000,-3.55,15.0,14,0.00,0
66.434,on,-7.03,0.00,3.12,-5.47,14.27,38,-6,9.4,14.50,13.84,-2.73,-2.75,14.65,0.61,0.61,14.70,194.0,0.875,14,0.00,-1.41,0,1221.8,1207.7,2,-2.5,8.00,1.83,1.466,269.0,147.2,143.6,15.37,1.58,11.78,203.4,1497,86.40,-0.72,0.000,0.00,0.000,-3.47,15.4,14,0.00,0
66.508,on,-7.03,0.00,3.12,-5.47,14.29,38,-7,9.4,14.50,13.92,-2.66,-2.72,14.65,0.62,0.62,14.70,194.0,0.875,14,0.00,-1.41,0,1215.6,1207.7,2,-2.5,8.00,1.84,1.466,269.0,147.2,143.6,15.62,1.64,11.84,203.4,1506,88.06,-0.67,0.000,0.00,0.000,-3.37,15.4,14,0.00,0
66.583,on,-7.81,0.00,3.12,-5.47,14.31,38,-7,9.0,14.50,13.92,-2.61,-2.66,14.65,0.62,0.63,14.70,194.0,0.875,14,0.00,-1.41,0,1210.9,1207.7,2,-2.5,8.00,1.83,1.475,269.0,147.2,143.6,15.59,1.54,11.89,203.4,1490,85.61,-0.87,0.000,0.00,0.000,-3.52,15.0,14,0.00,0
66.662,on,-7.81,0.00,3.12,-5.47,14.36,38,-7,9.0,14.50,13.84,-2.66,-2.64,14.65,0.62,0.62,14.70,194.0,0.875,14,0.00,-1.41,0,1220.2,1207.7,2,-2.5,8.00,1.84,1.482,269.0,147.2,143.6,15.41,1.54,11.84,203.4,1490,85.61,-0.87,0.000,0.00,0.000,-3.51,15.4,14,0.00,0
66.727,on,-7.81,0.00,3.12,-5.47,14.39,38,-7,9.4,14.50,13.92,-2.66,-2.66,14.65,0.61,0.61,14.70,194.0,0.875,14,0.00,-1.41,0,1229.3,1207.7,2,-2.5,7.50,1.83,1.462,269.0,147.2,143.6,15.41,1.56,11.85,203.4,1504,87.24,-0.79,0.000,0.00,0.000,-3.41,15.4,14,0.00,0
66.802,on,-7.81,0.00,3.12,-5.47,14.45,38,-7,9.4,14.50,13.92,-2.63,-2.65,14.65,0.61,0.62,14.70,194.0,0.875,14,0.00,-1.41,0,1232.4,1207.7,2,-2.5,8.00,1.82,1.453,269.0,147.2,143.6,15.49,1.58,11.88,203.4,1504,87.24,-0.80,0.000,0.00,0.000,-3.43,15.4,14,0.00,0
66.884,on,-7.03,0.00,3.12,-5.47,14.50,38,-7,9.4,14.50,13.84,-2.61,-2.61,14.65,0.62,0.62,14.70,194.0,0.875,14,0.00,-1.41,0,1207.1,1207.7,2,-2.5,7.50,1.82,1.462,269.0,147.2,143.6,15.55,1.62,11.90,203.4,1496,87.29,-0.80,0.000,0.00,0.000,-3.40,15.4,14,0.00,0
66.946,on,-7.03,0.00,3.12,-5.47,14.54,38,-7,9.4,14.50,13.92,-2.58,-2.61,14.65,0.62,0.63,14.70,194.0,0.875,14,0.00,-1.41,0,1199.3,1207.7,2,-2.5,8.00,1.85,1.482,269.5,147.2,143.6,15.67,1.58,11.92,203.4,1498,86.40,-0.88,0.000,0.00,0.000,-3.46,15.4,14,0.00,0
67.027,on,-7.03,0.00,3.12,-5.47,14.55,38,-6,9.4,14.50,13.92,-2.58,-2.60,14.70,0.62,0.63,14.76,194.0,0.875,14,0.00,-1.41,0,1217.4,1207.7,2,-2.5,8.00,1.87,1.482,269.5,147.2,143.6,15.78,1.60,11.92,203.4,1514,87.19,-0.86,0.000,0.00,0.000,-3.44,15.4,14,0.00,0
67.098,on,-7.81,0.00,3.12,-5.47,14.59,38,-6,9.4,14.50,13.84,-2.58,-2.61,14.70,0.62,0.63,14.76,194.0,0.875,14,0.00,-1.41,0,1202.8,1207.7,2,-2.5,8.00,1.86,1.475,269.5,147.2,143.6,15.81,1.60,11.93,203.4,1511,86.33,-0.89,0.000,0.00,0.000,-3.50,15.4,14,0.00,0
67.169,on,-7.81,0.00,3.12,-5.47,14.61,38,-6,9.4,14.50,13.76,-2.59,-2.65,14.70,0.62,0.63,14.76,194.0,0.875,14,0.00,-1.41,0,1188.4,1207.7,2,-2.5,8.00,1.84,1.475,269.0,147.2,143.6,15.65,1.58,11.91,203.3,1499,88.09,-0.74,0.000,0.00,0.000,-3.36,15.4,14,0.00,0
67.223,on,-7.81,0.00,3.12,-5.47,14.59,38,-6,9.8,14.50,14.00,-2.57,-2.64,14.70,0.62,0.62,14.76,194.0,0.875,14,0.00,-1.41,0,1231.0,1207.7,2,-2.5,7.50,1.86,1.475,269.0,147.2,143.6,15.73,1.60,11.94,203.3,1510,92.21,-0.53,0.000,0.00,0.000,-3.14,16.1,14,0.00,0
67.280,on,-7.81,0.00,3.12,-5.47,14.60,38,-6,9.8,14.50,14.00,-2.50,-2.57,14.70,0.63,0.63,14.76,194.0,0.875,14,0.00,-1.41,0,1231.9,1207.7,2,-2.5,7.50,1.86,1.475,269.5,147.2,143.6,16.00,1.62,12.01,203.3,1513,94.54,-0.47,0.000,0.00,0.000,-3.04,16.1,14,0.00,0
67.352,on,-7.81,0.00,3.12,-5.47,14.63,38,-5,10.2,14.50,14.00,-2.39,-2.49,14.70,0.63,0.65,14.76,194.0,0.875,14,0.00,-1.41,0,1200.0,1300.6,2,-3.0,7.00,1.90,1.504,268.5,147.2,143.6,16.30,1.60,12.11,203.3,1516,95.44,-0.41,0.000,0.00,0.000,-2.89,16.5,14,0.00,0
67.401,on,-7.81,0.00,3.12,-5.47,14.65,38,-5,10.2,14.50,14.08,-2.32,-2.40,14.70,0.65,0.65,14.76,194.0,0.875,14,0.00,-1.41,0,1249.6,1300.6,2,-3.0,6.00,1.89,1.501,269.0,147.2,143.6,16.44,1.60,12.19,203.3,1511,95.78,-0.47,0.000,0.00,0.000,-2.86,16.5,14,0.00,0
67.470,on,-7.03,0.00,3.12,-5.47,14.68,38,-5,10.6,14.50,14.16,-2.28,-2.37,14.70,0.65,0.66,14.76,194.0,0.875,14,0.00,-1.41,0,1318.6,1300.6,2,-3.0,6.50,1.90,1.501,269.0,147.2,143.6,16.64,1.62,12.22,203.3,1520,98.23,-0.39,0.000,0.00,0.000,-2.75,16.9,14,0.00,0
67.546,on,-7.81,0.00,3.12,-5.47,14.67,38,-5,10.6,14.50,13.92,-2.21,-2.28,14.70,0.66,0.67,14.76,194.0,0.875,14,0.00,-1.41,0,1261.8,1300.6,2,-3.0,6.50,1.96,1.542,269.0,147.2,143.6,16.89,1.66,12.29,203.3,1522,98.84,-0.38,0.000,0.00,0.000,-2.66,16.9,14,0.00,0
67.617,on,-7.03,0.00,3.12,-5.47,14.68,38,-4,10.6,14.50,13.92,-2.22,-2.23,14.70,0.67,0.68,14.76,194.0,0.875,14,0.00,-1.41,0,1266.1,1300.6,2,-3.0,6.50,1.96,1.539,269.5,147.2,143.6,17.20,1.64,12.28,203.3,1527,98.53,-0.47,0.000,0.00,0.000,-2.70,16.9,14,0.00,0
67.688,on,-7.03,0.00,3.12,-5.47,14.69,38,-3,10.6,14.50,14.00,-2.24,-2.20,14.70,0.67,0.68,14.76,194.0,0.875,14,0.00,-1.41,0,1314.4,1300.6,2,-3.0,6.50,1.94,1.523,269.5,147.2,143.6,17.23,1.66,12.26,203.3,1528,97.89,-0.54,0.000,0.00,0.000,-2.76,16.5,14,0.00,0
67.763,on,-7.03,0.00,3.12,-5.47,14.72,38,-3,10.6,14.50,14.00,-2.23,-2.19,14.70,0.67,0.68,14.76,194.0,0.875,14,0.00,-1.41,0,1301.4,1300.6,2,-3.0,6.50,1.96,1.533,269.0,147.2,143.6,17.38,1.66,12.28,203.4,1532,97.88,-0.54,0.000,0.00,0.000,-2.75,16.5,14,0.00,0
67.847,on,-7.03,0.00,3.12,-5.47,14.74,37,-2,10.6,14.50,13.92,-2.18,-2.22,14.70,0.67,0.68,14.76,194.0,0.875,14,0.00,-1.41,0,1318.8,1300.6,2,-3.0,6.50,1.97,1.536,270.0,147.2,143.6,17.43,1.64,12.32,203.4,1539,97.56,-0.56,0.000,0.00,0.000,-2.78,16.9,14,0.00,0
67.907,on,-7.03,0.00,3.12,-5.47,14.75,37,-2,10.6,14.50,14.16,-2.20,-2.21,14.69,0.67,0.68,14.70,194.0,0.875,14,0.00,-1.41,0,1317.4,1300.6,2,-3.0,6.50,1.97,1.539,269.0,147.2,143.6,17.41,1.62,12.31,203.4,1533,98.53,-0.46,0.000,0.00,0.000,-2.70,16.9,14,0.00,0
67.977,on,-7.03,0.00,3.12,-5.47,14.74,37,-2,10.6,14.50,13.84,-2.20,-2.25,14.69,0.67,0.68,14.70,194.0,0.875,14,0.00,-1.41,0,1301.0,1300.6,2,-3.0,6.50,1.99,1.549,269.5,147.2,143.6,17.52,1.68,12.31,203.4,1538,98.21,-0.48,0.000,0.00,0.000,-2.73,16.9,14,0.00,0
68.052,on,-7.03,0.00,3.12,-5.47,14.76,37,-1,10.6,14.50,13.92,-2.30,-2.25,14.70,0.67,0.68,14.70,194.0,0.875,14,0.00,-1.41,0,1288.0,1300.6,2,-3.0,6.50,2.03,1.581,269.5,147.2,143.6,17.45,1.64,12.21,203.4,1544,97.86,-0.52,0.000,0.00,0.000,-2.77,16.9,14,0.00,0
68.119,on,-5.47,0.00,3.12,-5.47,14.76,37,-1,10.6,14.50,14.00,-2.23,-2.24,14.70,0.67,0.68,14.76,194.0,0.875,14,0.00,-1.41,0,1306.8,1300.6,2,-3.0,6.50,2.02,1.565,269.5,147.2,143.6,17.57,1.68,12.27,203.6,1550,98.53,-0.52,0.000,0.00,0.000,-2.74,16.9,14,0.00,0
68.204,on,-5.47,0.00,3.12,-5.47,14.75,37,-1,10.6,14.50,13.76,-2.17,-2.21,14.69,0.67,0.68,14.70,194.0,0.875,14,0.00,-1.41,0,1311.7,1300.6,2,-3.0,6.50,2.03,1.571,269.5,147.2,143.6,17.63,1.62,12.34,203.6,1552,98.85,-0.51,0.000,0.00,0.000,-2.72,16.9,14,0.00,0
68.262,on,-5.47,0.00,3.12,-5.47,14.69,37,-1,10.6,14.50,13.92,-2.20,-2.24,14.70,0.67,0.68,14.76,194.0,0.875,14,0.00,-1.41,0,1312.6,1300.6,2,-3.0,6.50,2.03,1.562,270.0,147.2,143.6,17.64,1.66,12.31,203.6,1560,98.85,-0.50,0.000,0.00,0.000,-2.73,16.9,14,0.00,0
68.351,on,-5.47,0.00,3.12,-5.47,14.67,37,-1,11.0,14.50,14.16,-2.26,-2.22,14.70,0.67,0.68,14.76,194.0,0.875,14,0.00,-1.41,0,1338.5,1300.6,2,-3.0,6.50,2.01,1.546,269.5,147.2,143.6,17.70,1.68,12.25,203.6,1560,99.53,-0.43,0.000,0.00,0.000,-2.66,16.9,14,0.00,0
68.423,on,-5.47,0.00,3.12,-5.47,14.69,37,-1,11.0,14.50,14.00,-2.19,-2.21,14.69,0.69,0.69,14.70,194.0,0.875,14,0.00,-1.41,0,1298.1,1300.6,2,-3.0,6.50,2.05,1.565,269.5,147.2,143.6,18.03,1.68,12.31,203.3,1573,100.20,-0.43,0.000,0.00,0.000,-2.63,17.3,14,0.00,0
68.471,on,-5.47,0.00,3.12,-5.47,14.68,37,-2,11.0,14.50,13.84,-2.15,-2.21,14.69,0.69,0.69,14.70,194.0,0.875,14,0.00,-1.41,0,1350.4,1300.6,2,-3.0,6.50,2.07,1.565,270.0,147.2,143.6,18.21,1.64,12.36,203.3,1587,99.91,-0.49,0.000,0.00,0.000,-2.70,16.9,14,0.00,0
68.550,on,-5.47,0.00,3.12,-5.47,14.67,37,-2,10.6,14.50,14.00,-2.24,-2.22,14.69,0.69,0.69,14.70,194.0,0.875,14,0.00,-1.41,0,1327.6,1300.6,2,-3.0,7.00,2.13,1.613,270.0,147.2,143.6,18.16,1.68,12.26,203.3,1587,98.86,-0.58,0.000,0.00,0.000,-2.77,16.9,14,0.00,0
68.626,on,-5.47,0.00,3.12,-5.47,14.64,37,-2,11.0,14.50,13.76,-2.17,-2.20,14.69,0.69,0.69,14.70,194.0,0.875,14,0.00,-1.41,0,1287.8,1300.6,2,-3.0,6.50,2.06,1.562,270.0,147.2,143.6,18.13,1.64,12.34,203.3,1587,99.21,-0.55,0.000,0.00,0.000,-2.74,16.9,14,0.00,0
68.690,on,-5.47,0.00,3.12,-5.47,14.56,37,-2,11.0,14.50,14.00,-2.28,-2.24,14.70,0.67,0.68,14.76,194.0,0.875,14,0.00,-1.41,0,1333.4,1300.6,2,-2.5,6.50,2.07,1.555,270.5,147.2,143.6,18.07,1.64,12.23,203.3,1599,99.58,-0.50,0.000,0.00,0.000,-2.75,16.9,14,0.00,0
68.769,on,-6.25,0.00,3.12,-5.47,14.55,37,-2,11.0,14.50,13.92,-2.19,-2.25,14.70,0.67,0.68,14.76,194.0,0.875,14,0.00,-1.41,0,1279.5,1300.6,2,-2.5,8.00,2.07,1.533,271.0,147.2,143.6,18.36,1.66,12.32,203.3,1621,98.79,-0.59,0.000,0.00,0.000,-2.83,16.9,14,0.00,0
68.839,on,-6.25,0.00,3.12,-5.47,14.55,37,-2,11.0,14.50,14.08,-2.31,-2.28,14.70,0.67,0.67,14.76,194.0,0.875,14,0.00,-1.41,0,1293.0,1300.6,2,-2.5,8.00,2.05,1.526,270.5,147.2,143.6,18.13,1.64,12.19,203.3,1614,98.94,-0.55,0.000,0.00,0.000,-2.82,16.9,14,0.00,0
68.914,on,-6.25,0.00,3.12,-5.47,14.59,36,-2,11.0,14.50,14.16,-2.19,-2.24,14.70,0.67,0.68,14.76,194.0,0.875,14,0.00,-1.41,0,1331.5,1300.6,2,-2.5,8.00,2.02,1.507,270.0,147.2,143.6,18.29,1.70,12.31,203.3,1610,99.03,-0.54,0.000,0.00,0.000,-2.78,16.9,14,0.00,0
68.972,on,-6.25,0.00,3.12,-5.47,14.64,37,-2,11.0,14.50,14.16,-2.31,-2.25,14.69,0.67,0.68,14.70,194.0,0.875,14,0.00,-1.41,0,1320.2,1300.6,2,-2.5,8.00,2.12,1.558,271.0,147.2,143.6,18.46,1.66,12.19,203.3,1634,98.53,-0.58,0.000,0.00,0.000,-2.85,16.9,14,0.00,0
69.039,on,-6.25,0.00,3.12,-5.47,14.67,37,-2,10.6,14.50,13.92,-2.27,-2.29,14.70,0.67,0.68,14.70,194.0,0.875,16,0.00,-1.41,0,1331.7,1300.6,2,-2.5,7.50,2.09,1.530,270.5,147.2,143.6,18.64,1.70,12.24,203.2,1641,97.66,-0.63,0.000,0.00,0.000,-2.93,16.9,14,0.00,0
69.120,on,-6.25,0.00,3.12,-5.47,14.66,37,-2,11.0,14.50,13.92,-2.21,-2.28,14.70,0.67,0.68,14.70,194.0,0.875,16,0.00,-1.41,0,1335.6,1300.6,2,-2.5,8.00,2.09,1.536,271.0,147.2,143.6,18.52,1.68,12.29,203.2,1636,98.50,-0.61,0.000,0.00,0.000,-2.88,16.9,15,0.00,0
69.179,on,-6.25,0.00,3.12,-5.47,14.66,37,-2,10.6,14.50,14.08,-2.33,-2.27,14.70,0.67,0.68,14.70,194.0,0.875,16,0.00,-1.41,0,1277.2,1300.6,2,-2.5,8.00,2.16,1.574,271.0,147.2,143.6,18.67,1.66,12.17,203.2,1647,97.21,-0.72,0.000,0.00,0.000,-3.00,16.9,15,0.00,0
69.266,on,-6.25,0.00,3.12,-5.47,14.66,37,-2,10.2,14.50,14.00,-2.31,-2.31,14.70,0.67,0.68,14.76,194.0,0.875,16,0.00,-1.41,0,1295.9,1300.6,2,-2.5,8.00,2.11,1.530,271.0,147.2,143.6,18.72,1.64,12.19,203.2,1658,95.19,-0.86,0.000,0.00,0.000,-3.17,16.9,15,0.00,0
69.322,on,-6.25,0.00,3.12,-5.47,14.64,37,-2,9.8,14.50,13.76,-2.29,-2.35,14.70,0.67,0.67,14.76,194.0,0.875,16,0.00,-1.41,0,1312.2,1300.6,2,-2.5,8.00,2.10,1.514,271.0,147.2,143.6,18.65,1.68,12.22,203.2,1662,93.31,-0.94,0.000,0.00,0.000,-3.26,16.5,15,0.00,0
69.401,on,-6.25,0.00,3.12,-5.47,14.63,37,-2,9.8,14.50,14.16,-2.39,-2.43,14.70,0.66,0.66,14.76,194.0,0.875,16,0.00,-1.41,0,1335.1,1300.6,2,-2.5,8.50,2.09,1.501,271.0,147.2,143.6,18.51,1.64,12.11,203.3,1673,92.71,-0.93,0.000,0.00,0.000,-3.35,16.5,15,0.00,0
69.476,on,-6.25,0.00,3.12,-5.47,14.62,37,-2,9.8,14.50,13.92,-2.54,-2.46,14.70,0.65,0.65,14.76,194.0,0.875,16,0.00,-1.41,0,1314.3,1300.6,2,-2.5,8.50,2.11,1.507,271.0,147.2,143.6,18.31,1.64,11.97,203.3,1678,91.60,-0.99,0.000,0.00,0.000,-3.45,16.5,15,0.00,0
69.541,on,-6.25,0.00,3.12,-5.47,14.60,37,-2,9.8,14.50,14.16,-2.58,-2.51,14.70,0.63,0.65,14.76,194.0,0.875,16,0.00,-1.41,0,1310.9,1300.6,2,-2.5,8.50,2.08,1.485,270.5,147.2,143.6,18.12,1.64,11.93,203.3,1684,92.48,-0.88,0.000,0.00,0.000,-3.41,16.5,15,0.00,0
69.599,on,-6.25,0.00,3.12,-5.47,14.61,38,-2,9.8,14.50,13.84,-2.54,-2.55,14.71,0.63,0.64,14.76,194.0,0.875,16,0.00,-1.41,0,1294.7,1207.7,2,-2.5,9.00,2.02,1.434,271.5,147.2,143.6,17.97,1.62,11.96,203.3,1692,91.29,-0.94,0.000,0.00,0.000,-3.47,16.5,15,0.00,0
69.679,on,-6.25,0.00,3.12,-5.47,14.62,39,-2,9.4,14.50,14.00,-2.54,-2.58,14.71,0.63,0.63,14.76,194.0,0.875,16,0.00,-1.41,0,1227.8,1207.7,2,-2.5,9.00,2.05,1.450,271.5,147.2,143.6,17.88,1.66,11.97,203.4,1696,87.89,-1.08,0.000,0.00,0.000,-3.65,16.1,15,0.00,0
69.739,on,-6.25,0.00,3.12,-5.47,14.61,40,-2,9.0,14.50,14.08,-2.64,-2.69,14.70,0.62,0.63,14.76,194.0,0.875,16,0.00,-1.41,0,1218.8,1207.7,2,-2.5,9.50,2.01,1.421,271.5,147.2,143.6,17.60,1.60,11.86,203.4,1697,78.76,-1.71,0.000,0.00,0.000,-4.35,15.0,15,0.00,0
69.819,on,-7.03,0.00,3.12,-5.47,14.60,40,-3,9.0,14.50,13.92,-2.91,-2.89,14.70,0.59,0.60,14.76,194.0,0.875,16,0.00,-1.41,0,1217.5,1114.8,2,-2.0,9.50,1.97,1.386,271.5,147.2,143.6,17.05,1.58,11.59,203.4,1705,79.41,-1.49,0.000,0.00,0.000,-4.35,15.0,16,0.00,0
69.895,on,-7.03,0.00,3.12,-5.47,14.58,41,-3,9.0,14.50,14.08,-3.00,-3.02,14.71,0.59,0.60,14.76,194.0,0.875,16,0.00,-1.41,0,1158.0,1114.8,2,-2.0,10.50,2.02,1.405,271.5,147.2,143.6,17.19,1.66,11.51,203.4,1729,78.06,-1.53,0.000,0.00,0.000,-4.50,15.0,16,0.00,0
69.969,on,-7.03,0.00,3.12,-5.47,14.60,41,-3,9.0,14.50,14.00,-3.20,-3.14,14.71,0.58,0.59,14.76,194.0,0.875,16,0.00,-1.41,0,1111.5,1114.8,2,-2.0,11.00,2.00,1.395,271.0,147.2,143.6,16.82,1.58,11.31,203.4,1720,79.91,-1.38,0.000,0.00,0.000,-4.49,15.0,16,0.00,0
70.044,on,-7.03,0.00,3.12,-5.47,14.60,42,-4,9.0,14.50,14.08,-3.19,-3.13,14.71,0.58,0.58,14.76,194.0,0.875,16,0.00,-1.41,0,1147.5,1114.8,2,-2.0,11.00,2.00,1.395,271.0,147.2,143.6,16.74,1.58,11.31,203.3,1720,80.70,-1.14,0.000,0.00,0.000,-4.29,15.4,16,0.00,0
70.101,on,-7.03,0.00,3.12,-5.47,14.58,42,-5,9.0,14.50,14.00,-3.20,-3.15,14.71,0.58,0.58,14.76,194.0,0.875,16,0.00,-1.41,0,1088.8,1114.8,2,-2.0,11.00,2.01,1.389,271.5,147.2,143.6,16.91,1.62,11.30,203.3,1738,80.33,-1.26,0.000,0.00,0.000,-4.40,15.0,16,0.00,0
70.172,on,-7.03,0.00,3.12,-5.47,14.57,42,-6,9.0,14.50,13.92,-3.16,-3.13,14.71,0.58,0.59,14.76,194.0,0.875,16,0.00,-1.41,0,1116.9,1114.8,2,-2.0,11.00,2.04,1.395,271.5,147.2,143.6,17.07,1.66,11.34,203.3,1753,80.00,-1.30,0.000,0.00,0.000,-4.44,15.4,16,0.00,0
70.236,on,-7.03,0.00,3.12,-5.47,14.52,42,-6,8.6,14.50,14.16,-3.22,-3.15,14.71,0.58,0.58,14.76,194.0,0.875,16,0.00,-1.41,0,1107.9,1114.8,2,-2.0,11.00,2.07,1.430,271.5,147.2,143.6,16.82,1.64,11.28,203.3,1737,75.41,-1.50,0.000,0.00,0.000,-4.67,15.0,16,0.00,0
70.302,on,-7.81,0.00,3.12,-5.47,14.48,42,-7,9.0,14.50,13.84,-3.29,-3.22,14.71,0.57,0.57,14.76,194.0,0.875,16,0.00,-1.41,0,1118.0,1114.8,2,-1.5,11.50,2.02,1.398,271.0,147.2,143.6,16.54,1.56,11.22,203.3,1737,77.90,-1.49,0.000,0.00,0.000,-4.69,14.6,16,0.00,0
70.370,on,-7.81,0.00,3.12,-5.47,14.46,42,-7,9.0,14.50,14.00,-3.20,-3.26,14.71,0.56,0.57,14.76,194.0,0.875,16,0.00,-1.41,0,1112.5,1114.8,2,-2.0,12.00,2.03,1.379,270.5,147.2,143.6,16.68,1.62,11.31,203.3,1766,78.10,-1.30,0.000,0.00,0.000,-4.57,15.0,16,0.00,0
70.450,on,-7.81,0.00,3.12,-5.47,14.43,42,-7,9.0,14.50,13.68,-3.24,-3.28,14.71,0.56,0.57,14.76,194.0,0.875,16,0.00,-1.41,0,1083.4,1114.8,2,-2.0,12.00,1.99,1.357,270.5,147.2,143.6,16.60,1.60,11.26,203.3,1762,77.36,-1.32,0.000,0.00,0.000,-4.57,15.0,16,0.00,0
70.510,on,-8.59,0.00,3.12,-5.47,14.45,43,-8,9.0,14.50,14.16,-3.30,-3.27,14.71,0.56,0.56,14.76,194.0,0.875,16,0.00,-1.41,0,1089.3,1114.8,2,-1.5,12.50,1.96,1.341,270.5,147.2,143.6,16.43,1.62,11.20,203.3,1752,80.03,-1.15,0.000,0.00,0.000,-4.42,15.0,16,0.00,0
70.593,on,-5.47,0.00,3.12,-5.47,14.44,43,-8,9.4,14.50,14.00,-3.25,-3.24,14.71,0.56,0.56,14.76,194.0,0.875,16,0.00,-1.41,0,1125.2,1114.8,2,-2.0,12.00,2.05,1.389,271.0,147.2,143.6,16.69,1.62,11.25,203.3,1771,84.59,-0.96,0.000,0.00,0.000,-4.22,15.7,16,0.00,0
70.654,on,-5.47,0.00,3.12,-5.47,14.43,43,-8,9.4,14.50,14.00,-3.09,-3.12,14.71,0.57,0.57,14.76,194.0,0.875,16,0.00,-1.41,0,1114.8,1114.8,2,-2.0,12.50,2.10,1.414,271.0,147.2,143.6,17.07,1.68,11.41,203.3,1786,85.16,-1.00,0.000,0.00,0.000,-4.12,16.1,16,0.00,0
70.710,on,-5.47,0.00,3.12,-5.47,14.41,43,-8,9.4,14.50,14.16,-2.92,-3.00,14.71,0.57,0.58,14.76,194.0,0.875,16,0.00,-1.41,0,1098.8,1114.8,2,-2.0,12.00,2.07,1.395,271.5,147.2,143.6,17.21,1.66,11.58,203.3,1778,85.33,-1.07,0.000,0.00,0.000,-4.10,15.7,16,0.00,0
70.800,on,-6.25,0.00,3.12,-5.47,14.38,44,-9,9.4,14.50,14.00,-2.91,-2.93,14.71,0.57,0.58,14.76,194.0,0.875,16,0.00,-1.41,0,1136.9,1114.8,2,-2.0,11.50,2.09,1.405,271.0,147.2,143.6,17.30,1.64,11.59,203.3,1782,85.24,-1.14,0.000,0.00,0.000,-4.09,15.7,16,0.00,0
70.873,on,-6.25,0.00,3.12,-5.47,14.38,44,-9,9.4,14.50,14.00,-2.99,-2.92,14.71,0.57,0.58,14.76,194.0,0.875,16,0.00,-1.41,0,1119.7,1114.8,2,-2.0,12.00,2.10,1.398,271.5,147.2,143.6,17.33,1.64,11.51,203.3,1798,84.01,-1.18,0.000,0.00,0.000,-4.10,15.7,16,0.00,0
70.921,on,-6.25,0.00,3.12,-5.47,14.39,44,-9,9.4,14.50,14.16,-2.91,-2.95,14.70,0.57,0.58,14.76,194.0,0.875,16,0.00,-1.41,0,1138.3,1114.8,2,-2.0,12.00,2.12,1.408,271.0,147.2,143.6,17.40,1.68,11.59,203.3,1805,82.24,-1.42,0.000,0.00,0.000,-4.36,15.4,16,0.00,0
71.002,on,-6.25,0.00,3.12,-5.47,14.39,44,-9,9.4,14.50,14.08,-2.99,-2.98,14.71,0.57,0.57,14.76,194.0,0.875,16,0.00,-1.41,0,1133.1,1114.8,2,-2.0,12.00,2.04,1.360,271.5,147.2,143.6,17.17,1.66,11.51,203.6,1796,81.58,-1.35,0.000,0.00,0.000,-4.34,15.4,16,0.00,0
71.060,on,-7.03,0.00,3.12,-5.47,14.38,44,-9,9.4,14.50,13.76,-3.04,-3.02,14.71,0.57,0.57,14.76,194.0,0.875,16,0.00,-1.41,0,1119.4,1114.8,2,-2.0,12.00,2.05,1.366,271.5,147.2,143.6,17.16,1.58,11.46,203.6,1799,81.51,-1.32,0.000,0.00,0.000,-4.33,15.4,16,0.00,0
71.143,on,-7.03,0.00,3.12,-5.47,14.42,44,-9,9.0,14.50,13.92,-3.05,-3.06,14.71,0.57,0.57,14.76,194.0,0.875,16,0.00,-1.41,0,1085.6,1114.8,2,-2.0,12.00,2.08,1.379,271.5,147.2,145.4,17.25,1.64,11.45,203.6,1811,80.44,-1.44,0.000,0.00,0.000,-4.49,15.4,16,0.00,0
71.202,on,-7.03,0.00,3.12,-5.47,14.40,44,-9,9.4,14.50,14.08,-3.14,-3.10,14.71,0.57,0.57,14.76,194.0,0.875,16,0.00,-1.41,0,1082.2,1114.8,2,-2.0,12.50,2.06,1.350,271.0,147.2,145.4,17.36,1.60,11.36,203.6,1828,80.89,-1.39,0.000,0.00,0.000,-4.48,15.4,16,0.00,0
71.259,on,-7.03,0.00,3.12,-5.47,14.41,44,-9,9.4,14.50,14.08,-3.15,-3.13,14.71,0.57,0.57,14.76,194.0,0.875,16,0.00,-1.41,0,1118.7,1114.8,2,-2.0,12.00,2.08,1.366,271.0,147.2,145.4,17.33,1.64,11.36,203.4,1823,80.99,-1.39,0.000,0.00,0.000,-4.49,15.4,16,0.00,0
71.339,on,-7.81,0.00,3.12,-5.47,14.37,44,-9,9.4,14.50,13.84,-3.19,-3.16,14.71,0.57,0.57,14.76,194.0,0.875,16,0.00,-1.41,0,1098.6,1114.8,2,-2.0,12.50,2.04,1.341,271.0,147.2,145.4,17.42,1.62,11.31,203.4,1825,81.83,-1.30,0.000,0.00,0.000,-4.44,15.4,16,0.00,0
71.403,on,-7.81,0.00,3.12,-5.47,14.34,44,-9,9.4,14.50,14.08,-3.09,-3.15,14.71,0.57,0.57,14.76,194.0,0.875,16,0.00,-1.41,0,1123.5,1114.8,2,-2.0,12.00,2.07,1.350,271.5,147.2,145.4,17.58,1.68,11.42,203.4,1837,81.55,-1.31,0.000,0.00,0.000,-4.46,15.4,16,0.00,0
71.461,on,-7.81,0.00,3.12,-5.47,14.33,44,-9,9.0,14.50,14.08,-3.22,-3.14,14.71,0.57,0.57,14.76,194.0,0.875,16,0.00,-1.41,0,1096.7,1114.8,2,-2.0,12.50,2.14,1.386,271.5,147.2,145.4,17.67,1.70,11.28,203.4,1851,79.59,-1.50,0.000,0.00,0.000,-4.63,15.4,16,0.00,0
71.532,on,-7.81,0.00,3.12,-5.47,14.32,44,-9,9.4,14.50,14.08,-3.19,-3.17,14.71,0.57,0.57,14.76,194.0,0.875,16,0.00,-1.41,0,1110.2,1114.8,2,-2.0,12.50,2.08,1.350,271.0,147.2,145.4,17.51,1.58,11.31,203.4,1846,81.38,-1.37,0.000,0.00,0.000,-4.51,15.4,17,0.00,0
71.580,on,-8.59,0.00,3.12,-5.47,14.30,44,-9,9.4,14.50,14.00,-3.16,-3.16,14.71,0.56,0.57,14.76,194.0,0.875,16,0.00,-1.41,0,1123.9,1114.8,2,-2.0,13.00,2.10,1.370,271.0,147.2,145.4,17.41,1.62,11.34,203.4,1838,84.84,-1.17,0.000,0.00,0.000,-4.36,15.7,17,0.00,0
71.649,on,-8.59,0.00,3.12,-5.47,14.26,44,-8,10.2,14.50,13.84,-3.08,-3.09,14.71,0.57,0.57,14.76,194.0,0.875,16,0.00,-1.41,0,1104.4,1114.8,2,-2.0,13.00,2.09,1.354,271.5,147.2,145.4,17.68,1.70,11.43,203.4,1853,89.61,-0.82,0.000,0.00,0.000,-3.96,16.5,17,0.00,0
71.729,on,-9.38,0.00,3.12,-5.47,14.27,44,-8,10.2,14.50,14.00,-2.97,-2.97,14.71,0.58,0.58,14.76,194.0,0.875,18,0.00,-1.41,0,1100.2,1114.8,2,-2.5,12.50,2.16,1.386,272.0,147.2,145.4,18.24,1.72,11.54,203.4,1871,89.98,-0.97,0.000,0.00,0.000,-3.95,16.5,17,0.00,0
71.795,on,-9.38,0.00,3.12,-5.47,14.27,44,-9,10.2,14.50,14.16,-2.83,-2.84,14.71,0.58,0.59,14.76,194.0,0.875,18,0.00,-1.41,0,1144.9,1114.8,2,-2.5,11.50,2.09,1.347,271.5,147.2,145.4,18.33,1.70,11.67,203.4,1859,89.86,-1.14,0.000,0.00,0.000,-3.98,16.5,17,0.00,0
71.871,on,-9.38,0.00,3.12,-5.47,14.31,44,-8,10.2,14.50,14.08,-2.74,-2.77,14.71,0.58,0.59,14.76,194.0,0.875,18,0.00,-1.41,0,1122.4,1114.8,2,-2.5,11.50,2.11,1.360,271.5,147.2,145.4,18.42,1.70,11.76,203.4,1862,90.53,-1.15,0.000,0.00,0.000,-3.92,16.5,17,0.00,0
71.930,on,-9.38,0.00,3.12,-5.47,14.38,44,-8,10.2,14.50,13.92,-2.77,-2.75,14.71,0.59,0.60,14.76,194.0,0.875,20,0.00,-1.41,0,1106.1,1114.8,2,-2.5,10.50,2.14,1.366,272.5,147.2,145.4,18.65,1.74,11.73,203.4,1878,90.19,-1.25,0.000,0.00,0.000,-3.98,16.5,17,0.00,0
72.010,on,-9.38,0.00,3.12,-5.47,14.44,44,-7,10.2,14.50,13.92,-2.69,-2.71,14.70,0.59,0.60,14.76,194.0,0.875,20,0.00,-1.41,0,1119.9,1207.7,2,-2.5,11.00,2.18,1.392,272.5,147.2,145.4,18.72,1.66,11.81,203.4,1879,90.54,-1.28,0.000,0.00,0.000,-3.96,16.5,17,0.00,0
72.079,on,-9.38,0.00,3.12,-5.47,14.48,44,-7,10.6,14.50,14.00,-2.62,-2.66,14.71,0.59,0.60,14.76,194.0,0.875,20,0.00,-1.41,0,1114.1,1114.8,2,-2.5,11.00,2.14,1.373,272.5,147.2,145.4,18.70,1.72,11.88,203.4,1875,92.79,-1.14,0.000,0.00,0.000,-3.80,16.9,17,0.00,0
72.159,on,-9.38,0.00,3.12,-5.47,14.53,44,-6,10.6,14.50,14.08,-2.56,-2.59,14.71,0.58,0.59,14.76,194.0,0.875,20,0.00,-1.41,0,1150.0,1114.8,2,-2.5,11.00,2.20,1.395,272.0,147.2,145.4,18.73,1.72,11.95,203.4,1890,92.46,-1.25,0.000,0.00,0.000,-3.85,16.9,17,0.00,0
72.220,on,-9.38,0.00,3.12,-5.47,14.55,44,-6,10.6,14.50,13.92,-2.55,-2.55,14.71,0.58,0.59,14.76,194.0,0.875,20,0.00,-1.41,0,1126.9,1114.8,2,-2.5,12.00,2.15,1.354,272.5,147.2,145.4,18.84,1.70,11.96,203.4,1905,92.54,-1.32,0.000,0.00,0.000,-3.88,16.9,17,0.00,0
72.300,on,-10.16,0.00,3.12,-5.47,14.52,44,-5,10.6,14.50,13.92,-2.59,-2.55,14.71,0.58,0.59,14.76,194.0,0.875,20,0.00,-1.41,0,1103.3,1114.8,2,-2.5,12.00,2.15,1.354,272.0,147.2,145.4,18.74,1.70,11.92,203.4,1905,91.79,-1.33,0.000,0.00,0.000,-3.90,16.5,17,0.00,0
72.365,on,-10.16,0.00,3.12,-5.47,14.57,44,-5,10.6,14.50,14.00,-2.59,-2.58,14.71,0.58,0.59,14.76,194.0,0.875,20,0.00,-1.41,0,1153.6,1114.8,2,-2.5,12.00,2.13,1.344,272.0,147.2,145.4,18.77,1.72,11.92,203.4,1903,91.83,-1.35,0.000,0.00,0.000,-3.92,16.5,17,0.00,0
72.421,on,-10.16,0.00,3.12,-5.47,14.62,44,-5,10.6,14.50,14.00,-2.59,-2.56,14.71,0.58,0.59,14.76,194.0,0.875,20,0.00,-1.41,0,1106.7,1114.8,2,-2.5,12.00,2.15,1.347,272.0,147.2,145.4,18.92,1.74,11.92,203.4,1917,92.25,-1.36,0.000,0.00,0.000,-3.92,16.9,17,0.00,0
72.489,on,-9.38,0.00,3.12,-5.47,14.65,44,-6,10.6,14.50,13.92,-2.56,-2.60,14.71,0.58,0.59,14.76,194.0,0.875,20,0.00,-1.41,0,1107.8,1114.8,2,-2.5,12.00,2.15,1.344,272.0,147.2,145.4,18.99,1.70,11.94,203.4,1922,92.15,-1.35,0.000,0.00,0.000,-3.94,16.5,17,0.00,0
72.543,on,-9.38,0.00,3.12,-5.47,14.70,44,-6,10.6,14.50,14.08,-2.64,-2.59,14.71,0.58,0.59,14.76,194.0,0.875,20,0.00,-1.41,0,1110.5,1114.8,2,-2.5,12.00,2.14,1.328,272.0,147.2,145.4,19.07,1.68,11.87,203.6,1936,90.76,-1.47,0.000,0.00,0.000,-4.06,16.5,17,0.00,0
72.600,on,-9.38,0.00,3.12,-5.47,14.69,44,-6,10.6,14.50,13.92,-2.62,-2.59,14.71,0.58,0.59,14.76,194.0,0.875,20,0.00,-1.41,0,1142.9,1114.8,2,-2.5,12.00,2.16,1.347,272.0,147.2,145.4,18.89,1.70,11.88,203.6,1922,90.69,-1.46,0.000,0.00,0.000,-4.04,16.5,17,0.00,0
72.680,on,-9.38,0.00,3.12,-5.47,14.71,44,-6,10.6,14.50,14.08,-2.70,-2.63,14.71,0.58,0.58,14.76,194.0,0.875,20,0.00,-1.41,0,1114.0,1114.8,2,-2.5,12.00,2.15,1.338,272.0,147.2,147.2,18.84,1.66,11.81,203.6,1931,90.49,-1.46,0.000,0.00,0.000,-4.06,16.5,17,0.00,0
72.739,on,-9.38,0.00,3.12,-5.47,14.71,45,-6,10.6,14.50,13.84,-2.68,-2.62,14.71,0.58,0.59,14.76,194.0,0.875,20,0.00,-1.41,0,1139.4,1114.8,2,-2.5,12.00,2.19,1.350,272.5,145.4,147.2,19.03,1.70,11.83,203.6,1947,90.90,-1.47,0.000,0.00,0.000,-4.08,16.5,17,0.00,0
72.821,on,-9.38,0.00,3.12,-5.47,14.70,45,-6,11.0,14.50,14.00,-2.72,-2.65,14.70,0.58,0.59,14.76,194.0,0.875,20,0.00,-1.41,0,1114.0,1114.8,2,-2.5,12.50,2.12,1.309,272.5,145.4,147.2,18.92,1.68,11.79,203.6,1947,93.48,-1.35,0.000,0.00,0.000,-3.99,16.9,17,0.00,0
72.880,on,-9.38,0.00,3.12,-5.47,14.73,45,-6,12.9,14.50,14.00,-2.46,-2.58,14.71,0.58,0.59,14.76,194.0,0.875,20,0.00,-1.41,0,1126.6,1114.8,2,-2.5,12.00,2.18,1.354,272.0,145.4,147.2,19.01,1.70,12.04,203.6,1935,104.78,-0.54,0.000,0.00,0.000,-3.12,17.7,17,0.00,0
72.959,on,-9.38,0.00,3.12,-5.47,14.75,45,-6,13.3,14.50,13.84,-2.32,-2.40,14.70,0.61,0.62,14.70,194.0,0.875,22,0.00,-1.41,0,1143.0,1207.7,2,-2.5,12.00,2.33,1.427,273.0,145.4,147.2,20.16,1.78,12.18,203.6,1960,105.01,-0.72,0.000,0.00,0.000,-3.12,18.1,17,0.00,0
73.020,on,-3.12,0.00,3.12,-5.47,14.73,45,-6,13.3,14.50,13.92,-2.19,-2.24,14.70,0.62,0.63,14.70,194.0,0.875,24,0.00,-1.41,0,1198.4,1207.7,2,-2.5,11.00,2.29,1.395,274.0,145.4,147.2,20.60,1.74,12.31,203.6,1972,105.15,-0.93,0.000,0.00,0.000,-3.17,18.1,17,0.00,0
73.107,on,-3.12,0.00,3.12,-5.47,14.70,45,-5,13.3,14.50,14.00,-2.13,-2.14,14.70,0.62,0.63,14.76,194.0,0.875,26,0.00,-1.41,0,1232.3,1207.7,2,-2.5,11.50,2.48,1.510,274.0,145.4,147.2,20.80,1.72,12.38,203.6,1973,105.49,-1.04,0.000,0.00,0.000,-3.18,18.1,17,0.00,0
73.180,on,-3.91,0.00,3.12,-5.47,14.64,45,-4,12.9,14.50,13.84,-2.09,-2.05,14.70,0.63,0.63,14.76,194.0,0.875,26,0.00,-1.41,0,1206.2,1207.7,2,-2.5,11.50,2.40,1.459,274.0,145.4,147.2,20.93,1.80,12.42,203.5,1978,103.60,-1.16,0.000,0.00,0.000,-3.24,17.7,17,0.00,0
73.256,on,-3.91,0.00,3.12,-5.47,14.62,44,-4,10.6,14.50,14.00,-2.16,-2.10,14.70,0.62,0.63,14.76,194.0,0.875,28,0.00,-1.41,0,1229.1,1207.7,2,-2.5,11.50,2.37,1.427,274.0,145.4,147.2,20.84,1.78,12.34,203.5,1996,89.89,-2.14,0.000,0.00,0.000,-4.25,17.3,18,0.00,0
73.330,on,-3.91,0.00,3.12,-5.47,14.57,44,-2,0.0,14.50,13.84,-2.56,-2.38,14.71,0.58,0.59,14.76,194.0,0.875,25,0.00,-1.41,0,1213.9,1114.8,2,-2.5,11.50,2.22,1.347,272.5,145.4,147.2,19.27,1.64,11.95,203.5,1975,65.89,-3.43,0.000,0.00,0.000,-5.81,15.0,18,0.00,0
73.394,on,-3.91,0.00,3.12,-5.47,14.54,44,-2,0.0,14.50,14.08,-4.27,-3.11,14.71,0.53,0.53,14.76,194.0,0.875,0,0.00,-1.41,0,1086.3,437.9,2,-2.5,12.50,2.05,1.245,270.0,145.4,147.2,16.83,1.38,10.24,203.5,1979,0.00,-7.26,0.000,0.00,0.000,-10.23,6.3,18,0.00,0
73.444,on,-0.78,0.00,3.12,-5.47,14.55,42,-1,0.0,14.50,13.92,-6.27,-4.68,14.72,0.39,0.40,14.76,194.0,0.875,0,0.00,0.00,0,981.2,437.9,2,-2.5,12.50,1.85,1.114,270.0,145.4,147.2,12.70,1.08,8.23,203.5,1991,0.00,-5.75,0.000,0.00,0.000,-10.25,6.3,18,0.00,0
73.501,on,-0.78,0.00,3.12,-5.47,14.53,25,-1,0.0,14.50,14.00,-7.88,-6.42,14.72,0.31,0.32,14.82,194.0,0.875,0,0.00,0.00,0,893.6,437.9,2,-2.5,14.00,1.55,0.931,270.0,145.4,147.2,10.53,0.96,6.62,203.7,1994,0.00,-4.00,0.000,0.00,0.000,-10.25,6.3,18,0.00,0
73.569,on,0.00,0.00,3.12,-5.47,14.50,18,-1,0.0,14.50,14.00,-8.78,-7.87,14.65,0.27,0.28,14.76,194.0,0.875,0,0.00,0.00,1,824.6,437.9,2,-2.5,14.50,1.44,0.858,270.0,145.4,147.2,9.33,1.06,5.72,203.7,2016,0.00,-2.58,0.000,0.00,0.000,-10.32,6.3,18,0.00,0
73.635,on,0.00,0.00,3.12,-5.47,14.39,0,0,0.0,14.50,13.84,-9.65,-8.97,14.65,0.25,0.25,14.76,194.0,0.875,0,0.00,0.00,1,775.3,437.9,2,-2.5,13.00,1.36,0.822,270.0,145.4,147.2,8.16,1.02,4.85,203.7,1980,0.00,-1.36,0.000,0.00,0.000,-10.23,6.3,18,0.00,0
73.686,on,0.00,0.00,3.12,-5.47,14.25,0,0,0.0,14.50,14.08,-10.23,-9.76,14.65,0.22,0.23,14.93,194.0,0.875,0,0.00,0.00,1,739.1,437.9,2,-2.5,13.00,1.22,0.758,270.0,145.4,147.2,7.29,0.98,4.27,203.7,1934,0.00,-0.48,0.000,0.00,0.000,-10.17,6.3,18,0.00,0
73.741,on,0.00,0.00,3.12,-5.47,14.06,0,1,0.0,14.50,14.08,-10.56,-10.27,14.65,0.21,0.21,15.11,194.0,0.875,0,0.00,0.00,1,699.5,437.9,2,-2.0,13.00,1.15,0.736,270.0,145.4,147.2,6.63,1.02,3.95,203.7,1882,0.00,0.18,0.000,0.00,0.000,-10.09,6.3,18,0.00,0
73.802,on,0.00,0.00,3.12,-5.47,13.86,0,1,0.0,14.50,14.08,-10.87,-10.66,14.65,0.19,0.20,15.17,194.0,0.875,0,0.00,0.00,1,658.4,437.9,2,-1.5,12.50,1.07,0.698,270.0,145.4,147.2,6.18,1.02,3.63,203.7,1832,0.00,0.64,0.000,0.00,0.000,-10.02,6.3,18,0.00,0
73.871,on,0.00,0.00,3.12,-5.47,13.74,0,1,0.0,14.50,13.92,-11.01,-10.88,14.65,0.19,0.20,15.30,194.0,0.875,0,0.00,0.00,1,618.1,437.9,2,-1.5,12.50,1.03,0.698,270.0,145.4,147.2,5.86,1.04,3.49,203.6,1777,0.00,0.92,0.000,0.00,0.000,-9.95,6.7,18,0.00,0
73.926,on,0.00,0.00,3.12,-5.47,13.59,0,1,0.0,14.50,14.00,-11.06,-10.99,14.65,0.19,0.20,15.30,194.0,0.875,0,0.00,0.00,2,581.0,437.9,2,-1.0,12.00,1.02,0.714,270.0,145.4,147.2,5.64,1.02,3.44,203.6,1720,0.00,1.13,0.000,0.00,0.000,-9.87,6.7,18,0.00,0
73.980,on,0.00,0.00,3.12,-5.47,13.48,0,1,0.0,14.50,13.92,-11.06,-11.04,14.65,0.19,0.20,15.36,194.0,0.875,0,0.00,0.00,2,574.5,437.9,2,-0.5,12.00,0.99,0.710,270.0,145.4,147.2,5.48,1.02,3.45,203.6,1672,0.00,1.24,0.000,0.00,0.000,-9.80,6.7,17,0.00,0
74.059,on,0.00,0.00,3.12,-5.47,13.30,0,1,0.0,14.50,14.08,-11.03,-11.06,14.65,0.19,0.20,15.49,194.0,0.875,0,0.00,0.00,2,550.9,437.9,3,0.0,12.00,0.95,0.710,270.0,145.4,147.2,5.27,1.00,3.48,203.6,1599,0.00,1.33,0.000,0.00,0.000,-9.71,6.7,17,0.00,0
74.120,on,0.00,0.00,3.12,-5.47,13.23,0,1,0.0,14.50,13.92,-11.00,-11.03,14.65,0.19,0.20,15.49,194.0,0.875,0,0.00,0.00,2,526.7,437.9,3,0.0,12.00,0.94,0.739,269.0,145.4,147.2,5.09,0.98,3.51,203.6,1525,0.00,1.63,0.000,0.00,0.000,-9.40,7.1,17,0.00,0
74.200,on,0.00,0.00,3.12,-5.47,13.27,0,1,0.0,14.50,13.92,-10.91,-10.96,14.65,0.19,0.21,15.42,194.0,0.875,0,0.00,0.00,2,504.3,437.9,3,0.0,11.50,0.93,0.774,268.0,145.4,147.2,4.90,1.06,3.60,203.7,1433,0.00,1.87,0.000,0.00,0.000,-9.10,7.1,17,0.00,0
74.260,on,0.00,0.00,3.12,-5.47,13.45,0,2,0.0,14.50,14.00,-10.81,-10.85,14.65,0.21,0.21,15.36,194.0,0.875,0,0.00,0.00,2,493.5,437.9,3,0.0,10.50,0.93,0.829,267.0,145.4,147.2,4.73,1.04,3.69,203.7,1350,0.00,2.13,0.000,0.00,0.000,-8.72,7.1,17,0.00,0
74.338,on,0.00,0.00,3.12,-5.47,13.61,0,2,0.0,14.50,13.92,-10.69,-10.75,14.65,0.21,0.22,15.36,194.0,0.875,0,0.00,0.00,3,463.2,437.9,3,0.0,10.00,0.94,0.880,266.0,145.4,147.2,4.62,1.02,3.81,203.7,1277,0.00,2.32,0.000,0.00,0.000,-8.45,7.1,17,0.00,0
74.403,on,0.00,0.00,3.12,-5.47,13.85,0,2,0.0,14.50,14.00,-10.56,-10.62,14.65,0.22,0.23,15.30,194.0,0.875,0,0.00,0.00,3,460.7,437.9,3,0.0,10.50,0.88,0.880,265.0,145.4,147.2,4.58,1.02,3.95,203.7,1206,0.00,2.46,0.000,0.00,0.000,-8.15,7.1,17,0.00,0
74.466,on,0.00,0.00,3.12,-5.47,14.15,0,2,0.0,14.50,13.84,-10.44,-10.48,14.65,0.23,0.24,15.05,194.0,0.875,0,0.00,0.00,3,461.8,437.9,0,0.0,10.00,0.83,0.880,265.0,145.4,147.2,4.59,1.08,4.07,203.7,1131,0.00,2.71,0.000,0.00,0.000,-7.77,7.5,17,0.00,0
74.520,on,0.00,0.00,3.12,-5.47,14.38,0,2,0.0,14.50,13.76,-10.26,-10.31,14.65,0.26,0.26,14.70,194.0,0.875,0,0.00,0.00,0,452.3,437.9,4,0.0,9.50,0.76,0.880,265.0,145.4,147.2,4.48,1.08,4.24,203.7,1030,0.00,3.08,0.000,0.00,0.000,-7.23,7.5,17,0.00,0
74.600,on,0.00,0.00,3.12,-5.47,14.67,0,2,0.0,14.50,13.76,-9.88,-10.03,14.64,0.27,0.28,14.64,194.0,0.875,0,0.00,0.00,0,439.8,437.9,4,0.0,9.00,0.70,0.880,265.0,145.4,147.2,4.51,1.08,4.62,203.7,959,0.00,3.23,0.000,0.00,0.000,-6.85,7.5,17,0.00,0
74.659,on,1.56,0.00,3.12,-5.47,15.17,0,2,0.0,14.50,13.92,-9.58,-9.70,14.62,0.30,0.30,14.82,194.0,0.875,0,0.00,0.00,0,409.6,437.9,5,0.0,8.00,0.99,1.421,265.0,145.4,147.2,4.24,1.14,4.92,203.7,834,0.00,3.52,0.000,0.00,0.000,-6.18,7.9,17,0.00,0
74.737,on,3.12,0.00,3.12,-5.47,15.65,0,2,0.0,14.50,13.76,-9.37,-9.36,14.62,0.32,0.33,14.76,194.0,0.875,0,0.00,0.00,0,388.7,437.9,5,0.0,7.00,0.94,1.421,265.0,145.4,147.2,4.35,1.14,5.14,203.7,795,0.00,3.41,0.000,0.00,0.000,-6.00,7.9,17,0.00,0
74.812,on,3.91,0.00,3.12,-5.47,16.69,0,2,0.0,14.50,13.84,-8.97,-9.03,14.62,0.34,0.35,14.70,194.0,0.875,0,0.00,0.00,0,376.6,437.9,5,0.0,7.50,0.93,1.421,265.0,145.4,147.2,4.59,1.10,5.54,203.7,790,0.00,3.02,0.000,0.00,0.000,-6.00,7.9,17,0.00,0
74.876,on,7.81,0.00,3.12,-5.47,17.52,0,1,0.0,14.50,13.92,-8.66,-8.75,14.62,0.35,0.36,14.64,194.0,0.875,0,0.00,0.00,0,354.4,437.9,5,0.0,7.00,1.14,1.712,265.0,145.4,147.2,4.77,1.10,5.84,203.7,799,0.00,2.78,0.000,0.00,0.000,-6.00,7.5,17,0.00,0
74.947,on,10.16,0.00,3.12,-5.47,18.66,0,1,0.0,14.50,13.84,-8.46,-8.56,14.62,0.35,0.36,14.76,194.0,0.875,0,0.00,0.00,0,363.8,437.9,4,0.0,6.50,1.17,1.712,265.0,145.4,147.2,4.93,1.06,6.05,203.7,823,0.00,2.46,0.000,0.00,0.000,-6.10,7.1,17,0.00,0
75.017,on,12.50,0.00,3.12,-5.47,19.63,0,1,0.0,14.50,13.76,-8.39,-8.47,14.62,0.35,0.36,14.76,194.0,0.875,0,0.00,0.00,0,342.7,437.9,4,0.0,6.50,1.28,1.814,265.0,145.4,147.2,5.07,1.10,6.12,203.7,849,0.00,2.24,0.000,0.00,0.000,-6.24,7.1,16,0.00,0
75.087,on,13.28,0.00,3.12,-5.47,20.01,0,1,0.0,14.50,13.92,-8.40,-8.45,14.63,0.35,0.35,14.70,194.0,0.875,0,0.00,0.00,0,370.0,437.9,4,0.0,7.00,1.33,1.814,265.0,145.4,147.2,5.21,1.04,6.11,203.7,882,0.00,2.04,0.000,0.00,0.000,-6.41,6.7,16,0.00,0
75.163,on,14.84,0.00,3.12,-5.47,20.10,0,1,0.0,14.50,13.68,-8.45,-8.50,14.63,0.34,0.35,14.64,194.0,0.875,0,0.00,0.00,0,354.5,437.9,4,0.0,7.00,1.40,1.834,265.0,145.4,147.2,5.32,1.06,6.05,203.7,915,0.00,1.92,0.000,0.00,0.000,-6.59,6.7,16,0.00,0
75.220,on,14.84,0.00,3.12,-5.47,19.75,0,0,0.0,14.50,13.92,-8.57,-8.59,14.63,0.34,0.34,14.64,194.0,0.875,0,0.00,0.00,0,378.3,437.9,4,0.0,7.50,1.38,1.747,265.0,145.4,147.2,5.41,1.00,5.93,203.7,949,0.00,1.80,0.000,0.00,0.000,-6.80,6.7,16,0.00,0
75.297,on,14.06,0.00,3.12,-5.47,19.29,0,0,0.0,14.50,13.92,-8.79,-8.76,14.64,0.32,0.33,14.59,194.0,0.875,0,0.00,0.00,0,378.0,437.9,4,0.0,8.00,1.44,1.747,265.0,145.4,147.2,5.45,1.02,5.71,203.7,988,0.00,1.76,0.000,0.00,0.000,-6.95,6.3,16,0.00,0
75.371,on,14.06,0.00,3.12,-5.47,19.03,0,0,0.0,14.50,13.84,-8.96,-8.94,14.65,0.31,0.32,14.47,194.0,0.875,0,0.00,0.00,0,368.6,437.9,0,0.0,8.50,1.41,1.661,265.0,145.4,147.2,5.48,0.98,5.54,203.7,1019,0.00,1.79,0.000,0.00,0.000,-7.15,6.3,16,0.00,0
75.430,on,13.28,0.00,3.12,-5.47,18.45,0,0,0.0,14.50,13.92,-9.22,-9.15,14.65,0.31,0.31,14.53,194.0,0.875,0,0.00,0.00,0,374.9,437.9,3,0.0,7.50,1.45,1.661,265.0,145.4,147.2,5.44,0.94,5.28,203.8,1047,0.00,1.82,0.000,0.00,0.000,-7.28,6.3,16,0.00,0
75.511,on,11.72,0.00,3.12,-5.47,18.09,0,0,0.0,14.50,13.76,-9.38,-9.34,14.65,0.30,0.30,14.70,194.0,0.875,0,0.00,0.00,0,397.2,437.9,3,0.0,9.00,1.39,1.571,265.0,145.4,147.2,5.36,0.90,5.12,203.8,1064,0.00,1.94,0.000,0.00,0.000,-7.40,6.3,15,0.00,0
75.576,on,11.72,0.00,3.12,-5.47,17.55,0,-1,0.0,14.50,13.84,-9.57,-9.51,14.65,0.28,0.29,14.70,194.0,0.875,0,0.00,0.00,0,401.6,437.9,3,0.0,8.50,1.32,1.466,265.0,147.2,145.4,5.25,0.92,4.93,203.8,1078,0.00,2.02,0.000,0.00,0.000,-7.46,6.3,15,0.00,0
75.646,on,10.94,0.00,3.12,-5.47,17.28,0,-1,0.0,14.50,13.84,-9.70,-9.67,14.65,0.27,0.28,14.70,194.0,0.875,0,0.00,0.00,0,409.6,437.9,3,0.0,9.50,1.33,1.466,265.0,147.2,145.4,5.13,0.94,4.80,203.8,1086,0.00,2.14,0.000,0.00,0.000,-7.52,6.3,15,0.00,0
75.711,on,10.16,0.00,3.12,-5.47,16.77,0,-1,0.0,14.50,13.76,-9.84,-9.80,14.65,0.27,0.28,14.70,194.0,0.875,0,0.00,0.00,0,404.1,437.9,3,0.0,9.50,1.25,1.376,265.0,147.2,145.4,4.98,0.94,4.67,203.8,1088,0.00,2.24,0.000,0.00,0.000,-7.53,6.3,14,0.00,0
75.796,on,9.38,0.00,3.12,-5.47,16.37,0,-1,0.0,14.50,13.76,-9.94,-9.92,14.65,0.26,0.27,14.70,194.0,0.875,0,0.00,0.00,0,413.6,437.9,3,0.0,9.50,1.25,1.376,265.0,147.2,145.4,4.83,0.94,4.57,203.8,1088,0.00,2.38,0.000,0.00,0.000,-7.54,6.3,14,0.00,0
75.855,on,7.81,0.00,3.12,-5.47,16.00,0,-1,0.0,14.50,13.60,-10.06,-10.02,14.65,0.26,0.26,14.70,194.0,0.875,0,0.00,0.00,0,404.9,437.9,3,0.0,10.00,1.15,1.267,265.0,147.2,145.4,4.68,0.88,4.45,203.8,1085,0.00,2.47,0.000,0.00,0.000,-7.52,6.3,14,0.00,0
75.927,on,7.81,0.00,3.12,-5.47,15.66,0,-1,0.0,14.50,13.84,-10.10,-10.10,14.65,0.25,0.25,14.70,194.0,0.875,0,0.00,0.00,0,397.3,437.9,3,0.0,9.50,1.08,1.206,265.0,147.2,145.4,4.54,0.90,4.40,203.8,1078,0.00,2.62,0.000,0.00,0.000,-7.48,6.3,14,0.00,0
75.995,on,7.03,0.00,3.12,-5.47,15.38,0,-1,0.0,14.50,13.84,-10.17,-10.15,14.65,0.25,0.25,14.70,194.0,0.875,0,0.00,0.00,0,397.2,437.9,3,0.0,9.50,1.07,1.206,265.0,147.2,145.4,4.39,0.90,4.34,203.8,1068,0.00,2.69,0.000,0.00,0.000,-7.45,5.9,14,0.00,0
76.062,on,6.25,0.00,3.12,-5.47,15.20,0,-1,0.0,14.50,13.84,-10.17,-10.19,14.65,0.23,0.24,14.70,194.0,0.875,0,0.00,0.00,0,397.3,437.9,3,0.0,9.50,1.04,1.181,265.0,147.2,145.4,4.28,0.94,4.34,203.8,1057,0.00,2.81,0.000,0.00,0.000,-7.38,5.9,13,0.00,0
76.120,on,6.25,0.00,3.12,-5.47,15.02,0,-1,0.0,14.50,13.92,-10.17,-10.20,14.65,0.23,0.24,14.70,194.0,0.875,0,0.00,0.00,0,408.7,437.9,3,0.0,9.50,1.03,1.181,265.0,147.2,145.4,4.18,0.90,4.33,203.8,1047,0.00,2.88,0.000,0.00,0.000,-7.32,5.9,13,0.00,0
76.202,on,5.47,0.00,3.12,-5.47,14.85,0,-1,0.0,14.50,13.84,-10.22,-10.22,14.65,0.23,0.24,14.53,194.0,0.875,0,0.00,0.00,0,397.1,437.9,3,0.0,9.50,0.99,1.152,265.0,147.2,145.4,4.05,0.90,4.28,203.8,1029,0.00,2.97,0.000,0.00,0.000,-7.24,5.9,12,0.00,0
76.263,on,4.69,0.00,3.12,-5.47,14.69,0,-1,0.0,14.50,13.76,-10.22,-10.23,14.65,0.23,0.23,14.53,194.0,0.875,0,0.00,0.00,0,391.4,437.9,3,0.0,9.50,0.95,1.123,265.0,147.2,145.4,3.95,0.94,4.28,203.8,1013,0.00,3.08,0.000,0.00,0.000,-7.15,5.9,12,0.00,0
76.321,on,4.69,0.00,3.12,-5.47,14.67,0,-1,0.0,14.50,13.52,-10.21,-10.24,14.65,0.22,0.23,14.53,194.0,0.875,0,0.00,0.00,0,398.1,437.9,3,0.0,9.50,0.93,1.123,265.0,147.2,145.4,3.86,0.90,4.30,203.8,998,0.00,3.17,0.000,0.00,0.000,-7.07,5.9,12,0.00,0
76.403,on,4.69,0.00,3.12,-5.47,14.61,0,-1,0.0,14.50,13.76,-10.21,-10.24,14.64,0.22,0.23,14.70,194.0,0.875,0,0.00,0.00,0,390.7,437.9,3,0.0,9.00,0.89,1.094,265.0,147.2,145.4,3.76,0.92,4.29,203.7,974,0.00,3.27,0.000,0.00,0.000,-6.96,5.9,12,0.00,0
76.462,on,4.69,0.00,3.12,-5.47,14.59,0,-1,0.0,14.50,13.84,-10.21,-10.22,14.64,0.22,0.23,14.70,194.0,0.875,0,0.00,0.00,0,380.3,437.9,3,0.0,9.00,0.87,1.094,265.0,147.2,145.4,3.69,0.94,4.30,203.7,956,0.00,3.34,0.000,0.00,0.000,-6.87,5.9,11,0.00,0
76.520,on,3.91,0.00,3.12,-5.47,14.55,0,-1,0.0,14.50,13.84,-10.14,-10.19,14.63,0.22,0.23,14.87,194.0,0.875,0,0.00,0.00,0,388.3,437.9,3,0.0,9.00,0.89,1.130,265.0,147.2,145.4,3.62,0.92,4.36,203.7,942,0.00,3.43,0.000,0.00,0.000,-6.76,6.3,11,0.00,0
76.601,on,3.91,0.00,3.12,-5.47,14.53,0,-1,0.0,14.50,13.76,-10.11,-10.14,14.63,0.23,0.23,14.87,194.0,0.875,0,0.00,0.00,0,372.6,437.9,3,0.0,8.50,0.86,1.130,265.0,147.2,145.4,3.54,0.90,4.40,203.7,916,0.00,3.50,0.000,0.00,0.000,-6.65,6.3,11,0.00,0
76.660,on,3.91,0.00,3.12,-5.47,14.53,0,-1,0.0,14.50,13.84,-10.04,-10.09,14.63,0.23,0.24,14.82,194.0,0.875,0,0.00,0.00,0,374.2,437.9,3,0.0,8.00,0.83,1.120,265.0,147.2,145.4,3.50,0.92,4.46,203.7,891,0.00,3.55,0.000,0.00,0.000,-6.54,6.3,11,0.00,0
76.742,on,3.91,0.00,3.12,-5.47,14.53,0,-1,0.0,14.50,13.68,-9.97,-10.02,14.63,0.23,0.24,14.99,194.0,0.875,0,0.00,0.00,0,367.1,437.9,3,0.0,7.50,0.81,1.120,265.0,147.2,145.4,3.40,0.92,4.53,203.7,869,0.00,3.62,0.000,0.00,0.000,-6.41,6.3,10,0.00,0
76.800,on,3.91,0.00,3.12,-5.47,14.53,0,-1,0.0,14.50,13.76,-9.89,-9.92,14.62,0.23,0.24,15.17,194.0,0.875,0,0.00,0.00,0,373.0,437.9,3,0.0,8.00,0.81,1.149,265.0,147.2,145.4,3.38,0.94,4.62,203.7,842,0.00,3.66,0.000,0.00,0.000,-6.27,6.3,10,0.00,0
76.879,on,3.91,0.00,3.12,-5.47,14.55,0,-1,0.0,14.50,13.84,-9.77,-9.82,14.62,0.23,0.24,15.17,194.0,0.875,0,0.00,0.00,0,363.2,437.9,3,0.0,8.00,0.78,1.149,265.0,147.2,145.4,3.30,0.94,4.74,203.7,816,0.00,3.70,0.000,0.00,0.000,-6.14,6.3,9,0.00,0
76.940,on,3.91,0.00,3.12,-5.47,14.57,0,-1,0.0,14.50,13.68,-9.66,-9.71,14.62,0.25,0.25,15.24,194.0,0.875,0,0.00,0.00,0,377.3,437.9,3,0.0,7.00,0.77,1.155,265.0,147.2,145.4,3.28,1.00,4.84,203.7,799,0.00,3.72,0.000,0.00,0.000,-6.00,6.3,9,0.00,0
77.022,on,3.91,0.00,3.12,-5.47,14.60,0,-1,0.0,14.50,13.68,-9.61,-9.60,14.62,0.25,0.26,15.11,194.0,0.875,0,0.00,0.00,0,377.7,437.9,3,0.0,7.00,0.74,1.155,265.0,147.2,145.4,3.29,1.00,4.90,203.7,771,0.00,3.64,0.000,0.00,0.000,-6.00,6.7,9,0.00,0
77.082,on,3.91,0.00,3.12,-5.47,14.62,0,-1,0.0,14.50,13.84,-9.45,-9.46,14.62,0.27,0.27,14.93,194.0,0.875,0,0.00,0.00,0,366.3,437.9,3,0.0,7.00,0.80,1.293,265.0,147.2,145.4,3.36,1.02,5.05,203.7,738,0.00,3.48,0.000,0.00,0.000,-6.00,6.7,9,0.00,0
77.151,on,4.69,0.00,3.12,-5.47,14.65,0,-1,0.0,14.50,13.68,-9.21,-9.28,14.62,0.28,0.29,14.87,194.0,0.875,0,0.00,0.00,0,362.7,437.9,3,0.0,8.50,0.78,1.293,265.0,147.2,145.4,3.48,1.02,5.29,203.7,724,0.00,3.32,0.000,0.00,0.000,-6.00,7.1,8,0.00,0
77.205,on,4.69,0.00,3.12,-5.47,14.69,0,-1,0.0,14.50,13.76,-9.07,-9.10,14.62,0.30,0.31,14.76,194.0,0.875,0,0.00,0.00,0,364.1,437.9,3,0.0,8.50,0.76,1.293,265.0,147.2,145.4,3.62,1.06,5.44,203.7,705,0.00,3.13,0.000,0.00,0.000,-6.00,7.1,8,0.00,0
77.261,on,4.69,0.00,3.12,-5.47,14.70,0,-1,0.0,14.50,13.76,-8.91,-8.87,14.62,0.32,0.32,14.76,194.0,0.875,0,0.00,0.00,0,393.8,437.9,3,0.0,10.50,0.91,1.565,265.0,147.2,145.4,3.79,1.06,5.59,203.7,699,0.00,2.91,0.000,0.00,0.000,-6.00,7.5,8,0.00,0
77.329,on,4.69,0.00,3.12,-5.47,14.73,0,-1,0.0,14.50,13.60,-8.55,-8.64,14.62,0.34,0.34,14.59,194.0,0.875,0,0.00,0.00,0,383.6,437.9,3,0.0,11.00,0.91,1.565,265.0,147.2,145.4,3.95,1.10,5.96,203.7,696,0.00,2.65,0.000,0.00,0.000,-6.00,7.5,8,0.00,0
77.391,on,4.69,0.00,3.12,-5.47,14.74,0,-1,0.0,14.50,13.68,-8.39,-8.41,14.62,0.34,0.35,14.59,194.0,0.875,0,0.00,0.00,0,393.5,437.9,2,0.0,11.00,0.91,1.565,265.0,147.2,145.4,4.06,1.10,6.12,203.7,699,0.00,2.45,0.000,0.00,0.000,-6.00,7.5,7,0.00,0
77.445,on,4.69,0.00,3.12,-5.47,14.82,0,-1,0.0,14.50,13.68,-8.10,-8.20,14.62,0.35,0.35,14.53,194.0,0.875,0,0.00,0.00,0,381.3,437.9,2,0.0,10.50,0.99,1.680,265.0,147.2,145.4,4.19,1.16,6.41,203.7,709,0.00,2.23,0.000,0.00,0.000,-6.00,7.5,7,0.00,0
77.500,on,5.47,0.00,3.12,-5.47,14.88,0,-1,0.0,14.50,13.84,-7.97,-8.04,14.62,0.35,0.35,14.53,194.0,0.875,0,0.00,0.00,0,388.9,437.9,2,0.0,10.50,1.02,1.680,265.0,147.2,145.4,4.31,1.14,6.53,203.7,729,0.00,2.06,0.000,0.00,0.000,-6.00,7.1,7,0.00,0
77.570,on,5.47,0.00,3.12,-5.47,14.95,0,-1,0.0,14.50,13.68,-7.85,-7.93,14.62,0.35,0.35,14.53,194.0,0.875,0,0.00,0.00,0,368.8,437.9,2,0.0,11.00,1.04,1.654,265.0,147.2,145.4,4.41,1.10,6.66,203.7,752,0.00,1.94,0.000,0.00,0.000,-6.00,7.1,7,0.00,0
77.649,on,5.47,0.00,3.12,-5.47,15.01,0,-1,0.0,14.50,13.76,-7.86,-7.91,14.62,0.34,0.34,14.70,194.0,0.875,0,0.00,0.00,0,362.5,437.9,2,0.0,11.00,1.07,1.654,265.0,147.2,145.4,4.45,1.08,6.65,203.7,776,0.00,1.88,0.000,0.00,0.000,-6.00,6.7,7,0.00,0
77.710,on,6.25,0.00,3.12,-5.47,15.13,0,-1,0.0,14.50,13.68,-7.95,-7.98,14.62,0.32,0.33,14.82,194.0,0.875,0,0.00,0.00,0,376.5,437.9,2,0.0,8.50,1.02,1.504,265.0,147.2,145.4,4.51,1.02,6.56,203.7,811,0.00,1.89,0.000,0.00,0.000,-6.06,6.3,7,0.00,0
77.789,on,7.03,0.00,3.12,-5.47,15.19,0,-1,0.0,14.50,13.68,-8.04,-8.08,14.62,0.32,0.33,14.82,194.0,0.875,0,0.00,0.00,0,375.7,437.9,2,0.0,7.00,1.05,1.504,265.0,147.2,145.4,4.61,1.02,6.46,203.7,834,0.00,1.88,0.000,0.00,0.000,-6.18,6.3,7,0.00,0
77.843,on,7.03,0.00,3.12,-5.47,15.29,0,-1,0.0,14.50,13.84,-8.19,-8.20,14.63,0.32,0.33,14.76,194.0,0.875,0,0.00,0.00,0,395.3,437.9,2,0.0,7.00,1.08,1.504,265.0,147.2,145.4,4.71,1.02,6.31,203.7,858,0.00,1.91,0.000,0.00,0.000,-6.29,6.3,7,0.00,0
77.900,on,7.03,0.00,3.12,-5.47,15.38,0,-1,0.0,14.50,13.84,-8.33,-8.33,14.63,0.32,0.32,14.76,194.0,0.875,0,0.00,0.00,0,374.9,437.9,2,0.0,7.50,1.11,1.526,265.0,147.2,145.4,4.75,1.00,6.18,203.7,872,0.00,1.96,0.000,0.00,0.000,-6.35,6.3,7,0.00,0
77.982,on,7.81,0.00,3.12,-5.47,15.40,0,-1,0.0,14.50,13.68,-8.47,-8.46,14.63,0.31,0.32,14.76,194.0,0.875,0,0.00,0.00,0,386.8,437.9,2,0.0,7.50,1.15,1.526,265.0,147.2,145.4,4.85,1.02,6.03,203.6,901,0.00,1.93,0.000,0.00,0.000,-6.47,6.3,6,0.00,0
78.047,on,8.59,0.00,3.12,-5.47,15.48,0,-1,0.0,14.50,13.68,-8.59,-8.59,14.63,0.31,0.32,14.64,194.0,0.875,0,0.00,0.00,0,386.4,437.9,2,0.0,8.00,1.19,1.546,265.0,147.2,145.4,4.89,1.06,5.91,203.6,921,0.00,1.95,0.000,0.00,0.000,-6.63,6.3,6,0.00,0
78.106,on,8.59,0.00,3.12,-5.47,15.55,0,-1,0.0,14.50,13.76,-8.73,-8.71,14.63,0.31,0.31,14.64,194.0,0.875,0,0.00,0.00,0,399.3,437.9,2,0.0,8.00,1.22,1.546,265.0,147.2,145.4,4.98,1.04,5.77,203.6,947,0.00,1.94,0.000,0.00,0.000,-6.76,6.3,6,0.00,0
78.160,on,9.38,0.00,3.12,-5.47,15.66,0,-1,0.0,14.50,13.68,-8.85,-8.85,14.64,0.30,0.31,14.59,194.0,0.875,0,0.00,0.00,0,390.2,437.9,2,0.0,8.50,1.21,1.501,265.0,147.2,145.4,5.01,1.02,5.66,203.6,965,0.00,1.98,0.000,0.00,0.000,-6.85,6.3,6,0.00,0
78.243,on,9.38,0.00,3.12,-5.47,15.72,0,-1,0.0,14.50,13.68,-9.00,-8.99,14.64,0.30,0.31,14.59,194.0,0.875,0,0.00,0.00,0,414.1,437.9,1,0.0,7.00,1.24,1.501,265.0,147.2,145.4,5.07,1.04,5.50,203.6,993,0.00,1.99,0.000,0.00,0.000,-6.97,6.3,6,0.00,0
78.325,on,10.16,0.00,3.12,-5.47,15.76,0,-1,0.0,14.50,13.68,-9.22,-9.17,14.65,0.30,0.30,14.47,194.0,0.875,0,0.00,0.00,0,382.6,437.9,1,0.0,8.50,1.24,1.478,265.0,147.2,145.4,5.04,0.98,5.28,203.6,1008,0.00,2.02,0.000,0.00,0.000,-7.11,6.3,6,0.00,0
78.370,on,10.16,0.00,3.12,-5.47,15.74,0,-1,0.0,14.50,13.76,-9.34,-9.31,14.65,0.28,0.29,14.53,194.0,0.875,0,0.00,0.00,0,397.2,437.9,1,0.0,8.50,1.23,1.430,265.0,147.2,145.4,5.05,0.98,5.16,203.6,1028,0.00,2.07,0.000,0.00,0.000,-7.20,6.3,6,0.00,0
78.440,on,10.16,0.00,3.12,-5.47,15.64,0,-1,0.0,14.50,13.60,-9.47,-9.46,14.65,0.28,0.29,14.53,194.0,0.875,0,0.00,0.00,0,418.6,437.9,1,0.0,9.00,1.24,1.430,265.0,147.2,145.4,5.00,0.98,5.03,203.6,1041,0.00,2.16,0.000,0.00,0.000,-7.29,6.3,6,0.00,0
78.526,on,10.16,0.00,3.12,-5.47,15.62,0,-2,0.0,14.50,13.52,-9.62,-9.60,14.65,0.27,0.28,14.53,194.0,0.875,0,0.00,0.00,0,406.4,437.9,1,0.0,9.00,1.21,1.386,265.0,147.2,145.4,4.94,0.98,4.88,203.6,1051,0.00,2.22,0.000,0.00,0.000,-7.33,6.3,6,0.00,0
78.592,on,10.16,0.00,3.12,-5.47,15.44,0,-2,0.0,14.50,13.68,-9.71,-9.70,14.65,0.27,0.28,14.70,194.0,0.875,0,0.00,0.00,0,428.9,437.9,1,0.0,9.00,1.22,1.386,265.0,147.2,145.4,4.87,1.02,4.80,203.6,1055,0.00,2.34,0.000,0.00,0.000,-7.36,6.3,5,0.00,0
78.672,on,10.16,0.00,3.12,-5.47,15.30,0,-2,0.0,14.50,13.60,-9.83,-9.80,14.65,0.27,0.27,14.70,194.0,0.875,0,0.00,0.00,0,427.1,437.9,1,0.0,9.00,1.18,1.338,265.0,147.2,145.4,4.80,0.98,4.68,203.6,1057,0.00,2.40,0.000,0.00,0.000,-7.37,6.3,5,0.00,0
78.740,on,9.38,0.00,3.12,-5.47,15.02,0,-1,0.0,14.50,13.76,-9.85,-9.87,14.65,0.26,0.27,14.70,194.0,0.875,0,0.00,0.00,0,415.5,437.9,1,0.0,9.00,1.11,1.261,265.0,147.2,145.4,4.69,1.00,4.65,203.6,1054,0.00,2.49,0.000,0.00,0.000,-7.37,6.3,5,0.00,0
78.821,on,8.59,0.00,3.12,-5.47,14.82,0,-1,0.0,14.50,13.76,-9.91,-9.90,14.65,0.26,0.26,14.70,194.0,0.875,0,0.00,0.00,0,430.0,437.9,1,0.0,9.00,1.10,1.251,265.0,147.2,145.4,4.63,1.02,4.60,203.6,1054,0.00,2.55,0.000,0.00,0.000,-7.35,6.3,5,0.00,0
78.892,on,7.81,0.00,3.12,-5.47,14.67,0,-1,0.0,14.50,13.76,-9.93,-9.94,14.65,0.26,0.26,14.70,194.0,0.875,0,0.00,0.00,0,426.4,437.9,1,0.0,9.00,1.09,1.251,265.0,147.2,145.4,4.57,1.02,4.57,203.6,1049,0.00,2.59,0.000,0.00,0.000,-7.34,6.3,5,0.00,0
78.946,on,7.81,0.00,3.12,-5.47,14.57,0,-1,0.0,14.50,13.76,-9.94,-9.96,14.65,0.26,0.26,14.53,194.0,0.875,0,0.00,0.00,0,406.0,437.9,1,0.0,9.00,1.08,1.238,265.0,147.2,145.4,4.52,1.04,4.56,203.6,1045,0.00,2.63,0.000,0.00,0.000,-7.33,6.3,4,0.00,0
79.000,on,7.03,0.00,3.12,-5.47,14.47,0,-1,0.0,14.50,13.76,-9.95,-9.97,14.65,0.26,0.26,14.53,194.0,0.875,0,0.00,0.00,0,420.6,437.9,1,0.0,-2.00,1.05,1.238,265.0,147.2,145.4,4.39,1.04,4.55,203.6,1021,0.00,2.78,0.000,0.00,0.000,-7.20,6.3,4,0.00,0
79.070,on,7.03,0.00,3.12,-5.47,14.40,0,-1,0.0,14.50,13.76,-9.97,-9.97,14.64,0.25,0.26,14.59,194.0,0.875,0,0.00,0.00,0,424.9,437.9,1,0.0,-2.00,1.03,1.238,265.0,147.2,145.4,4.26,1.02,4.54,203.6,994,0.00,2.92,0.000,0.00,0.000,-7.06,6.3,4,0.00,0
79.149,on,7.03,0.00,3.12,-5.47,14.37,0,-1,0.0,14.50,13.76,-9.94,-9.97,14.64,0.25,0.26,14.64,194.0,0.875,0,0.00,0.00,0,399.5,437.9,1,0.0,-2.50,1.00,1.238,265.0,147.2,145.4,4.16,1.04,4.56,203.6,966,0.00,3.08,0.000,0.00,0.000,-6.89,6.3,4,0.00,0
79.210,on,6.25,0.00,3.12,-5.47,14.32,0,-1,0.0,14.50,13.68,-9.89,-9.94,14.63,0.26,0.26,14.70,194.0,0.875,0,0.00,0.00,0,400.7,437.9,1,0.0,-1.50,0.96,1.248,265.0,147.2,145.4,4.04,1.00,4.62,203.6,925,0.00,3.22,0.000,0.00,0.000,-6.72,6.7,4,0.00,0
79.293,on,6.25,0.00,3.12,-5.47,14.27,0,-1,0.0,14.50,13.68,-9.84,-9.86,14.63,0.26,0.27,14.70,194.0,0.875,0,0.00,0.00,0,400.1,437.9,1,0.0,-0.50,0.94,1.248,265.0,147.2,145.4,4.00,1.02,4.67,203.5,902,0.00,3.29,0.000,0.00,0.000,-6.58,6.7,4,0.00,0
79.354,on,6.25,0.00,3.12,-5.47,14.29,0,-1,5.1,14.50,13.60,-9.74,-9.77,14.63,0.26,0.27,14.82,194.0,0.875,0,0.00,0.00,0,397.0,437.9,1,0.0,0.00,0.94,1.293,265.0,147.2,145.4,3.97,0.94,4.76,203.5,877,42.12,4.24,0.000,0.00,0.000,-5.56,6.7,4,0.00,0
79.411,on,6.25,0.00,3.12,-5.47,14.28,0,-1,12.9,14.50,13.60,-9.54,-9.56,14.63,0.28,0.29,14.82,194.0,0.875,0,0.00,0.00,0,379.5,504.3,1,0.0,5.50,0.93,1.293,265.0,147.2,145.4,4.17,1.12,4.96,203.5,863,83.64,6.86,0.000,0.00,0.000,-2.81,11.4,4,0.00,0
79.470,on,6.25,0.00,3.12,-5.47,14.27,0,-1,14.5,14.50,13.68,-8.65,-8.98,14.63,0.32,0.33,14.76,194.0,0.875,0,0.00,0.00,0,440.5,583.9,1,0.0,9.00,1.15,1.613,265.0,147.2,145.4,4.83,1.36,5.85,203.5,859,86.28,6.60,0.000,0.00,0.000,-2.58,11.4,4,0.00,0
79.551,on,6.25,0.00,3.12,-5.47,14.28,0,-1,16.1,14.50,13.60,-7.55,-8.04,14.63,0.39,0.39,14.64,194.0,0.875,0,0.00,0.00,0,485.3,650.3,1,0.0,10.00,1.17,1.613,265.0,147.2,145.4,5.74,1.48,6.96,203.5,870,89.24,5.69,0.000,0.00,0.000,-2.47,11.8,4,0.00,0
79.615,on,5.47,0.00,3.12,-5.47,14.30,0,-2,17.3,14.50,13.76,-6.22,-7.01,14.63,0.44,0.44,14.59,194.0,0.875,0,0.00,0.00,0,611.6,822.8,1,0.0,-1.50,1.31,1.734,265.0,147.2,145.4,6.75,1.52,8.28,203.5,904,93.28,4.71,0.000,0.00,0.000,-2.29,12.2,4,0.00,0
79.670,on,5.47,0.00,3.12,-5.47,14.30,0,-2,17.6,14.50,13.68,-5.81,-6.32,14.63,0.47,0.48,14.53,194.0,0.875,3,0.00,0.00,0,712.7,822.8,1,0.0,-1.00,1.34,1.734,265.0,147.2,145.4,7.44,1.50,8.70,203.5,930,95.59,4.12,0.000,0.00,0.000,-2.20,12.2,4,0.00,0
79.753,on,6.25,0.00,3.12,-5.47,14.38,0,-5,17.6,14.50,13.60,-4.82,-5.47,14.64,0.50,0.51,14.47,194.0,0.875,3,0.00,0.00,0,836.5,915.7,1,0.0,-1.00,1.41,1.709,265.0,147.2,145.4,8.60,1.46,9.68,203.5,990,100.15,3.59,0.000,0.00,0.000,-2.03,14.6,4,0.00,0
79.814,on,6.25,0.00,3.12,-5.47,14.59,0,-9,17.6,14.50,13.52,-4.08,-4.65,14.68,0.56,0.56,14.59,194.0,0.875,5,0.00,-1.41,0,1023.2,1114.8,1,-1.5,8.00,1.49,1.709,265.0,147.2,145.4,10.01,1.60,10.43,203.5,1049,104.08,2.84,0.000,0.00,0.000,-1.81,15.4,4,0.00,0
79.871,on,6.25,0.00,3.12,-5.47,14.85,0,-10,17.6,14.50,13.76,-3.76,-3.98,14.68,0.59,0.60,14.70,194.0,0.875,7,0.00,-1.41,0,1036.5,1114.8,1,-2.5,5.50,1.57,1.722,265.0,147.2,145.4,11.11,1.60,10.75,203.5,1097,107.26,2.35,0.000,0.00,0.000,-1.63,15.7,4,0.00,0
79.930,on,8.59,0.00,3.12,-5.47,15.33,2,-14,17.6,14.50,13.68,-2.98,-3.34,14.65,0.65,0.65,14.70,194.0,0.875,9,0.00,-1.41,0,1120.8,1300.6,1,-4.0,3.00,1.79,1.862,265.0,147.2,145.4,12.52,1.68,11.52,203.5,1153,110.75,1.92,0.000,0.00,0.000,-1.43,16.9,4,0.00,0
80.000,on,10.94,0.00,3.12,-5.47,16.00,4,-15,17.3,14.50,13.52,-2.61,-2.82,14.65,0.67,0.69,14.70,194.0,0.875,11,0.00,-1.41,0,1261.5,1300.6,1,-4.0,2.00,1.87,1.862,265.0,147.2,145.4,13.85,1.66,11.89,203.5,1203,113.70,1.62,0.000,0.00,0.000,-1.27,18.1,4,0.00,0
80.070,on,12.50,0.00,3.12,-5.47,16.18,7,-15,17.3,14.50,13.52,-2.20,-2.37,14.60,0.71,0.72,14.64,194.0,0.875,11,0.00,-1.41,0,1282.0,1393.4,1,-4.0,2.00,2.06,1.965,266.0,147.2,145.4,15.32,1.72,12.30,203.5,1260,116.05,1.20,0.000,0.00,0.000,-1.17,18.5,4,0.00,0
80.152,on,12.50,0.00,3.12,-5.47,15.99,14,-13,16.9,14.50,13.44,-1.93,-2.08,14.60,0.74,0.74,14.64,194.0,0.875,13,0.00,-1.41,0,1374.2,1393.4,1,-3.5,3.50,2.27,2.048,267.0,147.2,145.4,16.50,1.68,12.58,203.5,1332,118.40,1.01,0.000,0.00,0.000,-1.12,19.3,4,0.00,0
80.212,on,12.50,2.34,3.12,-5.47,15.43,16,-10,14.9,14.50,13.68,-1.85,-1.93,14.33,0.75,0.75,14.36,194.0,0.875,13,0.00,-1.41,0,1330.5,1393.4,1,-3.5,4.00,2.49,2.112,268.0,145.4,145.4,17.75,1.66,12.65,203.5,1417,115.55,0.53,0.000,0.00,0.000,-1.40,19.7,4,0.00,0
80.283,on,11.72,2.34,3.12,-5.47,14.96,16,-9,11.0,14.50,13.60,-2.02,-1.97,14.33,0.74,0.75,14.36,194.0,0.875,13,0.00,-1.41,0,1336.7,1393.4,1,-3.0,5.50,2.64,2.112,268.5,145.4,145.4,18.67,1.72,12.48,203.5,1501,99.79,-0.60,0.000,0.00,0.000,-2.57,18.1,4,0.00,0
80.344,on,10.16,2.34,3.12,-5.47,14.59,17,-5,4.7,14.50,13.52,-3.45,-2.57,14.34,0.69,0.69,14.36,194.0,0.875,13,0.00,-1.41,0,1402.1,1340.4,1,-2.5,7.00,2.70,2.003,270.5,147.2,145.4,18.43,1.54,11.05,203.5,1616,34.75,-4.62,0.000,0.00,0.000,-7.01,10.6,4,0.00,0
80.400,on,9.38,2.34,3.12,-5.47,14.27,20,-2,3.9,14.50,13.52,-4.82,-3.71,14.35,0.56,0.56,14.36,194.0,0.875,13,0.00,-1.41,0,1347.9,1114.8,1,-1.5,11.50,2.48,1.766,270.5,145.4,145.4,15.41,1.14,9.68,203.5,1688,28.81,-4.39,0.000,0.00,0.000,-7.83,8.7,5,0.00,0
80.482,on,8.59,2.34,3.12,-5.47,14.16,23,0,4.3,14.50,13.60,-5.78,-5.05,14.35,0.47,0.47,14.36,194.0,0.875,13,0.00,-1.41,0,1181.9,822.8,1,-1.0,15.50,2.03,1.392,270.0,147.2,145.4,13.63,1.10,8.73,203.5,1749,30.91,-2.74,0.000,0.00,0.000,-7.78,9.1,5,0.00,0
80.540,on,8.59,2.34,3.12,-5.47,14.04,29,-1,5.5,14.50,13.52,-6.51,-6.01,14.35,0.43,0.43,14.36,194.0,0.875,10,0.00,-1.41,0,1062.6,729.9,1,-1.0,18.00,1.97,1.347,270.0,147.2,145.4,12.43,1.24,7.99,203.7,1753,36.50,-1.62,0.000,0.00,0.000,-7.46,9.4,5,0.00,0
80.619,on,7.81,2.34,3.12,-5.47,13.97,28,-5,6.3,14.50,13.52,-6.94,-6.64,14.35,0.41,0.41,14.36,194.0,0.875,7,0.00,-1.41,0,975.5,729.9,1,-1.0,19.00,1.92,1.341,270.0,147.2,145.4,11.83,1.36,7.57,203.7,1719,45.24,-0.11,0.000,0.00,0.000,-6.75,10.6,5,0.00,0
80.684,on,7.03,2.34,3.12,-5.47,13.90,27,-12,6.3,14.50,13.60,-7.10,-6.96,14.35,0.41,0.42,14.36,194.0,0.875,7,0.00,-1.41,0,924.5,729.9,1,-0.5,18.50,1.91,1.379,270.0,147.2,143.6,11.70,1.42,7.41,203.7,1660,45.65,0.26,0.000,0.00,0.000,-6.65,10.6,6,0.00,0
80.741,on,7.03,2.34,3.12,-5.47,13.84,27,-15,6.3,14.50,13.60,-7.05,-7.04,14.35,0.43,0.43,14.36,194.0,0.875,7,0.00,-1.41,0,883.2,729.9,1,0.0,18.00,1.85,1.379,270.0,145.4,143.6,11.44,1.42,7.46,203.7,1605,45.20,0.49,0.000,0.00,0.000,-6.53,10.6,6,0.00,0
80.803,on,6.25,2.34,3.12,-5.47,13.71,28,-19,6.3,14.50,13.68,-7.05,-7.03,14.35,0.43,0.43,14.42,194.0,0.875,7,0.00,-1.41,0,848.5,729.9,1,0.0,18.50,1.80,1.405,269.5,147.2,143.6,10.93,1.40,7.45,203.7,1539,45.24,0.61,0.000,0.00,0.000,-6.42,10.6,6,0.00,0
80.863,on,5.47,2.34,3.12,-5.47,13.57,29,-21,5.9,14.50,13.68,-7.00,-6.98,14.35,0.43,0.43,14.47,194.0,0.875,7,0.00,-1.41,0,823.8,729.9,1,0.0,19.00,1.73,1.405,268.5,147.2,143.6,10.49,1.40,7.51,203.5,1477,44.34,0.69,0.000,0.00,0.000,-6.30,10.2,6,0.00,0
80.922,on,4.69,2.34,3.12,-5.47,13.42,29,-21,5.9,14.50,13.68,-6.87,-6.93,14.35,0.43,0.43,14.47,194.0,0.875,7,0.00,-1.41,0,792.5,729.9,1,0.0,18.50,1.74,1.469,268.0,145.4,143.6,10.06,1.34,7.63,203.5,1419,43.43,0.75,0.000,0.00,0.000,-6.17,9.8,6,0.00,0
80.981,on,3.91,2.34,3.12,-5.47,13.24,30,-21,5.9,14.50,13.52,-6.79,-6.85,14.35,0.43,0.43,14.53,194.0,0.875,7,0.00,-1.41,0,755.9,729.9,1,0.0,18.50,1.65,1.459,267.0,147.2,143.6,9.59,1.34,7.71,203.5,1357,42.43,0.85,0.000,0.00,0.000,-6.00,9.8,6,0.00,0
81.062,on,2.34,2.34,3.12,-5.47,13.03,30,-20,5.9,14.50,13.76,-6.71,-6.78,14.35,0.43,0.43,14.53,194.0,0.875,4,0.00,-1.41,0,725.6,729.9,1,0.0,18.50,1.53,1.414,266.5,147.2,143.6,9.16,1.30,7.79,203.5,1299,43.19,0.97,0.000,0.00,0.000,-5.80,9.8,6,0.00,0
81.126,on,0.00,0.00,3.12,-5.47,12.90,30,-19,6.3,14.50,13.44,-6.65,-6.71,14.65,0.43,0.43,14.93,194.0,0.875,4,0.00,-1.41,0,713.3,729.9,1,0.0,17.50,1.47,1.414,265.5,147.2,143.6,8.81,1.30,7.86,203.5,1246,48.34,1.30,0.000,0.00,0.000,-5.41,10.2,6,0.00,0
81.181,on,-0.78,0.00,3.12,-5.47,12.79,30,-19,7.1,14.50,13.68,-6.59,-6.60,14.70,0.43,0.43,14.93,194.0,0.875,4,0.00,-1.41,0,714.3,729.9,1,0.0,17.50,1.46,1.421,265.5,147.2,143.6,8.84,1.32,7.92,203.5,1229,57.14,1.83,0.000,0.00,0.000,-4.80,10.6,6,0.00,0
81.257,on,-1.56,0.00,3.12,-5.47,12.72,30,-17,7.5,14.50,13.60,-6.28,-6.35,14.70,0.44,0.45,14.93,194.0,0.875,4,0.00,-1.41,0,697.7,822.8,1,0.0,17.00,1.55,1.469,265.5,147.2,143.6,9.46,1.38,8.23,203.5,1263,63.29,1.90,0.000,0.00,0.000,-4.45,11.4,6,0.00,0
81.333,on,-1.56,0.00,3.12,-5.47,12.70,29,-16,7.8,14.50,13.76,-5.94,-6.05,14.70,0.47,0.47,14.87,194.0,0.875,4,0.00,-1.41,0,798.6,822.8,1,0.0,15.50,1.62,1.469,266.5,147.2,143.6,10.37,1.42,8.56,203.5,1322,66.61,1.72,0.000,0.00,0.000,-4.36,11.8,6,0.00,0
81.393,on,-1.56,0.00,3.12,-5.47,12.74,29,-15,7.8,14.50,13.60,-5.59,-5.75,14.70,0.48,0.49,14.82,194.0,0.875,6,0.00,-1.41,0,803.3,915.7,1,0.0,14.50,1.64,1.434,267.0,147.2,143.6,11.17,1.44,8.91,203.5,1370,70.83,1.56,0.000,0.00,0.000,-4.23,12.2,6,0.00,0
81.462,on,-2.34,0.00,3.12,-5.47,12.83,30,-15,8.2,14.50,13.76,-5.49,-5.56,14.70,0.49,0.50,14.76,194.0,0.875,6,0.00,-1.41,0,854.4,915.7,1,0.0,14.00,1.64,1.434,267.5,147.2,143.6,11.49,1.50,9.02,203.5,1376,71.66,1.38,0.000,0.00,0.000,-4.18,12.6,6,0.00,0
81.512,on,-2.34,0.00,3.12,-5.47,12.93,30,-14,7.8,14.50,13.36,-5.14,-5.33,14.70,0.50,0.51,14.76,194.0,0.875,6,0.00,-1.41,0,873.6,915.7,1,0.0,13.00,1.66,1.443,267.5,147.2,143.6,11.80,1.54,9.36,203.5,1376,69.96,1.03,0.000,0.00,0.000,-4.29,12.2,6,0.00,0
81.581,on,-1.56,0.00,3.12,-5.47,13.03,31,-14,7.8,14.50,13.60,-5.04,-5.11,14.70,0.52,0.52,14.70,194.0,0.875,8,0.00,-1.41,0,920.4,915.7,1,0.0,12.50,1.66,1.443,267.0,145.4,143.6,11.99,1.46,9.46,203.5,1382,69.95,0.82,0.000,0.00,0.000,-4.30,12.2,7,0.00,0
81.661,on,-1.56,0.00,3.12,-5.47,13.20,33,-13,7.8,14.50,13.76,-4.79,-4.91,14.70,0.52,0.52,14.70,194.0,0.875,8,0.00,-1.41,0,971.6,1021.9,1,-0.5,12.00,1.74,1.494,267.5,147.2,143.6,12.22,1.44,9.72,203.5,1396,69.91,0.58,0.000,0.00,0.000,-4.34,12.6,7,0.00,0
81.723,on,-1.56,0.00,3.12,-5.47,13.37,34,-13,7.8,14.50,13.52,-4.75,-4.78,14.70,0.52,0.52,14.70,194.0,0.875,8,0.00,-1.41,0,984.1,1021.9,1,-0.5,12.00,1.71,1.450,267.5,147.2,143.6,12.43,1.46,9.75,203.5,1413,70.69,0.45,0.000,0.00,0.000,-4.33,12.6,7,0.00,0
81.781,on,-0.78,0.00,3.12,-5.47,13.59,36,-12,7.8,14.50,13.60,-4.58,-4.66,14.70,0.52,0.53,14.70,194.0,0.875,8,0.00,-1.41,0,1017.8,1021.9,1,-0.5,12.00,1.78,1.494,268.0,147.2,143.6,12.66,1.48,9.92,203.5,1433,69.81,0.20,0.000,0.00,0.000,-4.49,12.6,7,0.00,0
81.866,on,0.00,0.00,3.12,-5.47,13.74,37,-12,7.8,14.50,13.68,-4.52,-4.61,14.70,0.52,0.53,14.70,194.0,0.875,8,0.00,-1.41,0,1005.1,1021.9,1,-0.5,12.00,1.79,1.469,268.0,147.2,143.6,12.97,1.50,9.98,203.6,1462,68.84,0.04,0.000,0.00,0.000,-4.57,12.6,7,0.00,0
81.943,on,0.00,0.00,3.12,-5.47,13.88,38,-12,7.8,14.50,13.68,-4.53,-4.56,14.70,0.53,0.53,14.70,194.0,0.875,8,0.00,-1.41,0,1012.0,1021.9,1,-0.5,12.00,1.80,1.450,268.5,147.2,143.6,13.16,1.46,9.97,203.6,1487,67.94,-0.12,0.000,0.00,0.000,-4.69,12.6,7,0.00,0
82.003,on,0.00,0.00,3.12,-5.47,13.94,39,-11,7.8,14.50,13.60,-4.55,-4.54,14.70,0.52,0.53,14.70,194.0,0.875,8,0.00,-1.41,0,1023.0,1021.9,1,-0.5,12.50,1.81,1.443,268.5,145.4,143.6,13.29,1.48,9.95,203.6,1504,66.20,-0.22,0.000,0.00,0.000,-4.78,12.6,7,0.00,0
82.062,on,0.00,0.00,3.12,-5.47,14.00,39,-11,7.8,14.50,13.60,-4.58,-4.57,14.70,0.52,0.53,14.70,194.0,0.875,8,0.00,-1.41,0,1021.9,1021.9,1,-0.5,12.50,1.83,1.443,269.0,145.4,143.6,13.40,1.50,9.92,203.6,1521,66.16,-0.30,0.000,0.00,0.000,-4.88,12.6,7,0.00,0
82.123,on,-0.78,0.00,3.12,-5.47,14.06,40,-11,7.5,14.50,13.52,-4.61,-4.62,14.70,0.52,0.52,14.70,194.0,0.875,10,0.00,-1.41,0,979.4,1021.9,1,-0.5,13.50,1.84,1.430,269.0,147.2,143.6,13.46,1.44,9.90,203.6,1543,61.94,-0.53,0.000,0.00,0.000,-5.16,12.2,7,0.00,0
82.183,on,-0.78,0.00,3.12,-5.47,14.05,40,-11,7.5,14.50,13.60,-4.69,-4.70,14.70,0.50,0.52,14.70,194.0,0.875,10,0.00,-1.41,0,992.2,915.7,1,0.0,14.00,1.86,1.424,269.5,145.4,141.8,13.43,1.42,9.82,203.6,1565,61.09,-0.66,0.000,0.00,0.000,-5.34,12.2,7,0.00,0
82.250,on,-0.78,0.00,3.12,-5.47,14.05,40,-11,7.5,14.50,13.36,-4.82,-4.76,14.70,0.50,0.51,14.76,194.0,0.875,10,0.00,-1.41,0,950.7,915.7,1,0.0,15.00,1.89,1.427,269.5,147.2,141.8,13.43,1.46,9.68,203.6,1586,61.88,-0.60,0.000,0.00,0.000,-5.34,12.6,8,0.00,0
82.311,on,-0.78,0.00,3.12,-5.47,14.04,41,-11,7.1,14.50,13.68,-4.73,-4.77,14.70,0.50,0.51,14.76,194.0,0.875,10,0.00,-1.41,0,951.1,915.7,1,0.0,15.00,1.90,1.427,270.0,147.2,141.8,13.50,1.50,9.77,203.6,1599,60.18,-0.75,0.000,0.00,0.000,-5.49,12.2,8,0.00,0
82.373,on,-1.56,0.00,3.12,-5.47,14.06,40,-11,7.1,14.50,13.68,-4.83,-4.84,14.70,0.49,0.50,14.70,194.0,0.875,10,0.00,-1.41,0,937.5,915.7,1,-0.5,15.50,1.88,1.405,270.0,145.4,141.8,13.43,1.44,9.67,203.6,1610,59.96,-0.68,0.000,0.00,0.000,-5.51,12.2,8,0.00,0
82.422,on,-1.56,0.00,3.12,-5.47,14.08,40,-11,7.1,14.50,13.68,-4.91,-4.88,14.70,0.49,0.49,14.70,194.0,0.875,10,0.00,-1.41,0,906.3,915.7,1,-0.5,15.50,1.91,1.414,270.0,147.2,141.8,13.33,1.48,9.59,203.6,1617,58.20,-0.71,0.000,0.00,0.000,-5.60,12.2,8,0.00,0
82.491,on,-2.34,0.00,3.12,-5.47,14.09,40,-11,6.7,14.50,13.68,-5.02,-5.00,14.70,0.48,0.49,14.70,194.0,0.875,10,0.00,-1.41,0,920.2,915.7,1,-0.5,16.00,1.92,1.414,270.0,145.4,141.8,13.19,1.46,9.48,203.6,1628,52.96,-1.05,0.000,0.00,0.000,-6.05,11.4,8,0.00,0
82.573,on,-3.12,0.00,3.12,-5.47,14.10,40,-12,6.7,14.50,13.60,-5.24,-5.20,14.70,0.47,0.47,14.70,194.0,0.875,10,0.00,-1.41,0,895.9,822.8,1,-0.5,17.00,1.79,1.302,270.0,147.2,141.8,12.96,1.42,9.27,203.6,1650,51.70,-1.00,0.000,0.00,0.000,-6.16,11.4,8,0.00,0
82.635,on,-3.12,0.00,3.12,-5.47,14.10,40,-12,7.1,14.50,13.68,-5.51,-5.38,14.70,0.45,0.46,14.70,194.0,0.875,10,0.00,-1.41,0,859.8,822.8,1,-0.5,17.00,1.85,1.322,270.0,147.2,141.8,12.91,1.46,8.99,203.6,1681,54.31,-0.67,0.000,0.00,0.000,-6.05,11.8,8,0.00,0
82.692,on,-3.91,0.00,3.12,-5.47,14.07,40,-13,7.5,14.50,13.44,-5.57,-5.47,14.70,0.45,0.46,14.70,194.0,0.875,10,0.00,-1.41,0,855.0,822.8,1,-1.0,17.50,1.90,1.341,270.0,147.2,141.8,13.05,1.46,8.94,203.6,1700,59.75,-0.25,0.000,0.00,0.000,-5.71,12.2,9,0.00,0
82.751,on,-3.91,0.00,3.12,-5.47,14.10,40,-14,7.8,14.50,13.68,-5.46,-5.45,14.70,0.47,0.47,14.70,194.0,0.875,10,0.00,-1.41,0,833.7,822.8,1,-1.0,17.50,1.97,1.382,270.0,147.2,141.8,13.37,1.54,9.04,203.6,1712,66.10,0.16,0.000,0.00,0.000,-5.29,12.6,9,0.00,0
82.832,on,-3.91,0.00,3.12,-5.47,14.13,40,-15,8.6,14.50,13.52,-5.22,-5.28,14.70,0.48,0.49,14.70,194.0,0.875,10,0.00,-1.41,0,823.4,915.7,1,-1.0,16.50,2.08,1.443,270.0,147.2,141.8,14.05,1.54,9.28,203.7,1727,74.14,0.50,0.000,0.00,0.000,-4.82,14.2,9,0.00,0
82.890,on,-4.69,0.00,3.12,-5.47,14.10,39,-16,10.2,14.50,13.68,-4.78,-4.90,14.70,0.52,0.52,14.70,194.0,0.875,10,0.00,-1.41,0,880.3,915.7,1,-1.0,15.50,2.17,1.488,270.0,147.2,141.8,15.26,1.68,9.72,203.7,1749,91.18,1.26,0.000,0.00,0.000,-3.64,16.1,9,0.00,0
82.970,on,-4.69,0.00,3.12,-5.47,14.07,40,-16,12.9,14.50,13.60,-4.06,-4.32,14.70,0.57,0.57,14.70,194.0,0.875,12,0.00,-1.41,0,948.9,1114.8,1,-2.0,12.50,2.30,1.555,271.0,147.2,141.8,16.93,1.78,10.44,203.7,1778,105.33,1.56,0.000,0.00,0.000,-2.86,17.3,9,0.00,0
83.031,on,-5.47,0.00,3.12,-5.47,14.05,40,-16,14.1,14.50,13.52,-3.41,-3.75,14.70,0.59,0.60,14.70,194.0,0.875,12,0.00,-1.41,0,1024.0,1207.7,1,-2.5,11.50,2.35,1.552,271.5,145.4,141.8,18.25,1.76,11.10,203.7,1816,112.30,1.57,0.000,0.00,0.000,-2.31,18.1,9,0.00,0
83.083,on,-5.47,0.00,3.12,-5.47,14.06,41,-15,14.1,14.50,13.76,-2.98,-3.22,14.69,0.62,0.63,14.70,194.0,0.875,14,0.00,-1.41,0,1127.8,1207.7,1,-2.5,9.50,2.43,1.574,273.0,147.2,141.8,19.55,1.80,11.52,203.6,1851,112.35,0.94,0.000,0.00,0.000,-2.37,18.5,9,0.00,0
83.151,on,-5.47,0.00,3.12,-5.47,14.16,41,-13,14.1,14.50,13.60,-2.77,-2.94,14.69,0.65,0.65,14.70,194.0,0.875,18,0.00,-1.41,0,1215.4,1300.6,1,-2.5,9.50,2.46,1.574,273.5,147.2,141.8,20.35,1.86,11.73,203.6,1875,111.80,0.48,0.000,0.00,0.000,-2.50,18.5,9,0.00,0
83.201,on,-5.47,0.00,3.12,-5.47,14.24,41,-9,14.1,14.50,13.52,-2.58,-2.69,14.69,0.65,0.66,14.70,194.0,0.875,20,0.00,-1.41,0,1246.2,1300.6,1,-2.5,9.50,2.54,1.610,274.0,145.4,141.8,20.70,1.80,11.93,203.6,1894,112.29,0.21,0.000,0.00,0.000,-2.53,18.5,9,0.00,0
83.281,on,-5.47,0.00,3.12,-5.47,14.37,41,-7,14.1,14.50,13.60,-2.47,-2.52,14.69,0.65,0.66,14.70,194.0,0.875,24,0.00,-1.41,0,1259.9,1300.6,1,-2.5,9.50,2.53,1.581,274.0,145.4,141.8,21.28,1.82,12.04,203.6,1923,112.01,-0.07,0.000,0.00,0.000,-2.60,18.5,9,0.00,0
83.341,on,-5.47,0.00,3.12,-5.47,14.49,41,-2,14.1,14.50,13.52,-2.30,-2.40,14.69,0.66,0.66,14.70,194.0,0.875,26,0.00,-1.41,0,1262.5,1300.6,1,-2.5,10.00,2.53,1.546,275.0,147.2,141.8,21.76,1.78,12.21,203.6,1961,111.45,-0.29,0.000,0.00,0.000,-2.70,18.9,10,0.00,0
83.420,on,-5.47,0.00,3.12,-5.47,14.50,41,1,14.1,14.50,13.52,-2.35,-2.31,14.68,0.65,0.66,14.70,194.0,0.875,26,0.00,-1.41,0,1351.2,1300.6,1,-2.5,10.50,2.57,1.536,275.0,147.2,141.8,21.96,1.74,12.15,203.8,2005,110.53,-0.56,0.000,0.00,0.000,-2.87,18.9,10,0.00,0
83.482,on,-5.47,0.00,3.12,-5.47,14.49,41,1,14.1,14.50,13.60,-2.40,-2.34,14.68,0.63,0.65,14.70,194.0,0.875,28,0.00,-1.41,0,1348.9,1300.6,1,-2.5,11.00,2.52,1.485,274.5,145.4,141.8,21.96,1.74,12.11,203.8,2039,109.21,-0.71,0.000,0.00,0.000,-3.02,18.5,10,0.00,0
83.559,on,-5.47,0.00,3.12,-5.47,14.52,41,1,14.1,14.50,13.28,-2.26,-2.39,14.68,0.63,0.64,14.70,194.0,0.875,28,0.00,-1.41,0,1386.7,1300.6,1,-2.5,12.00,2.53,1.466,275.0,145.4,141.8,22.17,1.76,12.24,203.8,2072,109.71,-0.70,0.000,0.00,0.000,-3.09,18.9,10,0.00,0
83.613,on,-5.47,0.00,3.12,-5.47,14.50,41,1,14.5,14.50,13.60,-2.45,-2.38,14.68,0.63,0.64,14.70,194.0,0.875,28,0.00,-1.41,0,1378.8,1207.7,1,-2.5,12.00,2.46,1.408,275.0,145.4,141.8,22.32,1.80,12.05,203.8,2093,110.86,-0.63,0.000,0.00,0.000,-3.02,18.9,11,0.00,0
83.680,on,-5.47,0.00,3.12,-5.47,14.54,41,0,14.5,14.50,13.60,-2.40,-2.38,14.68,0.63,0.64,14.70,194.0,0.875,28,0.00,-1.41,0,1303.9,1207.7,1,-2.5,12.00,2.60,1.466,275.0,147.2,141.8,22.77,1.82,12.11,203.8,2132,110.50,-0.73,0.000,0.00,0.000,-3.11,18.9,11,0.00,0
83.756,on,-5.47,0.00,3.12,-5.47,14.60,41,-1,14.5,14.50,13.36,-2.46,-2.40,14.67,0.63,0.65,14.70,194.0,0.875,28,0.00,-1.41,0,1352.2,1300.6,1,-2.5,13.00,2.61,1.434,276.5,147.2,141.8,23.49,1.84,12.04,203.8,2184,109.16,-0.84,0.000,0.00,0.000,-3.25,18.9,11,0.00,0
83.811,on,-5.47,0.00,3.12,-5.47,14.56,42,-2,14.5,14.50,13.44,-2.43,-2.43,14.67,0.63,0.64,14.70,194.0,0.875,30,0.00,-1.41,0,1334.3,1300.6,1,-2.5,13.00,2.70,1.466,277.0,147.2,143.6,23.58,1.86,12.08,203.8,2209,107.61,-1.03,0.000,0.00,0.000,-3.47,18.9,11,0.00,0
83.891,on,-5.47,0.00,3.12,-5.47,14.56,42,-3,14.1,14.50,13.68,-2.51,-2.44,14.67,0.63,0.64,14.70,194.0,0.875,30,0.00,-1.41,0,1321.5,1207.7,1,-2.5,13.50,2.69,1.437,276.0,147.2,143.6,23.94,1.84,11.99,203.8,2244,106.79,-1.12,0.000,0.00,0.000,-3.58,18.9,11,0.00,0
83.951,on,-5.47,0.00,3.12,-5.47,14.54,42,-3,14.1,14.50,13.68,-2.62,-2.47,14.66,0.63,0.64,14.70,194.0,0.875,30,0.00,-1.41,0,1270.8,1207.7,1,-2.5,14.00,2.84,1.504,276.0,147.2,143.6,24.14,1.84,11.88,203.8,2267,105.76,-1.28,0.000,0.00,0.000,-3.75,18.9,11,0.00,0
84.030,on,-5.47,0.00,3.12,-5.47,14.53,42,-3,14.1,14.50,13.36,-2.55,-2.47,14.66,0.63,0.64,14.70,194.0,0.875,30,0.00,-1.41,0,1256.1,1300.6,1,-2.5,14.00,2.83,1.482,278.0,147.2,143.6,24.55,1.86,11.95,203.8,2296,103.70,-1.41,0.000,0.00,0.000,-3.85,18.9,11,0.00,0
84.091,on,-5.47,0.00,3.12,-5.47,14.53,42,-4,13.7,14.50,13.28,-2.57,-2.51,14.66,0.63,0.63,14.70,194.0,0.875,30,0.00,-1.41,0,1285.9,1207.7,1,-2.5,14.50,2.80,1.434,276.5,147.2,143.6,24.78,1.86,11.94,204.0,2346,102.39,-1.56,0.000,0.00,0.000,-4.08,18.9,12,0.00,0
84.171,on,-6.25,0.00,3.12,-5.47,14.48,42,-4,13.7,14.50,13.76,-2.74,-2.58,14.65,0.62,0.63,14.70,194.0,0.875,30,0.00,-1.41,0,1243.2,1207.7,1,-2.5,15.00,2.94,1.475,276.5,147.2,143.6,25.14,1.82,11.77,204.0,2391,99.62,-1.81,0.000,0.00,0.000,-4.33,18.5,12,0.00,0
84.236,on,-6.25,0.00,3.12,-5.47,14.42,42,-4,13.3,14.50,13.60,-2.82,-2.65,14.65,0.61,0.62,14.70,194.0,0.875,30,0.00,-1.41,0,1241.3,1207.7,1,-2.5,15.00,2.93,1.450,276.5,147.2,145.4,24.88,1.82,11.69,204.0,2426,97.43,-1.90,0.000,0.00,0.000,-4.55,18.5,12,0.00,0
84.291,on,-7.03,0.00,3.12,-5.47,14.36,42,-5,13.3,14.50,13.44,-2.63,-2.66,14.65,0.59,0.60,14.70,194.0,0.875,30,0.00,-1.41,0,1264.7,1207.7,1,-2.5,14.00,2.90,1.424,276.0,147.2,145.4,24.59,1.80,11.88,204.0,2447,97.03,-1.89,0.000,0.00,0.000,-4.56,18.5,12,0.00,0
84.375,on,-7.03,0.00,3.12,-5.47,14.36,42,-6,13.3,14.50,13.68,-2.67,-2.68,14.64,0.59,0.60,14.64,194.0,0.875,30,0.00,0.00,0,1197.5,1114.8,1,-2.5,16.00,2.89,1.395,275.0,145.4,145.4,24.80,1.82,11.83,203.7,2485,96.68,-1.84,0.000,0.00,0.000,-4.55,18.5,12,0.00,0
84.453,on,-7.03,0.00,3.12,-5.47,14.39,41,-7,13.3,14.50,13.68,-3.07,-2.84,14.64,0.58,0.59,14.64,194.0,0.875,27,0.00,0.00,0,1135.5,1114.8,1,-2.5,16.00,3.00,1.424,274.5,147.2,145.4,24.72,1.84,11.43,203.7,2526,95.93,-1.79,0.000,0.00,0.000,-4.57,18.5,12,0.00,0
84.502,on,-7.03,0.00,3.12,-5.47,14.40,40,-9,13.3,14.50,13.60,-3.15,-2.91,14.64,0.57,0.58,14.64,194.0,0.875,27,0.00,0.00,0,1129.6,1114.8,1,-2.5,16.00,2.98,1.402,273.5,147.2,145.4,24.66,1.84,11.36,203.7,2552,95.84,-1.70,0.000,0.00,0.000,-4.55,18.5,12,0.00,0
84.586,on,-7.81,0.00,3.12,-5.47,14.42,39,-11,13.3,14.50,13.76,-3.22,-3.01,14.64,0.57,0.57,14.64,194.0,0.875,27,0.00,0.00,0,1113.1,1114.8,1,-2.5,16.50,2.94,1.363,273.5,147.2,147.2,24.68,1.80,11.29,203.7,2588,94.76,-1.60,0.000,0.00,0.000,-4.60,18.5,12,0.00,0
84.644,on,-7.81,0.00,3.12,-5.47,14.48,38,-12,13.7,14.50,13.76,-3.31,-3.07,14.64,0.57,0.57,14.64,194.0,0.875,24,0.00,0.00,0,1086.5,1114.8,1,-2.5,16.00,3.04,1.395,274.0,147.2,147.2,24.86,1.86,11.19,203.7,2615,95.05,-1.52,0.000,0.00,0.000,-4.55,18.5,13,0.00,0
84.702,on,-7.03,0.00,3.12,-5.47,14.56,37,-13,13.7,14.50,13.44,-3.19,-3.16,14.64,0.57,0.57,14.64,194.0,0.875,24,0.00,0.00,0,1088.7,1114.8,1,-2.5,16.00,3.09,1.402,274.0,147.2,147.2,25.17,1.86,11.32,203.9,2645,94.90,-1.37,0.000,0.00,0.000,-4.53,18.5,13,0.00,0
84.771,on,-7.03,0.00,3.12,-5.47,14.63,36,-14,13.7,14.50,13.44,-3.19,-3.25,14.64,0.57,0.57,14.64,194.0,0.875,24,0.00,0.00,0,1109.1,1114.8,1,-2.5,16.00,3.18,1.424,274.0,147.2,147.2,25.46,1.88,11.32,203.9,2684,94.59,-1.26,0.000,0.00,0.000,-4.52,18.5,13,0.00,0
84.853,on,-7.03,0.00,3.12,-5.47,14.68,35,-14,13.7,14.50,13.68,-3.48,-3.35,14.64,0.56,0.57,14.64,194.0,0.875,24,0.00,0.00,0,1063.0,1114.8,1,-2.5,15.50,3.22,1.421,273.0,147.2,147.2,25.86,1.96,11.02,203.9,2721,95.09,-1.17,0.000,0.00,0.000,-4.48,18.9,14,0.00,0
84.911,on,-7.03,0.00,3.12,-5.47,14.67,34,-15,14.1,14.50,13.60,-3.50,-3.33,14.64,0.57,0.57,14.64,194.0,0.875,24,0.00,0.00,0,1075.2,1114.8,1,-2.5,15.50,3.24,1.414,274.0,147.2,147.2,26.17,1.86,11.01,203.9,2748,95.40,-1.10,0.000,0.00,0.000,-4.40,18.9,14,0.00,0
84.994,on,-7.03,0.00,3.12,-5.47,14.69,33,-15,13.7,14.50,13.68,-3.33,-3.40,14.64,0.57,0.57,14.64,194.0,0.875,24,0.00,0.00,0,1090.9,1114.8,1,-2.5,15.50,3.32,1.437,273.5,147.2,147.2,26.38,1.96,11.18,203.9,2775,93.68,-1.05,0.000,0.00,0.000,-4.47,18.5,14,0.00,0
85.053,on,-3.91,0.00,3.12,-5.47,14.75,31,-16,13.7,14.50,13.76,-3.71,-3.49,14.64,0.56,0.56,14.64,194.0,0.875,24,0.00,0.00,0,1094.3,1114.8,1,-2.5,15.00,3.30,1.408,274.0,147.2,147.2,26.51,1.90,10.79,203.8,2815,92.54,-1.11,0.000,0.00,0.000,-4.56,18.5,14,0.00,0
85.111,on,-3.91,0.00,3.12,-5.47,14.78,31,-16,13.7,14.50,14.08,-3.71,-3.60,14.64,0.56,0.56,14.64,194.0,0.875,24,0.00,0.00,0,1080.1,1114.8,1,-2.5,14.50,3.44,1.450,276.0,147.2,149.0,26.59,1.96,10.79,203.8,2845,91.18,-1.08,0.000,0.00,0.000,-4.67,18.5,14,0.00,0
85.188,on,-3.91,0.00,3.12,-5.47,14.73,29,-16,13.3,14.50,13.44,-3.68,-3.69,14.64,0.56,0.56,14.64,194.0,0.875,24,0.00,0.00,0,1043.9,1035.1,1,-2.5,14.50,3.42,1.427,278.5,147.2,149.0,26.72,1.88,10.83,203.8,2878,88.09,-1.16,0.000,0.00,0.000,-4.83,18.5,14,0.00,0
85.255,on,-3.91,0.00,3.12,-5.47,14.71,28,-17,11.4,14.50,13.60,-4.13,-3.85,14.64,0.54,0.55,14.64,194.0,0.875,24,0.00,0.00,0,1023.5,1035.1,1,-3.0,14.50,3.39,1.392,280.5,147.2,149.0,26.68,1.86,10.38,203.8,2920,74.92,-1.82,0.000,0.00,0.000,-5.64,17.7,14,0.00,0
85.321,on,-3.91,0.00,3.12,-5.47,14.70,27,-17,5.1,14.50,13.84,-4.84,-4.44,14.64,0.52,0.52,14.64,194.0,0.875,21,0.00,0.00,0,1011.2,942.2,1,-3.0,14.00,3.39,1.379,280.0,147.2,149.0,25.31,1.78,9.67,203.9,2945,41.76,-3.42,0.000,0.00,0.000,-7.61,13.8,15,0.00,0
85.400,on,-3.91,0.00,3.12,-5.47,14.65,26,-18,0.0,14.50,13.92,-6.27,-5.66,14.64,0.41,0.41,14.64,194.0,0.875,0,0.00,0.00,0,918.7,437.9,1,-3.0,15.00,2.97,1.210,279.5,147.2,149.0,19.82,1.66,8.23,203.9,2946,0.00,-6.01,0.000,0.00,0.000,-11.46,11.4,15,0.00,0
85.461,on,-3.91,0.00,3.12,-5.47,14.57,21,-18,0.0,14.50,14.00,-8.69,-7.59,14.64,0.28,0.29,14.53,194.0,0.875,0,0.00,0.00,0,759.5,437.9,1,-3.0,18.00,2.24,0.918,277.0,147.2,149.0,13.68,1.12,5.81,203.9,2930,0.00,-4.46,0.000,0.00,0.000,-11.46,6.3,15,0.00,0
85.541,on,-0.78,0.00,3.12,-5.47,14.46,3,-17,0.0,14.50,13.84,-10.26,-9.44,14.64,0.19,0.20,14.82,194.0,0.875,0,0.00,0.00,0,643.7,437.9,1,-3.0,17.50,1.74,0.723,275.0,147.2,149.0,9.68,0.94,4.24,203.9,2893,0.00,-2.23,0.000,0.00,0.000,-11.45,6.3,15,0.00,0
85.605,on,-1.56,0.00,3.12,-5.47,14.32,0,-14,0.0,14.50,13.76,-11.07,-10.53,14.68,0.16,0.16,14.99,194.0,0.875,0,0.00,0.00,0,576.4,437.9,1,-3.0,17.00,1.48,0.643,270.0,147.2,149.0,7.46,0.90,3.44,203.9,2764,0.00,-1.08,0.000,0.00,0.000,-11.41,6.3,15,0.00,0
85.651,on,-2.34,0.00,3.12,-5.47,14.26,0,-12,0.0,14.50,14.00,-11.31,-11.04,14.68,0.14,0.15,14.99,194.0,0.875,0,0.00,0.00,0,526.3,437.9,1,-3.0,16.50,1.32,0.592,270.0,147.2,149.0,6.61,0.94,3.19,204.0,2679,0.00,-0.49,0.000,0.00,0.000,-11.45,6.3,15,0.00,0
85.733,on,-3.12,0.00,3.12,-5.47,14.13,0,-8,0.0,14.50,13.76,-11.57,-11.40,14.68,0.13,0.14,14.99,194.0,0.875,0,0.00,0.00,0,471.7,437.9,1,-3.0,16.00,1.20,0.560,270.0,147.2,149.0,5.88,0.86,2.93,204.0,2563,0.00,-0.18,0.000,0.00,0.000,-11.48,6.3,15,0.00,0
85.791,on,-3.12,0.00,3.12,-5.47,14.23,0,-5,0.0,14.50,14.00,-11.75,-11.63,14.68,0.13,0.13,14.99,194.0,0.875,0,0.00,0.00,0,421.2,437.9,1,-3.0,15.50,1.15,0.557,270.0,147.2,149.0,5.45,0.86,2.75,204.0,2489,0.00,0.09,0.000,0.00,0.000,-11.51,6.3,15,0.00,0
85.871,on,-3.12,0.00,3.12,-5.47,14.32,0,-2,0.0,14.50,13.92,-11.80,-11.76,14.68,0.12,0.13,14.99,194.0,0.875,0,0.00,0.00,0,379.9,437.9,0,-3.0,15.00,1.18,0.589,270.0,147.2,149.0,5.17,0.80,2.71,204.0,2413,0.00,0.22,0.000,0.00,0.000,-11.53,6.3,16,0.00,0
85.931,on,-3.12,0.00,3.12,-5.47,14.13,0,-1,0.0,14.50,14.08,-11.96,-11.86,14.69,0.12,0.13,14.99,194.0,0.875,0,0.00,0.00,0,365.0,437.9,2,-3.0,14.50,1.16,0.595,270.0,147.2,149.0,4.85,0.86,2.54,204.0,2334,0.00,0.48,0.000,0.00,0.000,-11.37,6.3,16,0.00,0
86.010,on,-4.69,0.00,3.12,-5.47,13.86,0,-1,0.0,14.50,13.84,-11.88,-11.89,14.70,0.12,0.12,14.99,194.0,0.875,0,0.00,0.00,0,370.3,437.9,2,-3.0,14.00,1.05,0.563,270.0,147.2,149.0,4.61,0.92,2.62,203.9,2248,0.00,0.75,0.000,0.00,0.000,-11.14,6.7,16,0.00,0
86.077,on,-5.47,0.00,3.12,-5.47,13.65,0,-1,0.0,14.50,14.00,-11.93,-11.88,14.70,0.12,0.12,15.05,194.0,0.875,0,0.00,0.00,0,363.5,437.9,2,-3.0,14.00,0.98,0.547,270.0,147.2,147.2,4.43,0.96,2.58,203.9,2157,0.00,1.06,0.000,0.00,0.000,-10.82,6.7,16,0.00,0
86.131,on,-7.03,0.00,3.12,-5.47,13.51,0,-1,0.0,14.50,14.16,-11.89,-11.86,14.71,0.12,0.12,15.05,194.0,0.875,0,0.00,0.00,0,388.9,437.9,2,-3.0,14.00,0.97,0.560,270.0,147.2,147.2,4.32,0.96,2.62,203.9,2081,0.00,1.33,0.000,0.00,0.000,-10.54,6.7,16,0.00,0
86.213,on,0.00,0.00,3.12,-5.47,13.48,0,-1,0.0,14.50,14.08,-11.83,-11.83,14.65,0.12,0.13,14.99,194.0,0.875,0,0.00,0.00,1,394.0,437.9,2,-2.5,14.00,0.88,0.538,270.0,147.2,147.2,4.16,1.04,2.67,203.9,1975,0.00,1.55,0.000,0.00,0.000,-10.30,6.7,16,0.00,0
86.274,on,0.00,0.00,3.12,-5.47,13.56,0,-2,0.0,14.50,14.16,-11.66,-11.76,14.65,0.13,0.13,15.17,194.0,0.875,0,0.00,0.00,1,414.4,437.9,2,-2.0,14.00,0.89,0.570,270.0,147.2,147.2,4.10,1.04,2.85,203.9,1882,0.00,1.66,0.000,0.00,0.000,-10.11,6.7,16,0.00,0
86.337,on,0.00,0.00,3.12,-5.47,13.58,0,-2,0.0,14.50,13.92,-11.65,-11.68,14.65,0.13,0.14,15.24,194.0,0.875,0,0.00,0.00,1,428.8,437.9,2,-1.5,14.00,0.88,0.589,270.0,147.2,147.2,4.04,1.06,2.86,204.0,1792,0.00,1.69,0.000,0.00,0.000,-10.01,6.7,16,0.00,0
86.391,on,0.00,0.00,3.12,-5.47,13.70,0,-1,0.0,14.50,14.00,-11.57,-11.61,14.65,0.13,0.14,15.36,194.0,0.875,0,0.00,0.00,1,444.8,437.9,2,-1.0,13.50,0.84,0.582,270.0,147.2,147.2,4.05,1.06,2.93,204.0,1731,0.00,1.74,0.000,0.00,0.000,-9.88,6.7,16,0.00,0
86.471,on,0.00,0.00,3.12,-5.47,13.90,0,-1,0.0,14.50,14.16,-11.45,-11.51,14.65,0.14,0.15,15.42,194.0,0.875,0,0.00,0.00,1,452.4,437.9,2,-0.5,13.50,0.81,0.595,270.0,147.2,147.2,3.99,1.00,3.05,204.0,1630,0.00,1.76,0.000,0.00,0.000,-9.77,6.7,16,0.00,0
86.531,on,0.00,0.00,3.12,-5.47,14.09,0,-1,0.0,14.50,14.16,-11.38,-11.40,14.65,0.16,0.16,15.49,194.0,0.875,0,0.00,0.00,1,448.2,437.9,2,0.0,13.00,0.80,0.630,269.0,147.2,147.2,3.92,1.02,3.13,204.0,1529,0.00,1.91,0.000,0.00,0.000,-9.51,7.1,16,0.00,0
86.613,on,0.00,0.00,3.12,-5.47,14.29,0,-1,0.0,14.50,14.08,-11.20,-11.26,14.65,0.16,0.16,15.42,194.0,0.875,0,0.00,0.00,2,457.0,437.9,2,0.0,12.50,0.83,0.682,268.5,147.2,147.2,3.96,1.00,3.30,204.1,1454,0.00,2.11,0.000,0.00,0.000,-9.20,7.1,16,0.00,0
86.684,on,0.00,0.00,3.12,-5.47,14.46,0,-1,0.0,14.50,13.84,-11.06,-11.13,14.65,0.17,0.17,15.42,194.0,0.875,0,0.00,0.00,2,466.9,437.9,3,0.0,11.50,0.77,0.682,267.0,147.2,147.2,3.88,1.02,3.45,204.1,1354,0.00,2.34,0.000,0.00,0.000,-8.81,7.1,16,0.00,0
86.742,on,0.00,0.00,3.12,-5.47,14.64,0,-1,0.0,14.50,14.08,-10.90,-10.97,14.65,0.18,0.18,15.36,194.0,0.875,0,0.00,0.00,2,471.6,437.9,3,0.0,11.00,0.74,0.710,266.0,147.2,147.2,3.78,1.04,3.61,204.1,1254,0.00,2.53,0.000,0.00,0.000,-8.48,7.1,16,0.00,0
86.810,on,0.00,0.00,3.12,-5.47,15.01,0,-1,0.0,14.50,14.00,-10.76,-10.81,14.65,0.18,0.19,15.30,194.0,0.875,0,0.00,0.00,2,472.3,437.9,3,0.0,10.50,0.74,0.755,265.0,147.2,147.2,3.73,1.02,3.74,204.1,1183,0.00,2.77,0.000,0.00,0.000,-8.04,7.1,16,0.00,0
86.873,on,0.00,0.00,3.12,-5.47,15.35,0,-1,0.0,14.50,14.08,-10.61,-10.64,14.65,0.19,0.20,14.93,194.0,0.875,0,0.00,0.00,2,473.9,437.9,3,0.0,10.00,0.70,0.755,265.0,147.2,147.2,3.73,1.04,3.89,204.1,1114,0.00,2.99,0.000,0.00,0.000,-7.71,7.1,16,0.00,0
86.922,on,0.00,0.00,3.12,-5.47,15.89,0,-1,0.0,14.50,14.08,-10.31,-10.42,14.64,0.21,0.21,14.53,194.0,0.875,0,0.00,0.00,0,471.2,437.9,3,0.0,9.50,0.78,0.896,265.0,147.2,147.2,3.69,1.12,4.19,204.1,1040,0.00,3.18,0.000,0.00,0.000,-7.32,7.1,16,0.00,0
87.001,on,0.00,0.00,3.12,-5.47,16.48,0,-1,0.0,14.50,14.00,-10.09,-10.18,14.64,0.22,0.23,14.76,192.2,0.875,0,0.00,0.00,0,444.2,437.9,4,0.0,8.50,0.70,0.896,265.0,147.2,147.2,3.54,1.04,4.42,204.1,940,0.00,3.34,0.000,0.00,0.000,-6.88,7.1,16,0.00,0
87.061,on,0.00,0.00,3.12,-5.47,16.87,0,-1,0.0,14.50,14.00,-9.84,-9.94,14.62,0.23,0.24,15.05,192.2,0.875,0,0.00,0.00,0,431.0,437.9,4,0.0,8.00,0.74,1.018,265.0,147.2,147.2,3.49,1.04,4.66,204.1,872,0.00,3.53,0.000,0.00,0.000,-6.48,7.1,16,0.00,0
87.141,on,0.00,0.00,3.12,-5.47,17.08,0,-1,0.0,14.50,14.00,-9.58,-9.69,14.62,0.25,0.26,14.99,192.2,0.875,0,0.00,0.00,0,406.1,437.9,4,0.0,7.50,0.71,1.018,265.0,147.2,147.2,3.52,1.08,4.92,204.1,836,0.00,3.46,0.000,0.00,0.000,-6.27,7.5,16,0.00,0
87.201,on,0.00,0.00,3.12,-5.47,17.56,0,-1,0.0,14.50,14.08,-9.33,-9.43,14.62,0.26,0.26,14.99,192.2,0.875,0,0.00,0.00,0,395.9,437.9,4,0.0,7.00,0.78,1.158,265.0,147.2,147.2,3.58,1.06,5.17,204.1,807,0.00,3.39,0.000,0.00,0.000,-6.04,7.1,16,0.00,0
87.280,on,0.00,0.00,3.12,-5.47,18.18,0,0,0.0,14.50,14.00,-9.20,-9.21,14.62,0.27,0.28,14.99,192.2,0.875,0,0.00,0.00,0,402.4,437.9,5,0.0,7.50,0.75,1.158,265.0,147.2,147.2,3.62,1.02,5.30,204.3,776,0.00,3.24,0.000,0.00,0.000,-6.00,7.5,16,0.00,0
87.341,on,0.00,0.00,3.12,-5.47,18.89,0,0,0.0,14.50,14.08,-8.94,-8.95,14.62,0.30,0.30,14.93,192.2,0.875,0,0.00,0.00,0,378.3,437.9,5,0.0,7.00,0.82,1.315,265.0,147.2,147.2,3.74,1.06,5.56,204.3,749,0.00,2.95,0.000,0.00,0.000,-6.00,7.5,16,0.00,0
87.418,on,0.00,0.00,3.12,-5.47,19.83,0,0,0.0,14.50,14.00,-8.57,-8.64,14.62,0.31,0.32,14.76,192.2,0.875,0,0.00,0.00,0,387.5,437.9,5,0.0,9.50,0.80,1.315,265.0,147.2,147.2,3.92,1.14,5.93,204.3,734,0.00,2.66,0.000,0.00,0.000,-6.00,8.3,16,0.00,0
87.486,on,0.00,0.00,3.12,-5.47,19.92,0,0,0.0,14.50,14.08,-8.14,-8.27,14.62,0.34,0.34,14.70,192.2,0.875,0,0.00,0.00,0,370.7,437.9,5,0.0,10.50,0.95,1.571,265.0,147.2,147.2,4.11,1.14,6.36,204.3,728,0.00,2.27,0.000,0.00,0.000,-6.00,8.3,16,0.00,0
87.551,on,0.00,0.00,3.12,-5.47,20.13,0,0,0.0,14.50,14.00,-7.95,-7.97,14.62,0.35,0.35,14.59,192.2,0.875,0,0.00,0.00,0,373.0,437.9,5,0.0,10.50,0.95,1.571,265.0,147.2,147.2,4.30,1.18,6.56,204.1,729,0.00,2.02,0.000,0.00,0.000,-6.00,7.9,16,0.00,0
87.631,on,0.00,0.00,3.12,-5.47,20.28,0,0,0.0,14.50,13.92,-7.62,-7.72,14.62,0.35,0.36,14.59,192.2,0.875,0,0.00,0.00,0,384.7,437.9,5,0.0,10.50,0.98,1.571,265.0,147.2,147.2,4.46,1.14,6.88,204.1,746,0.00,1.71,0.000,0.00,0.000,-6.00,7.5,16,0.00,0
87.691,on,0.00,0.00,3.12,-5.47,19.92,0,0,0.0,14.50,14.16,-7.49,-7.61,14.62,0.35,0.35,14.70,192.2,0.875,0,0.00,0.00,0,380.0,437.9,5,0.0,11.00,1.02,1.606,265.0,147.2,147.2,4.49,1.00,7.01,204.1,765,0.00,1.60,0.000,0.00,0.000,-6.00,6.7,16,0.00,0
87.773,on,0.00,0.00,3.12,-5.47,19.52,0,0,0.0,14.50,14.00,-7.61,-7.64,14.62,0.34,0.34,14.76,192.2,0.875,0,0.00,0.00,0,368.9,437.9,4,0.0,9.00,1.05,1.606,265.0,147.2,147.2,4.44,1.08,6.90,204.1,787,0.00,1.64,0.000,0.00,0.000,-6.00,6.3,16,0.00,0
87.835,on,0.00,0.00,3.12,-5.47,19.25,0,-1,0.0,14.50,14.16,-7.77,-7.76,14.62,0.32,0.33,14.87,192.2,0.875,0,0.00,0.00,0,393.5,437.9,4,0.0,7.00,0.93,1.386,265.0,147.2,147.2,4.44,0.98,6.73,204.1,808,0.00,1.68,0.000,0.00,0.000,-6.04,6.3,16,0.00,0
87.901,on,0.00,0.00,3.12,-5.47,19.25,0,-1,0.0,14.50,14.16,-7.87,-7.88,14.62,0.32,0.33,14.87,192.2,0.875,0,0.00,0.00,0,392.8,437.9,4,0.0,7.00,0.95,1.386,265.0,147.2,147.2,4.47,1.04,6.63,204.1,820,0.00,1.77,0.000,0.00,0.000,-6.10,6.3,15,0.00,0
87.951,on,0.00,0.00,3.12,-5.47,19.03,0,-1,0.0,14.50,14.08,-8.03,-8.02,14.62,0.32,0.33,14.87,192.2,0.875,0,0.00,0.00,0,380.8,437.9,4,0.0,7.00,0.96,1.398,265.0,147.2,147.2,4.44,1.00,6.48,204.1,821,0.00,1.86,0.000,0.00,0.000,-6.13,6.3,15,0.00,0
88.032,on,0.00,0.00,3.12,-5.47,18.84,0,-1,0.0,14.50,13.84,-8.16,-8.15,14.62,0.31,0.32,14.87,192.2,0.875,0,0.00,0.00,0,384.9,437.9,4,0.0,7.00,0.96,1.398,265.0,147.2,147.2,4.41,1.00,6.34,204.1,822,0.00,2.03,0.000,0.00,0.000,-6.12,6.3,15,0.00,0
88.093,on,0.00,0.00,3.12,-5.47,18.66,0,-1,0.0,14.50,14.24,-8.26,-8.25,14.62,0.31,0.32,14.87,192.2,0.875,0,0.00,0.00,0,374.1,437.9,4,0.0,7.00,0.99,1.437,265.0,147.2,147.2,4.41,1.02,6.24,204.1,827,0.00,2.07,0.000,0.00,0.000,-6.15,6.3,15,0.00,0
88.161,on,0.00,0.00,3.12,-5.47,18.58,0,-1,0.0,14.50,14.00,-8.31,-8.31,14.62,0.31,0.32,12.93,192.2,0.875,0,0.00,0.00,0,376.9,437.9,4,0.0,7.00,1.00,1.437,265.0,147.2,147.2,4.44,1.02,6.19,204.1,835,0.00,2.13,0.000,0.00,0.000,-6.19,6.3,15,0.00,0
88.226,on,0.00,0.00,3.12,-5.47,18.65,0,-1,0.0,14.50,14.00,-8.38,-8.40,14.03,0.31,0.32,12.93,192.2,0.875,0,0.00,0.00,0,393.2,437.9,4,0.0,7.00,1.02,1.437,265.0,147.2,147.2,4.52,1.04,6.12,204.1,849,0.00,2.13,0.000,0.00,0.000,-6.26,6.7,14,0.00,0
88.285,on,0.00,3.91,3.12,-5.47,18.56,0,-1,0.0,14.50,14.16,-8.45,-8.46,14.04,0.31,0.32,12.89,192.2,0.875,0,0.00,0.00,0,375.1,437.9,4,0.0,7.50,1.18,1.651,265.0,147.2,147.2,4.56,1.02,6.05,204.1,859,0.00,2.14,0.000,0.00,0.000,-6.29,6.7,14,0.00,0
88.342,on,0.00,3.91,3.12,-5.47,18.52,0,-1,0.0,14.50,14.08,-8.52,-8.53,14.04,0.31,0.32,12.89,192.2,0.875,0,0.00,0.00,0,368.6,437.9,4,0.0,7.50,1.22,1.651,265.0,147.2,147.2,4.71,1.04,5.98,204.1,886,0.00,2.07,0.000,0.00,0.000,-6.46,6.7,14,0.00,0
88.403,on,0.00,3.91,3.12,-5.47,18.51,0,-1,0.0,14.50,14.08,-8.59,-8.60,14.04,0.31,0.32,12.89,192.2,0.875,0,0.00,0.00,0,381.5,437.9,4,0.0,7.50,1.21,1.606,265.0,147.2,147.2,4.77,1.02,5.91,204.1,901,0.00,2.05,0.000,0.00,0.000,-6.54,6.7,14,0.00,0
88.471,on,0.00,3.91,3.12,-5.47,18.43,0,-1,0.0,14.50,14.16,-8.70,-8.68,14.04,0.31,0.32,12.80,192.2,0.875,0,0.00,0.00,0,398.4,437.9,3,0.0,7.50,1.24,1.606,265.0,147.2,147.2,4.88,1.02,5.80,204.1,928,0.00,1.97,0.000,0.00,0.000,-6.69,6.7,14,0.00,0
88.525,on,0.00,3.91,3.12,-5.47,18.39,0,-1,0.0,14.50,14.00,-8.77,-8.77,14.05,0.31,0.31,12.80,192.2,0.875,0,0.00,0.00,0,411.6,437.9,3,0.0,8.00,1.24,1.568,265.0,147.2,147.2,4.94,1.02,5.74,204.1,952,0.00,1.95,0.000,0.00,0.000,-6.81,6.3,14,0.00,0
88.581,on,0.00,3.91,3.12,-5.47,18.24,0,-1,0.0,14.50,14.00,-8.88,-8.89,14.05,0.30,0.31,12.76,192.2,0.875,0,0.00,0.00,0,404.6,437.9,3,0.0,8.50,1.27,1.568,265.0,147.2,147.2,4.98,1.00,5.62,204.1,973,0.00,1.96,0.000,0.00,0.000,-6.93,6.3,14,0.00,0
88.659,on,0.00,3.91,3.12,-5.47,18.08,0,-1,0.0,14.50,14.00,-9.11,-9.06,14.05,0.30,0.30,12.76,192.2,0.875,0,0.00,0.00,0,401.8,437.9,3,0.0,6.50,1.26,1.530,265.0,147.2,147.2,4.97,0.98,5.40,204.1,992,0.00,2.00,0.000,0.00,0.000,-7.03,6.3,13,0.00,0
88.723,on,0.00,3.91,3.12,-5.47,17.97,0,-1,0.0,14.50,14.00,-9.26,-9.22,14.06,0.28,0.29,12.67,192.2,0.875,0,0.00,0.00,0,417.5,437.9,3,0.0,8.00,1.29,1.530,265.0,147.2,147.2,4.96,1.00,5.25,204.1,1013,0.00,2.09,0.000,0.00,0.000,-7.14,6.3,13,0.00,0
88.795,on,0.00,3.91,3.12,-5.47,17.68,0,-2,0.0,14.50,14.00,-9.37,-9.36,14.06,0.28,0.29,12.67,192.2,0.875,0,0.00,0.00,0,404.5,437.9,3,0.0,8.50,1.25,1.466,265.0,147.2,147.2,4.92,0.98,5.13,204.1,1025,0.00,2.15,0.000,0.00,0.000,-7.20,6.3,13,0.00,0
88.843,on,0.00,3.91,3.12,-5.47,17.39,0,-2,0.0,14.50,14.08,-9.49,-9.47,14.06,0.27,0.28,12.67,192.2,0.875,0,0.00,0.00,0,423.3,437.9,3,0.0,9.00,1.26,1.466,265.0,147.2,147.2,4.87,0.98,5.01,204.1,1035,0.00,2.22,0.000,0.00,0.000,-7.25,6.3,12,0.00,0
88.910,on,0.00,3.91,3.12,-5.47,17.15,0,-2,0.0,14.50,14.00,-9.60,-9.57,14.06,0.27,0.28,12.67,192.2,0.875,0,0.00,0.00,0,409.8,437.9,3,0.0,9.00,1.23,1.418,265.0,147.2,147.2,4.81,0.96,4.90,204.1,1041,0.00,2.28,0.000,0.00,0.000,-7.28,6.3,12,0.00,0
88.971,on,0.00,3.91,3.12,-5.47,16.92,0,-2,0.0,14.50,14.16,-9.70,-9.67,14.06,0.27,0.27,12.67,192.2,0.875,0,0.00,0.00,0,424.7,437.9,3,0.0,9.00,1.23,1.418,265.0,147.2,147.2,4.74,0.98,4.80,204.1,1044,0.00,2.37,0.000,0.00,0.000,-7.30,6.3,12,0.00,0
89.032,on,0.00,3.91,3.12,-5.47,16.70,0,-2,0.0,14.50,14.08,-9.76,-9.76,14.06,0.26,0.27,12.67,192.2,0.875,0,0.00,0.00,0,404.9,437.9,3,0.0,9.00,1.20,1.379,265.0,147.2,147.2,4.67,0.96,4.75,204.1,1045,0.00,2.45,0.000,0.00,0.000,-7.31,6.3,12,0.00,0
89.083,on,0.00,3.91,3.12,-5.47,16.33,0,-2,0.0,14.50,14.24,-9.87,-9.85,14.06,0.26,0.26,12.67,192.2,0.875,0,0.00,0.00,0,411.0,437.9,3,0.0,9.00,1.17,1.347,265.0,147.2,147.2,4.60,1.00,4.63,204.1,1044,0.00,2.53,0.000,0.00,0.000,-7.30,6.3,12,0.00,0
89.151,on,0.00,3.91,3.12,-5.47,16.12,0,-2,0.0,14.50,14.00,-9.95,-9.91,14.06,0.26,0.26,12.67,192.2,0.875,0,0.00,0.00,0,397.2,437.9,3,0.0,9.00,1.17,1.347,265.0,147.2,147.2,4.53,0.96,4.56,204.1,1040,0.00,2.63,0.000,0.00,0.000,-7.28,6.3,11,0.00,0
89.213,on,0.00,3.91,3.12,-5.47,15.92,0,-2,0.0,14.50,14.16,-9.97,-9.97,14.06,0.25,0.26,12.67,192.2,0.875,0,0.00,0.00,0,403.3,437.9,3,0.0,9.00,1.14,1.318,265.0,147.2,147.2,4.46,1.02,4.54,203.9,1036,0.00,2.71,0.000,0.00,0.000,-7.26,6.3,11,0.00,0
89.261,on,0.00,3.91,3.12,-5.47,15.58,0,-2,0.0,14.50,14.16,-10.02,-10.02,14.06,0.25,0.26,12.67,192.2,0.875,0,0.00,0.00,0,409.6,437.9,0,0.0,9.00,1.13,1.318,265.0,147.2,147.2,4.39,1.00,4.49,203.9,1029,0.00,2.80,0.000,0.00,0.000,-7.22,6.3,11,0.00,0
89.338,on,0.00,3.91,3.12,-5.47,15.24,0,-2,0.0,14.50,14.16,-10.03,-10.06,14.06,0.25,0.25,12.67,192.2,0.875,0,0.00,0.00,0,399.5,437.9,2,0.0,9.50,1.10,1.296,265.0,147.2,145.4,4.31,1.00,4.47,203.9,1018,0.00,2.88,0.000,0.00,0.000,-7.17,6.3,11,0.00,0
89.405,on,0.00,3.91,3.12,-5.47,15.05,0,-2,0.0,14.50,14.08,-10.08,-10.08,14.06,0.25,0.25,12.67,192.2,0.875,0,0.00,0.00,0,415.2,437.9,2,0.0,9.50,1.09,1.296,265.0,147.2,145.4,4.25,1.00,4.43,203.9,1010,0.00,2.96,0.000,0.00,0.000,-7.12,6.3,11,0.00,0
89.471,on,2.34,3.91,3.12,-5.47,14.75,0,-1,0.0,14.50,14.16,-10.09,-10.11,14.05,0.25,0.25,14.09,192.2,0.875,0,0.00,0.00,0,406.0,437.9,2,0.0,9.00,1.07,1.286,265.0,147.2,145.4,4.16,1.00,4.41,203.9,995,0.00,3.04,0.000,0.00,0.000,-7.06,6.3,11,0.00,0
89.548,on,2.34,3.91,3.12,-5.47,14.71,0,-1,0.0,14.50,14.16,-10.09,-10.13,14.05,0.25,0.25,14.09,192.2,0.875,0,0.00,0.00,0,418.1,437.9,2,0.0,9.00,1.05,1.286,265.0,149.0,145.4,4.08,1.00,4.41,203.9,977,0.00,3.18,0.000,0.00,0.000,-6.94,6.3,10,0.00,0
89.623,on,2.34,3.91,3.12,-5.47,14.60,0,-1,0.0,14.50,14.16,-10.08,-10.12,14.05,0.25,0.25,14.09,192.2,0.875,0,0.00,0.00,0,398.2,437.9,2,0.0,9.00,0.95,1.187,265.0,149.0,145.4,4.01,1.02,4.42,203.9,959,0.00,3.27,0.000,0.00,0.000,-6.85,6.3,10,0.00,0
89.682,on,1.56,3.91,3.12,-5.47,14.52,0,-1,0.0,14.50,14.16,-10.06,-10.08,14.04,0.25,0.25,14.20,192.2,0.875,0,0.00,0.00,0,401.3,437.9,2,0.0,8.50,0.95,1.203,265.0,149.0,145.4,3.97,0.98,4.45,203.9,943,0.00,3.31,0.000,0.00,0.000,-6.76,6.3,10,0.00,0
89.774,on,1.56,3.91,3.12,-5.47,14.39,0,-1,0.0,14.50,14.16,-10.00,-10.04,14.04,0.25,0.26,14.20,192.2,0.875,0,0.00,0.00,0,404.6,437.9,3,0.0,8.50,0.92,1.203,265.0,149.0,145.4,3.91,1.04,4.50,203.9,918,0.00,3.41,0.000,0.00,0.000,-6.63,6.3,10,0.00,0
89.840,on,1.56,3.91,3.12,-5.47,14.34,0,-1,0.0,14.50,14.08,-9.94,-9.98,14.04,0.26,0.26,14.15,192.2,0.875,0,0.00,0.00,0,395.8,437.9,2,0.0,8.00,0.91,1.219,265.0,149.0,145.4,3.87,1.02,4.56,203.9,897,0.00,3.45,0.000,0.00,0.000,-6.54,6.3,9,0.00,0
89.903,on,1.56,3.91,3.12,-5.47,14.25,0,-1,0.0,14.50,14.00,-9.88,-9.92,14.04,0.26,0.26,14.20,192.2,0.875,0,0.00,0.00,0,402.6,437.9,2,0.0,8.00,0.90,1.219,265.0,149.0,145.4,3.85,1.04,4.63,203.9,883,0.00,3.45,0.000,0.00,0.000,-6.47,6.3,9,0.00,0
89.952,on,1.56,3.91,3.12,-5.47,14.24,0,-1,0.0,14.50,14.08,-9.81,-9.84,14.04,0.26,0.27,14.20,192.2,0.875,0,0.00,0.00,0,387.3,437.9,2,0.0,8.00,0.93,1.270,265.0,149.0,145.4,3.88,1.04,4.70,203.9,874,0.00,3.46,0.000,0.00,0.000,-6.40,6.3,9,0.00,0
90.033,on,1.56,3.91,3.12,-5.47,14.18,0,-1,0.0,14.50,14.16,-9.70,-9.75,14.04,0.27,0.27,14.20,192.2,0.875,0,0.00,0.00,0,398.1,437.9,3,0.0,8.00,0.90,1.270,265.0,149.0,145.4,3.87,1.04,4.80,203.9,850,0.00,3.45,0.000,0.00,0.000,-6.30,6.3,9,0.00,0
90.092,on,1.56,3.91,3.12,-5.47,14.17,0,-1,0.0,14.50,14.16,-9.61,-9.66,14.03,0.27,0.28,14.31,192.2,0.875,0,0.00,0.00,0,390.9,437.9,3,0.0,8.00,0.91,1.302,265.0,149.0,145.4,3.89,1.00,4.90,203.9,842,0.00,3.45,0.000,0.00,0.000,-6.22,6.3,9,0.00,0
90.172,on,0.78,3.91,3.12,-5.47,14.15,0,-1,0.0,14.50,14.00,-9.54,-9.58,14.03,0.27,0.28,14.31,192.2,0.875,0,0.00,0.00,0,391.8,437.9,2,0.0,7.00,0.89,1.302,265.0,149.0,145.4,3.87,1.02,4.97,203.9,823,0.00,3.43,0.000,0.00,0.000,-6.15,6.3,9,0.00,0
90.243,on,1.56,3.91,3.12,-5.47,14.18,0,-1,0.0,14.50,14.16,-9.46,-9.51,14.03,0.28,0.29,14.25,192.2,0.875,0,0.00,0.00,0,376.8,437.9,3,0.0,7.50,0.91,1.357,265.0,149.0,145.4,3.87,1.00,5.04,203.9,807,0.00,3.43,0.000,0.00,0.000,-6.07,6.3,9,0.00,0
90.307,on,1.56,3.91,3.12,-5.47,14.21,0,-1,0.0,14.50,14.16,-9.43,-9.44,14.03,0.28,0.29,14.25,192.2,0.875,0,0.00,0.00,0,380.8,437.9,3,0.0,7.00,0.90,1.357,265.0,149.0,145.4,3.84,0.98,5.08,203.9,796,0.00,3.44,0.000,0.00,0.000,-6.00,6.3,9,0.00,0
90.361,on,1.56,3.91,3.12,-5.47,14.20,0,-1,0.0,14.50,14.00,-9.35,-9.39,14.03,0.28,0.29,14.25,192.2,0.875,0,0.00,0.00,0,370.5,437.9,3,0.0,7.50,0.89,1.357,265.0,149.0,145.4,3.84,0.98,5.16,203.9,783,0.00,3.38,0.000,0.00,0.000,-6.00,6.3,9,0.00,0
90.443,on,1.56,3.91,3.12,-5.47,14.27,0,0,0.0,14.50,14.16,-9.26,-9.30,14.03,0.30,0.30,14.20,192.2,0.875,0,0.00,0.00,0,380.4,437.9,3,0.0,8.00,0.91,1.421,265.0,149.0,145.4,3.87,1.02,5.25,203.8,768,0.00,3.31,0.000,0.00,0.000,-6.00,6.7,9,0.00,0
90.503,on,1.56,3.91,3.12,-5.47,14.29,0,0,0.0,14.50,14.16,-9.20,-9.20,14.03,0.30,0.31,14.20,192.2,0.875,0,0.00,0.00,0,391.4,437.9,3,0.0,8.50,0.90,1.421,265.0,149.0,145.4,3.90,1.00,5.30,203.8,759,0.00,3.19,0.000,0.00,0.000,-6.00,6.7,9,0.00,0
90.570,on,2.34,3.91,3.12,-5.47,14.31,0,0,5.9,14.50,14.00,-9.05,-9.08,14.03,0.31,0.32,14.15,192.2,0.875,0,0.00,0.00,0,368.7,504.3,3,0.0,10.50,0.97,1.555,265.0,149.0,145.4,4.01,1.10,5.45,203.8,750,43.21,4.82,0.000,0.00,0.000,-4.25,8.3,9,0.00,0
90.646,on,2.34,3.91,3.12,-5.47,14.36,0,0,7.5,14.50,14.16,-8.13,-8.61,14.03,0.35,0.36,14.04,192.2,0.875,0,0.00,0.00,0,476.6,583.9,3,0.0,8.00,0.98,1.555,265.0,149.0,145.4,4.52,1.36,6.38,203.8,753,57.50,4.93,0.000,0.00,0.000,-3.68,10.2,9,0.00,0
90.703,on,2.34,3.91,3.12,-5.47,14.38,0,-1,7.1,14.50,14.00,-7.31,-7.98,14.03,0.39,0.39,13.99,192.2,0.875,0,0.00,0.00,0,530.3,650.3,3,0.0,8.50,1.11,1.722,265.0,149.0,145.4,5.00,1.30,7.19,203.8,771,56.69,4.34,0.000,0.00,0.000,-3.71,10.2,9,0.00,0
90.774,on,2.34,3.91,3.12,-5.47,14.44,0,-1,7.1,14.50,14.16,-7.31,-7.54,14.03,0.39,0.40,13.94,192.2,0.875,0,0.00,0.00,0,554.6,650.3,3,0.0,10.00,1.18,1.722,265.0,149.0,145.4,5.47,1.32,7.20,203.8,823,55.21,3.71,0.000,0.00,0.000,-3.83,8.7,9,0.00,0
90.822,on,3.12,3.91,3.12,-5.47,14.50,0,-2,7.1,14.50,14.16,-7.01,-7.22,14.04,0.40,0.40,14.04,192.2,0.875,0,0.00,0.00,0,597.4,650.3,2,0.0,3.50,1.31,1.722,265.0,149.0,145.4,6.10,1.26,7.50,203.8,911,55.60,3.23,0.000,0.00,0.000,-3.99,9.1,9,0.00,0
90.891,on,3.12,3.91,3.12,-5.47,14.54,0,-3,7.1,14.50,14.08,-6.91,-7.03,14.05,0.41,0.42,13.99,192.2,0.875,0,0.00,0.00,0,635.6,729.9,2,0.0,5.00,1.20,1.456,265.0,149.0,145.4,6.88,1.20,7.60,203.8,992,56.73,2.90,0.000,0.00,0.000,-4.15,9.4,9,0.00,0
90.971,on,3.91,3.91,3.12,-5.47,14.60,0,-5,7.1,14.50,14.16,-6.85,-6.92,14.06,0.40,0.41,14.04,192.2,0.875,0,0.00,0.00,0,694.2,729.9,2,0.0,4.00,1.36,1.469,265.0,149.0,145.4,7.57,1.26,7.65,203.8,1109,57.29,2.56,0.000,0.00,0.000,-4.36,9.8,9,0.00,0
91.036,on,3.91,3.91,3.12,-5.47,14.68,0,-8,7.1,14.50,14.08,-6.91,-6.92,14.06,0.41,0.41,14.36,192.2,0.875,0,0.00,0.00,0,727.8,729.9,2,0.0,15.00,1.55,1.469,265.5,149.0,145.4,8.73,1.26,7.60,203.8,1264,56.28,2.17,0.000,0.00,0.000,-4.75,10.2,9,0.00,0
91.091,on,4.69,3.91,3.12,-5.47,14.88,0,-10,7.1,14.50,14.00,-6.97,-6.96,14.06,0.41,0.43,14.25,192.2,0.875,3,0.00,0.00,0,784.2,729.9,2,0.0,16.50,1.60,1.389,267.0,149.0,145.4,9.93,1.32,7.54,203.8,1379,57.93,1.99,0.000,0.00,0.000,-4.95,10.6,9,0.00,0
91.169,on,6.25,3.91,3.12,-5.47,15.27,2,-16,7.1,14.50,14.00,-6.95,-6.98,14.06,0.43,0.43,14.20,192.2,0.875,5,0.00,0.00,0,801.1,729.9,1,0.0,17.50,1.87,1.440,269.0,149.0,145.4,11.16,1.38,7.55,203.8,1555,57.79,1.58,0.000,0.00,0.000,-5.40,11.4,9,0.00,0
91.238,on,7.03,3.91,3.12,-5.47,15.42,6,-21,7.1,14.50,14.16,-6.97,-6.98,14.06,0.43,0.43,14.09,192.2,0.875,5,0.00,0.00,0,792.5,729.9,1,-1.0,18.00,2.25,1.552,270.0,149.0,145.4,12.52,1.42,7.54,203.8,1737,55.39,1.02,0.000,0.00,0.000,-5.98,11.4,9,0.00,0
91.303,on,7.81,3.91,3.12,-5.47,15.38,8,-22,7.1,14.50,13.68,-7.13,-7.08,14.06,0.40,0.41,14.09,192.2,0.875,5,0.00,0.00,0,775.1,729.9,1,-2.0,19.00,2.27,1.450,270.0,149.0,145.4,12.93,1.46,7.38,203.8,1882,54.16,0.73,0.000,0.00,0.000,-6.35,11.8,9,0.00,0
91.363,on,7.81,3.91,3.12,-5.47,15.28,10,-23,7.1,14.50,14.00,-7.29,-7.21,14.06,0.40,0.40,14.09,192.2,0.875,5,0.00,0.00,0,778.6,729.9,1,-2.5,20.50,2.40,1.482,270.0,149.0,145.4,13.08,1.44,7.21,203.8,1944,52.03,0.60,0.000,0.00,0.000,-6.61,11.8,9,0.00,0
91.432,on,7.03,3.91,3.12,-5.47,14.94,10,-23,6.7,14.50,14.08,-7.48,-7.37,14.06,0.39,0.39,14.09,192.2,0.875,5,0.00,0.00,0,773.8,650.3,1,-2.5,20.50,2.36,1.462,270.0,149.0,145.4,12.66,1.42,7.03,203.7,1933,44.76,0.26,0.000,0.00,0.000,-7.07,11.0,9,0.00,0
91.513,on,7.03,3.91,3.12,-5.47,14.73,10,-22,6.7,14.50,13.92,-7.72,-7.60,14.06,0.37,0.38,14.15,192.2,0.875,5,0.00,0.00,0,742.1,650.3,1,-2.0,21.50,2.20,1.398,270.0,149.0,145.4,12.03,1.46,6.78,203.7,1890,49.06,0.79,0.000,0.00,0.000,-6.81,11.0,9,0.00,0
91.573,on,7.03,3.91,3.12,-5.47,14.52,11,-22,7.1,14.50,14.00,-7.76,-7.72,14.06,0.37,0.38,14.15,192.2,0.875,5,0.00,0.00,0,721.5,650.3,1,-1.5,21.50,2.17,1.414,270.0,149.0,145.4,11.73,1.46,6.75,203.7,1843,51.70,0.97,0.000,0.00,0.000,-6.72,11.0,9,0.00,0
91.653,on,6.25,3.91,3.12,-5.47,14.36,11,-22,8.2,14.50,13.84,-7.62,-7.66,14.06,0.39,0.39,14.15,192.2,0.875,5,0.00,0.00,0,690.4,650.3,1,-1.5,21.50,2.20,1.459,270.0,149.0,145.4,11.78,1.48,6.88,203.7,1812,69.79,2.12,0.000,0.00,0.000,-5.57,12.6,9,0.00,0
91.712,on,5.47,3.91,3.12,-5.47,14.19,12,-22,9.4,14.50,13.92,-7.02,-7.22,14.06,0.43,0.43,14.09,192.2,0.875,5,0.00,0.00,0,678.7,729.9,1,-1.5,20.50,2.35,1.546,270.0,149.0,145.4,13.17,1.64,7.48,203.8,1824,81.14,2.95,0.000,0.00,0.000,-4.44,15.0,9,0.00,0
91.793,on,5.47,3.91,3.12,-5.47,13.99,13,-22,9.0,14.50,13.76,-6.29,-6.56,14.06,0.47,0.47,14.09,192.2,0.875,7,0.00,0.00,0,776.9,822.8,1,-2.0,18.50,2.77,1.760,270.0,149.0,143.6,14.77,1.68,8.22,203.8,1888,78.95,1.93,0.000,0.00,0.000,-4.69,14.6,9,0.00,0
91.853,on,3.91,3.91,3.12,-5.47,13.74,16,-22,9.0,14.50,14.16,-5.96,-6.12,14.06,0.48,0.48,14.09,192.2,0.875,9,0.00,0.00,0,844.5,915.7,1,-2.5,17.00,2.74,1.651,270.0,149.0,143.6,16.08,1.68,8.54,203.8,1989,72.65,0.96,0.000,0.00,0.000,-5.22,14.2,10,0.00,0
91.912,on,3.12,3.91,3.12,-5.47,13.62,21,-20,8.6,14.50,14.16,-6.00,-6.01,14.06,0.48,0.48,14.09,192.2,0.875,9,0.00,0.00,0,874.6,822.8,1,-2.5,18.50,2.57,1.507,270.0,149.0,143.6,16.42,1.64,8.51,203.8,2049,68.98,0.30,0.000,0.00,0.000,-5.70,13.8,10,0.00,0
91.993,on,2.34,3.91,3.12,-5.47,13.57,23,-17,8.2,14.50,13.84,-6.08,-6.02,14.05,0.47,0.47,14.09,192.2,0.875,9,0.00,0.00,0,836.8,822.8,1,-2.5,18.50,2.61,1.504,270.0,149.0,143.6,16.40,1.56,8.42,203.8,2085,64.15,-0.16,0.000,0.00,0.000,-6.16,13.4,10,0.00,0
92.055,on,2.34,3.91,3.12,-5.47,13.58,23,-15,8.6,14.50,14.08,-6.29,-6.18,14.05,0.45,0.46,14.09,192.2,0.875,9,0.00,0.00,0,820.9,822.8,1,-2.5,19.00,2.66,1.523,270.0,149.0,143.6,16.11,1.56,8.22,203.8,2093,68.91,0.02,0.000,0.00,0.000,-6.10,13.4,10,0.00,0
92.112,on,2.34,3.91,3.12,-5.47,13.67,24,-12,8.6,14.50,14.08,-6.33,-6.26,14.05,0.45,0.46,14.09,192.2,0.875,9,0.00,0.00,0,812.4,822.8,1,-2.5,19.00,2.69,1.536,270.0,149.0,143.6,16.24,1.58,8.17,203.8,2104,66.25,0.16,0.000,0.00,0.000,-6.07,13.8,11,0.00,0
92.193,on,2.34,3.91,3.12,-5.47,13.69,24,-12,8.6,14.50,14.00,-6.37,-6.33,14.04,0.45,0.46,14.04,192.2,0.875,9,0.00,0.00,0,853.2,822.8,1,-2.5,19.00,2.59,1.472,270.0,149.0,143.6,16.28,1.62,8.13,203.8,2114,65.26,0.13,0.000,0.00,0.000,-6.18,13.8,11,0.00,0
92.252,on,2.34,3.91,3.12,-5.47,13.66,26,-12,9.0,14.50,14.16,-6.41,-6.37,14.10,0.45,0.46,14.31,192.2,0.875,9,0.00,0.00,0,877.4,822.8,1,-2.5,19.00,2.58,1.459,270.0,149.0,143.6,16.21,1.58,8.09,203.8,2119,72.49,0.36,0.000,0.00,0.000,-5.98,13.8,11,0.00,0
92.331,on,0.78,3.12,3.12,-5.47,13.66,27,-14,9.8,14.50,14.16,-6.14,-6.18,14.18,0.47,0.48,14.64,192.2,0.875,9,0.00,0.00,0,897.7,822.8,1,-2.5,19.00,2.63,1.482,270.0,149.0,143.6,16.97,1.70,8.36,203.8,2133,79.62,1.05,0.000,0.00,0.000,-5.18,15.4,11,0.00,0
92.391,on,0.00,2.34,3.12,-5.47,13.57,29,-15,8.6,14.50,14.00,-5.86,-5.91,14.23,0.49,0.49,14.64,192.2,0.875,11,0.00,0.00,0,891.5,915.7,1,-2.5,18.00,2.67,1.478,270.0,149.0,143.6,17.87,1.70,8.64,203.7,2164,68.38,0.06,0.000,0.00,0.000,-5.90,14.2,11,0.00,0
92.469,on,0.00,2.34,3.12,-5.47,13.59,30,-15,8.6,14.50,14.00,-5.98,-5.89,14.31,0.48,0.49,14.64,192.2,0.875,11,0.00,0.00,0,910.7,915.7,1,-2.5,18.00,2.59,1.408,270.0,149.0,143.6,17.93,1.62,8.52,203.7,2210,65.00,-0.52,0.000,0.00,0.000,-6.41,13.8,11,0.00,0
92.546,on,-0.78,2.34,3.12,-5.47,13.66,33,-15,9.0,14.50,13.84,-5.98,-5.94,14.37,0.48,0.48,14.64,192.2,0.875,11,0.00,0.00,0,927.3,915.7,1,-2.5,19.00,2.61,1.395,270.0,149.0,143.6,17.99,1.60,8.52,203.7,2242,67.65,-0.50,0.000,0.00,0.000,-6.41,14.2,11,0.00,0
92.602,on,-1.56,1.56,3.12,-5.47,13.69,33,-16,9.8,14.50,13.68,-5.81,-5.88,14.44,0.48,0.48,14.64,192.2,0.875,11,0.00,0.00,0,926.9,915.7,1,-2.5,19.00,2.62,1.389,270.0,149.0,143.6,18.36,1.66,8.69,203.7,2265,76.84,0.18,0.000,0.00,0.000,-5.73,15.4,11,0.00,0
92.680,on,-3.12,0.78,3.12,-5.47,13.67,34,-16,9.4,14.50,14.08,-5.60,-5.67,14.50,0.49,0.50,14.64,192.2,0.875,11,0.00,0.00,0,946.1,915.7,1,-2.5,18.50,2.75,1.443,270.0,149.0,141.8,19.10,1.76,8.90,203.9,2283,72.44,-0.21,0.000,0.00,0.000,-5.95,15.0,11,0.00,0
92.745,on,-3.12,0.00,3.12,-5.47,13.70,35,-16,9.0,14.50,14.00,-5.59,-5.61,14.57,0.49,0.50,14.64,192.2,0.875,13,0.00,0.00,0,914.5,915.7,1,-2.5,18.00,2.68,1.398,270.0,149.0,141.8,19.09,1.70,8.91,203.9,2298,69.62,-0.74,0.000,0.00,0.000,-6.36,14.6,11,0.00,0
92.794,on,-4.69,0.00,3.12,-5.47,13.68,36,-16,9.0,14.50,14.16,-5.67,-5.58,14.65,0.49,0.50,14.70,192.2,0.875,13,0.00,0.00,0,935.0,915.7,1,-2.5,19.00,2.67,1.386,270.0,149.0,141.8,19.05,1.68,8.84,203.9,2310,69.36,-0.79,0.000,0.00,0.000,-6.37,15.0,11,0.00,0
92.852,on,-4.69,0.00,3.12,-5.47,13.74,37,-16,8.6,14.50,14.16,-5.53,-5.48,14.65,0.49,0.49,14.70,192.2,0.875,13,0.00,0.00,0,913.0,915.7,1,-2.5,19.00,2.71,1.395,270.0,149.0,141.8,19.19,1.68,8.97,203.9,2327,65.12,-1.05,0.000,0.00,0.000,-6.58,14.6,12,0.00,0
92.931,on,-4.69,0.00,3.12,-5.47,13.81,38,-16,8.6,14.50,14.16,-5.76,-5.59,14.65,0.48,0.48,14.70,192.2,0.875,13,0.00,0.00,0,894.5,915.7,1,-2.5,19.00,2.66,1.354,270.0,149.0,141.8,18.91,1.62,8.75,203.9,2357,62.10,-1.41,0.000,0.00,0.000,-6.97,14.2,12,0.00,0
92.992,on,-5.47,0.00,3.12,-5.47,13.88,39,-16,9.4,14.50,13.76,-5.78,-5.66,14.65,0.47,0.47,14.70,192.2,0.875,13,0.00,0.00,0,900.9,822.8,1,-2.5,19.50,2.67,1.338,270.0,149.0,141.8,18.92,1.70,8.73,204.0,2397,70.04,-1.10,0.000,0.00,0.000,-6.77,15.4,12,0.00,0
93.077,on,-6.25,0.00,3.12,-5.47,13.91,40,-16,10.6,14.50,14.00,-5.52,-5.49,14.64,0.48,0.48,14.64,192.2,0.875,13,0.00,0.00,0,815.0,915.7,1,-2.5,19.50,2.85,1.395,270.0,149.0,141.8,19.90,1.72,8.98,204.0,2454,79.65,-0.41,0.000,0.00,0.000,-5.96,16.5,12,0.00,0
93.136,on,-6.25,0.00,3.12,-5.47,13.94,41,-16,10.6,14.50,13.92,-5.30,-5.26,14.64,0.49,0.50,14.64,192.2,0.875,13,0.00,0.00,0,865.5,915.7,1,-2.5,18.50,3.12,1.507,270.0,149.0,141.8,20.65,1.76,9.20,204.0,2484,79.81,-0.47,0.000,0.00,0.000,-5.79,16.5,12,0.00,0
93.193,on,-7.03,0.00,3.12,-5.47,13.91,39,-16,10.6,14.50,14.16,-5.21,-5.11,14.64,0.50,0.50,14.64,192.2,0.875,13,0.00,0.00,0,892.9,915.7,1,-2.5,18.00,2.89,1.386,270.0,149.0,141.8,21.03,1.76,9.29,204.0,2499,78.71,-0.71,0.000,0.00,0.000,-5.84,16.5,12,0.00,0
93.262,on,-7.03,0.00,3.12,-5.47,14.02,37,-16,10.6,14.50,14.08,-5.10,-5.06,14.64,0.49,0.50,14.64,192.2,0.875,15,0.00,0.00,0,868.6,915.7,1,-2.5,18.00,2.89,1.382,270.0,149.0,141.8,21.09,1.74,9.41,204.0,2511,79.65,-0.71,0.000,0.00,0.000,-5.79,16.5,12,0.00,0
93.342,on,-7.03,0.00,3.12,-5.47,14.21,37,-16,11.4,14.50,13.92,-4.76,-4.91,14.64,0.50,0.51,14.64,192.2,0.875,15,0.00,0.00,0,916.7,915.7,1,-2.5,17.50,3.03,1.430,269.5,149.0,141.8,21.67,1.84,9.75,204.0,2539,82.64,-0.60,0.000,0.00,0.000,-5.55,16.9,12,0.00,0
93.412,on,-7.03,0.00,3.12,-5.47,14.40,37,-16,12.5,14.50,14.00,-4.63,-4.78,14.64,0.50,0.52,14.64,192.2,0.875,15,0.00,0.00,0,899.9,915.7,1,-2.5,17.50,3.06,1.421,269.5,149.0,141.8,22.33,1.84,9.87,204.0,2583,88.89,-0.36,0.000,0.00,0.000,-5.22,17.3,12,0.00,0
93.492,on,-6.25,0.00,3.12,-5.47,14.54,37,-16,13.7,14.50,14.08,-4.33,-4.57,14.64,0.52,0.53,14.64,192.2,0.875,17,0.00,0.00,0,951.3,1021.9,1,-2.5,17.00,3.25,1.482,270.0,149.0,141.8,23.26,1.88,10.18,204.0,2632,95.58,0.07,0.000,0.00,0.000,-4.55,18.5,13,0.00,0
93.557,on,-5.47,0.00,3.12,-5.47,14.69,36,-16,13.7,14.50,14.16,-4.29,-4.34,14.64,0.53,0.54,14.64,192.2,0.875,19,0.00,0.00,0,971.6,1021.9,1,-2.5,16.00,3.23,1.443,271.0,149.0,141.8,23.97,1.88,10.21,204.0,2682,95.44,-0.05,0.000,0.00,0.000,-4.46,18.5,13,0.00,0
93.612,on,-5.47,0.00,3.12,-5.47,14.75,35,-16,13.3,14.50,13.84,-4.28,-4.15,14.64,0.53,0.53,14.64,192.2,0.875,21,0.00,0.00,0,996.9,1021.9,1,-2.5,16.00,3.19,1.411,271.0,149.0,141.8,24.04,1.82,10.22,204.0,2710,92.90,-0.43,0.000,0.00,0.000,-4.59,18.5,13,0.00,0
93.691,on,-5.47,0.00,3.12,-5.47,14.80,34,-16,13.3,14.50,13.84,-3.86,-4.05,14.64,0.52,0.53,14.64,192.2,0.875,21,0.00,0.00,0,1021.0,1021.9,1,-2.5,16.00,3.26,1.440,270.0,149.0,141.8,24.05,1.88,10.64,204.1,2721,92.29,-0.56,0.000,0.00,0.000,-4.65,18.5,14,0.00,0
93.752,on,-4.69,0.00,3.12,-5.47,14.98,33,-16,12.5,14.50,14.00,-4.20,-4.09,14.64,0.53,0.53,14.64,192.2,0.875,21,0.00,0.00,0,1017.8,1021.9,1,-2.5,16.00,3.29,1.437,271.0,149.0,141.8,24.34,1.88,10.30,204.1,2747,86.93,-0.73,0.000,0.00,0.000,-4.78,18.1,14,0.00,0
93.822,on,-3.91,0.00,3.12,-5.47,15.05,33,-16,6.7,14.50,13.76,-4.51,-4.22,14.64,0.52,0.52,14.64,192.2,0.875,21,0.00,0.00,0,1038.1,915.7,1,-2.5,16.00,3.08,1.318,268.5,149.0,141.8,24.09,1.86,10.00,204.1,2799,58.38,-2.56,0.000,0.00,0.000,-6.73,16.9,14,0.00,0
93.913,on,-3.91,0.00,3.12,-5.47,15.06,32,-16,0.0,14.50,14.08,-5.82,-5.33,14.64,0.43,0.43,14.64,192.2,0.875,0,0.00,0.00,0,884.2,437.9,1,-2.5,16.00,3.06,1.293,271.5,149.0,141.8,20.03,1.76,8.68,204.1,2844,0.00,-6.33,0.000,0.00,0.000,-11.43,7.9,14,0.00,0
93.973,on,0.78,0.00,3.12,-5.47,14.98,22,-16,0.0,14.50,13.84,-8.88,-7.46,14.64,0.28,0.28,14.64,192.2,0.875,0,0.00,0.00,0,738.1,437.9,1,-2.5,5.50,2.40,1.040,270.0,149.0,141.8,12.83,1.14,5.62,204.3,2772,0.00,-4.59,0.000,0.00,0.000,-11.41,6.3,14,0.00,0
94.042,on,0.78,0.00,3.12,-5.47,14.92,6,-13,1.2,14.50,14.08,-10.12,-9.32,14.64,0.21,0.21,14.87,192.2,0.875,0,0.00,0.00,0,622.5,437.9,1,-2.5,5.00,1.74,0.774,270.0,149.0,141.8,9.20,0.92,4.38,204.3,2700,8.29,-2.20,0.000,0.00,0.000,-11.28,6.3,14,0.00,0
94.112,on,0.78,0.00,3.12,-5.47,14.73,0,-6,4.3,14.50,14.00,-10.93,-10.43,14.68,0.17,0.18,14.99,192.2,0.875,0,0.00,0.00,0,542.5,437.9,1,-2.5,24.00,1.58,0.717,270.0,149.0,141.8,7.79,0.96,3.58,204.3,2640,18.23,-0.43,0.000,0.00,0.000,-10.60,8.3,14,0.00,0
94.191,on,-0.78,0.00,3.12,-5.47,14.53,0,-5,3.5,14.50,14.08,-11.09,-10.88,14.68,0.17,0.17,14.99,192.2,0.875,0,0.00,0.00,0,470.3,437.9,1,-2.5,26.00,1.56,0.726,270.0,149.0,141.8,7.50,1.08,3.41,204.3,2584,16.39,0.82,0.000,0.00,0.000,-10.01,8.3,14,0.00,0
94.255,on,-0.78,0.00,3.12,-5.47,14.36,0,-7,0.0,14.50,13.92,-11.18,-11.06,14.68,0.17,0.17,14.99,192.2,0.875,0,0.00,0.00,0,440.1,437.9,1,-2.5,29.00,1.58,0.749,270.0,149.0,141.8,7.33,1.14,3.33,204.3,2536,0.00,-0.48,0.000,0.00,0.000,-11.49,7.5,14,0.00,0
94.312,on,-1.56,0.00,3.12,-5.47,14.18,0,-11,0.0,14.50,14.08,-11.42,-11.27,14.68,0.16,0.16,14.99,192.2,0.875,0,0.00,0.00,0,408.7,437.9,1,-2.5,27.50,1.45,0.698,270.0,149.0,141.8,6.39,0.92,3.08,204.1,2496,0.00,-0.32,0.000,0.00,0.000,-11.51,6.3,15,0.00,0
94.396,on,-3.12,0.00,3.12,-5.47,13.87,0,-10,0.0,14.50,14.00,-11.72,-11.60,14.68,0.13,0.14,14.99,192.2,0.875,0,0.00,0.00,0,351.9,437.9,1,-2.5,25.50,1.30,0.646,270.0,149.0,141.8,5.45,0.86,2.79,204.1,2422,0.00,-0.00,0.000,0.00,0.000,-11.53,6.3,15,0.00,0
94.457,on,-3.91,0.00,3.12,-5.47,13.72,0,-7,0.0,14.50,13.84,-11.82,-11.73,14.68,0.12,0.13,14.99,192.2,0.875,0,0.00,0.00,0,332.6,437.9,1,-2.5,24.50,1.25,0.637,270.0,149.0,141.8,5.00,0.82,2.69,204.1,2364,0.00,0.20,0.000,0.00,0.000,-11.51,6.3,15,0.00,0
94.512,on,-4.69,0.00,3.12,-5.47,13.68,0,-1,0.0,14.50,14.00,-11.89,-11.84,14.69,0.12,0.12,14.99,192.2,0.875,0,0.00,0.00,0,330.9,437.9,2,-2.5,22.50,1.18,0.618,270.0,149.0,141.8,4.67,1.00,2.62,204.1,2294,0.00,0.54,0.000,0.00,0.000,-11.28,6.3,15,0.00,0
94.606,on,-5.47,0.00,3.12,-5.47,13.72,0,3,0.0,14.50,14.08,-11.92,-11.91,14.70,0.12,0.12,14.99,192.2,0.875,0,0.00,0.00,0,359.4,437.9,2,-2.5,21.00,1.03,0.563,270.0,149.0,141.8,4.35,0.96,2.58,204.3,2193,0.00,0.91,0.000,0.00,0.000,-10.99,6.3,15,0.00,0
94.662,on,-5.47,0.00,3.12,-5.47,13.76,0,3,0.0,14.50,14.00,-11.94,-11.92,14.71,0.12,0.12,15.05,192.2,0.875,0,0.00,0.00,0,412.2,437.9,2,-2.5,19.00,0.94,0.538,270.0,149.0,141.8,4.17,1.00,2.57,204.3,2102,0.00,1.28,0.000,0.00,0.000,-10.62,6.3,15,0.00,0
94.740,on,-5.47,0.00,3.12,-5.47,13.84,0,3,0.0,14.50,13.84,-11.87,-11.91,14.71,0.12,0.12,15.05,192.2,0.875,0,0.00,0.00,0,431.0,437.9,2,-2.5,17.50,0.84,0.496,270.0,149.0,141.8,4.08,1.00,2.64,204.3,2020,0.00,1.52,0.000,0.00,0.000,-10.38,6.3,15,0.00,0
94.802,on,-5.47,0.00,3.12,-5.47,13.91,0,3,0.0,14.50,14.00,-11.84,-11.87,14.71,0.12,0.12,15.17,192.2,0.875,0,0.00,0.00,0,464.7,437.9,2,-2.5,15.50,0.79,0.493,270.0,149.0,141.8,3.97,1.00,2.67,204.3,1927,0.00,1.70,0.000,0.00,0.000,-10.19,6.3,15,0.00,0
94.883,on,-5.47,0.00,3.12,-5.47,14.01,0,2,0.0,14.50,14.08,-11.75,-11.82,14.71,0.12,0.13,15.24,192.2,0.875,0,0.00,0.00,0,464.7,437.9,2,-1.5,13.50,0.77,0.506,270.0,149.0,141.8,3.90,1.00,2.76,204.3,1837,0.00,1.77,0.000,0.00,0.000,-10.06,6.3,15,0.00,0
94.943,on,-5.47,0.00,3.12,-5.47,14.11,0,2,0.0,14.50,13.84,-11.74,-11.77,14.71,0.13,0.13,15.36,192.2,0.875,0,0.00,0.00,0,466.3,437.9,2,-1.0,13.50,0.76,0.518,270.0,149.0,141.8,3.84,1.00,2.76,204.4,1756,0.00,1.86,0.000,0.00,0.000,-9.92,6.3,15,0.00,0
95.010,on,-5.47,0.00,3.12,-5.47,14.21,0,2,0.0,14.50,13.92,-11.65,-11.70,14.71,0.13,0.14,15.49,192.2,0.875,0,0.00,0.00,0,477.2,437.9,2,-0.5,13.00,0.72,0.518,270.0,149.0,141.8,3.73,1.00,2.85,204.4,1664,0.00,1.89,0.000,0.00,0.000,-9.82,6.3,16,0.00,0
95.071,on,0.00,0.00,3.12,-5.47,14.34,0,1,0.0,14.50,13.84,-11.59,-11.61,14.65,0.13,0.14,15.49,192.2,0.875,0,0.00,0.00,1,485.3,437.9,2,0.0,13.00,0.70,0.531,270.0,149.0,141.8,3.70,1.00,2.91,204.4,1587,0.00,1.96,0.000,0.00,0.000,-9.67,6.7,16,0.00,0
95.126,on,0.00,0.00,3.12,-5.47,14.42,0,1,0.0,14.50,14.00,-11.45,-11.51,14.65,0.14,0.15,15.49,192.2,0.875,0,0.00,0.00,1,478.9,437.9,2,0.0,13.00,0.72,0.579,269.0,149.0,141.8,3.71,1.02,3.05,204.4,1499,0.00,2.21,0.000,0.00,0.000,-9.33,6.7,16,0.00,0
95.185,on,0.00,0.00,3.12,-5.47,14.53,0,1,0.0,14.50,14.00,-11.33,-11.39,14.65,0.16,0.16,15.42,192.2,0.875,0,0.00,0.00,1,479.0,437.9,3,0.0,12.00,0.76,0.643,267.5,149.0,141.8,3.79,1.04,3.17,204.4,1422,0.00,2.37,0.000,0.00,0.000,-9.05,6.7,16,0.00,0
95.252,on,0.00,0.00,3.12,-5.47,14.66,0,1,0.0,14.50,13.92,-11.22,-11.28,14.65,0.17,0.17,15.42,192.2,0.875,0,0.00,0.00,1,488.0,437.9,3,0.0,12.00,0.73,0.643,267.0,149.0,141.8,3.88,1.02,3.28,204.4,1364,0.00,2.47,0.000,0.00,0.000,-8.83,6.7,16,0.00,0
95.306,on,0.00,0.00,3.12,-5.47,14.78,0,1,0.0,14.50,13.92,-11.08,-11.16,14.65,0.17,0.18,15.36,192.2,0.875,0,0.00,0.00,1,478.5,437.9,3,0.0,11.00,0.73,0.678,266.5,149.0,141.8,3.91,1.00,3.42,204.4,1297,0.00,2.67,0.000,0.00,0.000,-8.51,7.1,16,0.00,0
95.362,on,0.00,0.00,3.12,-5.47,14.85,0,1,0.0,14.50,13.92,-10.96,-11.04,14.65,0.19,0.20,15.36,192.2,0.875,0,0.00,0.00,1,480.8,437.9,3,0.0,11.00,0.78,0.768,265.0,149.0,141.8,3.90,1.02,3.55,204.4,1226,0.00,2.68,0.000,0.00,0.000,-8.37,7.1,16,0.00,0
95.446,on,0.00,0.00,3.12,-5.47,15.03,0,1,0.0,14.50,13.84,-10.80,-10.88,14.65,0.19,0.20,15.11,192.2,0.875,0,0.00,0.00,2,485.9,437.9,3,0.0,10.50,0.75,0.768,265.0,149.0,141.8,3.96,1.00,3.71,204.4,1169,0.00,2.92,0.000,0.00,0.000,-7.97,7.1,16,0.00,0
95.502,on,0.00,0.00,3.12,-5.47,15.29,0,0,0.0,14.50,13.84,-10.68,-10.73,14.65,0.21,0.22,14.93,192.2,0.875,0,0.00,0.00,2,489.5,437.9,3,0.0,9.50,0.77,0.838,265.0,149.0,141.8,3.97,1.08,3.82,204.4,1100,0.00,3.15,0.000,0.00,0.000,-7.60,7.1,16,0.00,0
95.582,on,0.00,0.00,3.12,-5.47,15.63,0,0,0.0,14.50,13.76,-10.46,-10.53,14.64,0.23,0.23,14.53,192.2,0.875,0,0.00,0.00,0,486.4,437.9,3,0.0,9.50,0.81,0.954,265.0,149.0,141.8,3.91,1.06,4.04,204.4,1016,0.00,3.38,0.000,0.00,0.000,-7.15,7.1,15,0.00,0
95.642,on,0.00,0.00,3.12,-5.47,15.84,0,0,0.0,14.50,13.76,-10.27,-10.32,14.63,0.25,0.25,14.82,192.2,0.875,0,0.00,0.00,0,483.1,437.9,4,0.0,9.00,0.74,0.954,265.0,149.0,141.8,3.84,1.04,4.23,204.4,934,0.00,3.62,0.000,0.00,0.000,-6.73,7.1,15,0.00,0
95.722,on,0.00,0.00,3.12,-5.47,16.23,0,0,0.0,14.50,13.76,-10.00,-10.08,14.62,0.26,0.26,14.99,192.2,0.875,0,0.00,0.00,0,459.2,437.9,4,0.0,7.50,0.81,1.133,265.0,149.0,141.8,3.74,1.04,4.50,204.4,855,0.00,3.78,0.000,0.00,0.000,-6.30,7.1,15,0.00,0
95.782,on,0.00,0.00,3.12,-5.47,16.19,0,0,0.0,14.50,13.92,-9.72,-9.79,14.62,0.27,0.28,14.99,192.2,0.875,0,0.00,0.00,0,444.8,437.9,4,0.0,8.00,0.78,1.133,265.0,149.0,141.8,3.83,1.06,4.79,204.4,821,0.00,3.70,0.000,0.00,0.000,-6.12,7.1,15,0.00,0
95.862,on,0.00,0.00,3.12,-5.47,16.55,0,0,0.0,14.50,14.00,-9.42,-9.52,14.62,0.30,0.30,14.93,192.2,0.875,0,0.00,0.00,0,417.4,437.9,4,0.0,7.00,0.84,1.277,265.0,149.0,141.8,3.91,1.10,5.08,204.4,794,0.00,3.51,0.000,0.00,0.000,-6.00,7.1,15,0.00,0
95.922,on,0.00,0.00,3.12,-5.47,16.85,0,0,0.0,14.50,13.76,-9.15,-9.26,14.62,0.30,0.31,14.87,192.2,0.875,0,0.00,0.00,0,407.6,437.9,4,0.0,7.50,0.83,1.277,265.0,149.0,141.8,4.05,1.08,5.35,204.4,782,0.00,3.30,0.000,0.00,0.000,-6.00,7.5,15,0.00,0
96.006,on,0.00,0.00,3.12,-5.47,17.20,0,0,0.0,14.50,13.84,-9.04,-9.05,14.62,0.31,0.32,14.82,192.2,0.875,0,0.00,0.00,0,419.4,437.9,4,0.0,6.50,0.91,1.411,265.0,149.0,141.8,4.16,1.04,5.46,204.4,770,0.00,3.04,0.000,0.00,0.000,-6.00,7.5,14,0.00,0
96.063,on,0.00,0.00,3.12,-5.47,17.56,0,-1,0.0,14.50,13.76,-8.80,-8.82,14.62,0.34,0.34,14.82,192.2,0.875,0,0.00,0.00,0,411.8,437.9,4,0.0,7.00,0.90,1.411,265.0,149.0,141.8,4.28,1.10,5.71,204.4,762,0.00,2.85,0.000,0.00,0.000,-6.00,7.5,14,0.00,0
96.131,on,0.00,0.00,3.12,-5.47,17.82,0,-1,0.0,14.50,13.76,-8.54,-8.64,14.62,0.34,0.34,14.76,192.2,0.875,0,0.00,0.00,0,389.8,437.9,4,0.0,7.00,0.90,1.411,265.0,149.0,141.8,4.39,1.08,5.96,204.4,769,0.00,2.66,0.000,0.00,0.000,-6.00,7.1,14,0.00,0
96.191,on,0.00,0.00,3.12,-5.47,17.80,0,-1,0.0,14.50,13.84,-8.45,-8.49,14.62,0.34,0.35,14.76,192.2,0.875,0,0.00,0.00,0,405.5,437.9,4,0.0,7.00,0.95,1.485,265.0,149.0,141.8,4.43,1.06,6.06,204.4,770,0.00,2.51,0.000,0.00,0.000,-6.00,7.1,14,0.00,0
96.246,on,0.00,0.00,3.12,-5.47,17.96,0,-1,0.0,14.50,13.84,-8.33,-8.41,14.62,0.34,0.34,14.76,192.2,0.875,0,0.00,0.00,0,412.6,437.9,4,0.0,7.00,0.96,1.485,265.0,149.0,141.8,4.45,1.04,6.18,204.4,776,0.00,2.41,0.000,0.00,0.000,-6.00,6.7,14,0.00,0
96.302,on,0.00,0.00,3.12,-5.47,17.74,0,-1,0.0,14.50,13.84,-8.31,-8.35,14.62,0.34,0.34,14.76,192.2,0.875,0,0.00,0.00,0,414.1,437.9,4,0.0,6.50,0.93,1.418,265.0,149.0,141.8,4.43,1.02,6.20,204.4,787,0.00,2.36,0.000,0.00,0.000,-6.00,6.3,14,0.00,0
96.381,on,0.00,0.00,3.12,-5.47,17.69,0,-1,0.0,14.50,13.92,-8.32,-8.36,14.62,0.32,0.33,14.82,192.2,0.875,0,0.00,0.00,0,402.4,437.9,4,0.0,6.50,0.93,1.418,265.0,149.0,143.6,4.38,1.04,6.19,204.4,790,0.00,2.36,0.000,0.00,0.000,-6.00,6.3,14,0.00,0
96.442,on,0.00,0.00,3.12,-5.47,17.54,0,-1,0.0,14.50,13.76,-8.37,-8.40,14.62,0.32,0.33,14.87,192.2,0.875,0,0.00,0.00,0,414.2,437.9,4,0.0,7.00,0.95,1.418,265.0,149.0,143.6,4.36,1.04,6.13,204.4,804,0.00,2.40,0.000,0.00,0.000,-6.02,6.3,14,0.00,0
96.521,on,0.00,0.00,3.12,-5.47,17.48,0,-1,0.0,14.50,13.84,-8.45,-8.48,14.62,0.31,0.32,14.87,192.2,0.875,0,0.00,0.00,0,399.4,437.9,4,0.0,7.00,0.92,1.366,265.0,149.0,143.6,4.35,1.02,6.06,204.5,809,0.00,2.43,0.000,0.00,0.000,-6.05,6.3,14,0.00,0
96.582,on,0.00,0.00,3.12,-5.47,17.29,0,-1,0.0,14.50,13.76,-8.53,-8.54,14.62,0.31,0.32,14.87,192.2,0.875,0,0.00,0.00,0,407.2,437.9,4,0.0,7.00,0.93,1.366,265.0,149.0,143.6,4.35,0.98,5.98,204.5,813,0.00,2.47,0.000,0.00,0.000,-6.06,6.3,14,0.00,0
96.661,on,0.00,0.00,3.12,-5.47,17.19,0,-1,0.0,14.50,13.76,-8.58,-8.61,14.62,0.31,0.32,14.87,192.2,0.875,0,0.00,0.00,0,399.5,437.9,4,0.0,7.00,0.92,1.357,265.0,149.0,143.6,4.33,1.02,5.93,204.5,815,0.00,2.52,0.000,0.00,0.000,-6.09,6.3,14,0.00,0
96.722,on,0.00,0.00,3.12,-5.47,17.14,0,-1,0.0,14.50,13.76,-8.63,-8.65,14.62,0.31,0.32,14.87,192.2,0.875,0,0.00,0.00,0,389.5,437.9,4,0.0,7.00,0.93,1.357,265.0,149.0,143.6,4.35,1.00,5.87,204.5,821,0.00,2.52,0.000,0.00,0.000,-6.10,6.3,14,0.00,0
96.802,on,0.00,0.00,3.12,-5.47,17.09,0,-1,0.0,14.50,13.84,-8.66,-8.69,14.62,0.31,0.32,14.87,192.2,0.875,0,0.00,0.00,0,395.2,437.9,4,0.0,7.00,0.94,1.373,265.0,149.0,143.6,4.32,1.02,5.84,204.5,820,0.00,2.58,0.000,0.00,0.000,-6.11,6.3,14,0.00,0
96.863,on,0.00,0.00,3.12,-5.47,17.00,0,-1,0.0,14.50,13.76,-8.71,-8.73,14.62,0.31,0.31,14.87,192.2,0.875,0,0.00,0.00,0,388.7,437.9,4,0.0,7.00,0.95,1.373,265.0,149.0,143.6,4.35,1.04,5.80,204.5,830,0.00,2.55,0.000,0.00,0.000,-6.16,6.3,14,0.00,0
96.942,on,0.00,0.00,3.12,-5.47,17.03,0,-1,0.0,14.50,13.76,-8.77,-8.77,14.62,0.31,0.31,14.87,192.2,0.875,0,0.00,0.00,0,396.9,437.9,4,0.0,7.00,0.96,1.373,265.0,149.0,143.6,4.39,1.04,5.73,204.5,839,0.00,2.56,0.000,0.00,0.000,-6.21,6.3,14,0.00,0
97.002,on,0.00,0.00,3.12,-5.47,17.01,0,-1,0.0,14.50,13.76,-8.81,-8.82,14.62,0.31,0.31,14.87,192.2,0.875,0,0.00,0.00,0,391.9,437.9,4,0.0,7.50,0.97,1.373,265.0,149.0,143.6,4.43,1.00,5.70,204.5,847,0.00,2.54,0.000,0.00,0.000,-6.26,6.3,14,0.00,0
97.083,on,0.00,0.00,3.12,-5.47,16.98,0,-2,0.0,14.50,13.84,-8.85,-8.85,14.62,0.31,0.31,14.82,192.2,0.875,0,0.00,0.00,0,404.3,437.9,4,0.0,7.50,0.95,1.341,265.0,149.0,143.6,4.45,0.96,5.65,204.5,854,0.00,2.56,0.000,0.00,0.000,-6.29,6.3,13,0.00,0
97.143,on,0.00,0.00,3.12,-5.47,16.96,0,-2,0.0,14.50,13.76,-8.88,-8.89,14.62,0.31,0.31,14.82,192.2,0.875,0,0.00,0.00,0,397.0,437.9,3,0.0,7.50,0.96,1.341,265.0,149.0,143.6,4.47,1.00,5.62,204.4,860,0.00,2.56,0.000,0.00,0.000,-6.32,6.3,13,0.00,0
97.222,on,0.00,0.00,3.12,-5.47,16.95,0,-2,0.0,14.50,13.68,-8.93,-8.94,14.62,0.31,0.31,14.82,192.2,0.875,0,0.00,0.00,0,401.0,437.9,3,0.0,7.50,0.97,1.341,265.0,149.0,143.6,4.49,1.00,5.57,204.4,868,0.00,2.58,0.000,0.00,0.000,-6.37,6.3,13,0.00,0
97.282,on,0.00,0.00,3.12,-5.47,16.86,0,-2,0.0,14.50,13.76,-8.97,-8.98,14.62,0.30,0.31,12.93,192.2,0.875,0,0.00,0.00,0,394.0,437.9,3,0.0,7.50,0.98,1.341,265.0,149.0,143.6,4.50,1.02,5.53,204.4,873,0.00,2.58,0.000,0.00,0.000,-6.39,6.3,13,0.00,0
97.363,on,0.00,0.00,3.12,-5.47,16.87,0,-2,0.0,14.50,13.84,-9.02,-9.04,14.04,0.30,0.31,12.93,192.2,0.875,0,0.00,0.00,0,403.6,437.9,3,0.0,7.50,1.13,1.533,265.0,149.0,143.6,4.52,0.94,5.48,204.4,882,0.00,2.60,0.000,0.00,0.000,-6.44,6.3,13,0.00,0
97.422,on,0.00,3.91,3.12,-5.47,16.86,0,-2,0.0,14.50,13.76,-9.10,-9.10,14.04,0.30,0.30,12.93,192.2,0.875,0,0.00,0.00,0,390.9,437.9,3,0.0,8.00,1.15,1.533,265.0,149.0,143.6,4.55,0.98,5.40,204.4,898,0.00,2.57,0.000,0.00,0.000,-6.50,6.3,13,0.00,0
97.502,on,0.00,3.91,3.12,-5.47,16.79,0,-2,0.0,14.50,13.76,-9.15,-9.17,14.04,0.30,0.30,12.84,192.2,0.875,0,0.00,0.00,0,407.5,437.9,3,0.0,8.00,1.14,1.498,265.0,149.0,143.6,4.57,0.98,5.35,204.4,911,0.00,2.58,0.000,0.00,0.000,-6.59,6.3,13,0.00,0
97.562,on,0.00,3.91,3.12,-5.47,16.67,0,-2,0.0,14.50,13.76,-9.24,-9.25,14.04,0.28,0.30,12.84,192.2,0.875,0,0.00,0.00,0,421.7,437.9,3,0.0,8.00,1.15,1.498,265.0,149.0,143.6,4.59,1.00,5.26,204.4,925,0.00,2.58,0.000,0.00,0.000,-6.66,6.3,13,0.00,0
97.642,on,0.00,3.91,3.12,-5.47,16.58,0,-2,0.0,14.50,13.52,-9.31,-9.32,14.04,0.28,0.29,12.84,192.2,0.875,0,0.00,0.00,0,412.9,437.9,3,0.0,8.00,1.14,1.462,265.0,149.0,143.6,4.56,0.98,5.19,204.4,934,0.00,2.61,0.000,0.00,0.000,-6.71,6.3,13,0.00,0
97.702,on,0.00,3.91,3.12,-5.47,16.45,0,-2,0.0,14.50,13.76,-9.43,-9.41,14.04,0.28,0.29,12.84,192.2,0.875,0,0.00,0.00,0,425.3,437.9,3,0.0,8.50,1.11,1.418,265.0,149.0,143.6,4.53,0.94,5.07,204.4,943,0.00,2.63,0.000,0.00,0.000,-6.77,6.3,13,0.00,0
97.780,on,0.00,3.91,3.12,-5.47,16.30,0,-2,0.0,14.50,13.84,-9.49,-9.49,14.04,0.28,0.28,12.84,192.2,0.875,0,0.00,0.00,0,419.0,437.9,3,0.0,8.50,1.12,1.418,265.0,149.0,143.6,4.48,0.98,5.01,204.4,948,0.00,2.70,0.000,0.00,0.000,-6.79,6.3,13,0.00,0
97.856,on,0.00,3.91,3.12,-5.47,16.15,0,-2,3.1,14.50,13.84,-9.56,-9.57,14.05,0.27,0.28,12.76,192.2,0.875,0,0.00,0.00,0,411.8,437.9,3,0.0,8.50,1.11,1.402,265.0,149.0,143.6,4.44,0.96,4.94,204.3,953,3.60,2.74,0.000,0.00,0.000,-6.81,6.3,13,0.00,0
97.912,on,0.00,3.91,3.12,-5.47,15.89,0,-2,24.3,14.50,13.84,-9.60,-9.53,14.05,0.28,0.29,12.76,192.2,0.875,0,0.00,0.00,0,425.8,504.3,3,0.0,9.00,1.12,1.402,265.0,149.0,143.6,4.70,1.08,4.90,204.3,957,118.44,8.42,0.000,0.00,0.000,-1.11,13.4,14,0.00,0
97.993,on,0.00,3.91,3.12,-5.47,15.62,0,-2,50.2,14.50,13.52,-4.36,-6.75,13.99,0.65,0.66,12.71,192.2,0.875,0,0.00,0.00,0,680.4,1300.6,3,-4.0,10.00,1.53,1.907,265.0,149.0,143.6,10.53,2.60,10.15,204.3,961,166.08,8.01,0.000,0.00,0.060,0.64,100.0,14,0.00,0
98.052,off,0.00,3.91,3.12,-5.47,15.19,0,-2,50.2,14.50,13.68,-0.39,-2.66,13.99,0.81,0.81,12.80,192.2,0.875,0,0.00,-1.41,0,1111.6,1446.5,3,-4.0,4.00,1.64,1.907,265.0,149.0,143.6,13.97,1.84,14.12,204.3,1029,172.78,3.45,0.000,0.00,0.146,0.79,100.0,14,0.00,0
98.135,off,2.34,3.91,3.12,-5.47,14.72,0,-4,43.9,14.50,13.28,-0.45,-1.22,13.99,0.83,0.84,14.04,192.2,0.875,0,0.00,-1.41,0,1452.5,1592.5,0,-4.0,3.50,2.74,2.448,266.0,149.0,143.6,18.74,1.66,14.06,204.5,1344,215.14,3.59,0.422,3.14,0.774,2.19,100.0,14,0.39,0
98.197,off,3.91,3.91,3.12,-5.47,15.37,0,-6,23.1,14.50,13.28,-0.51,-0.72,13.98,0.87,0.87,13.99,192.2,0.875,0,0.00,-1.41,0,1439.4,1552.7,2,-2.5,9.50,3.43,2.349,272.0,149.0,143.6,25.30,1.88,13.99,204.5,1751,190.64,2.71,0.945,2.70,0.834,1.97,61.8,14,6.67,0
98.254,off,3.91,3.91,3.12,-5.47,14.58,0,-6,12.2,14.50,13.28,-1.81,-0.96,13.98,0.83,0.84,13.99,192.2,0.875,0,0.00,-1.41,0,1486.9,1552.7,2,-2.5,11.50,4.01,2.358,280.0,149.0,143.6,28.45,1.94,12.69,204.5,2043,105.18,-2.40,0.000,0.00,0.904,-3.26,18.9,14,0.00,0
98.321,off,2.34,3.91,3.12,-5.47,14.32,7,-4,9.0,14.50,12.96,-4.08,-2.48,13.97,0.63,0.64,13.99,192.2,0.875,0,0.00,-1.41,0,1476.5,1340.4,1,-2.5,15.00,3.82,1.914,280.0,149.0,143.6,25.68,1.48,10.43,204.5,2394,65.89,-4.18,0.000,0.00,0.954,-6.67,12.2,14,0.00,0
98.386,off,2.34,3.91,3.12,-5.47,14.27,9,-2,9.4,14.50,13.28,-5.91,-4.68,13.92,0.52,0.52,13.99,192.2,0.875,3,0.00,0.00,0,1319.6,1021.9,1,-2.5,17.00,3.42,1.565,271.0,149.0,143.6,22.77,1.46,8.60,204.5,2626,66.14,-2.00,0.000,0.00,1.000,-6.68,11.4,14,0.00,0
98.435,off,3.12,3.91,3.12,-5.47,14.30,11,-2,1.6,14.50,13.28,-7.58,-6.52,14.00,0.44,0.45,13.94,192.2,0.875,7,0.00,0.00,0,1120.4,822.8,1,-2.5,22.50,3.20,1.373,269.5,149.0,141.8,20.79,1.54,6.92,204.4,2794,16.14,-3.85,0.000,0.00,1.000,-10.23,8.3,14,0.00,0
98.493,off,3.12,3.91,3.12,-5.47,14.37,11,-5,0.0,14.50,13.28,-9.15,-8.15,14.00,0.32,0.33,14.04,192.2,0.875,0,0.00,0.00,0,961.2,437.9,1,-2.5,24.50,2.78,1.149,274.0,149.0,141.8,16.04,1.22,5.36,204.4,2900,0.00,-3.29,0.000,0.00,1.000,-11.44,4.7,14,0.00,0
98.573,off,3.12,3.91,3.12,-5.47,14.33,5,-12,0.0,14.50,13.04,-10.68,-9.97,14.00,0.22,0.23,13.99,192.2,0.875,0,0.00,0.00,4,813.9,437.9,1,-2.5,25.50,2.15,0.874,278.5,149.0,141.8,11.36,0.82,3.82,204.4,2952,0.00,-1.71,0.000,0.00,1.000,-11.46,4.7,14,0.00,0
98.632,off,0.00,3.91,3.12,-5.47,14.28,0,-9,0.0,14.50,13.20,-11.59,-11.06,14.02,0.16,0.17,14.93,192.2,0.875,0,0.00,0.00,4,795.1,437.9,1,-2.5,23.50,2.12,0.874,276.0,149.0,141.8,8.05,0.80,2.91,204.4,2908,0.00,-0.39,0.000,0.00,1.000,-11.46,4.7,14,0.00,0
98.715,off,0.00,3.12,3.12,-5.47,14.15,0,-4,0.0,14.50,13.28,-12.06,-11.69,14.08,0.13,0.13,14.99,192.2,0.875,0,0.00,0.00,4,796.3,437.9,1,-2.5,22.00,2.05,0.874,271.0,149.0,141.8,6.10,0.82,2.44,204.4,2813,0.00,0.15,0.000,0.00,1.000,-11.43,4.7,14,0.00,0
98.772,off,0.00,3.12,3.12,-5.47,14.04,0,0,0.0,14.50,13.28,-12.02,-12.00,14.16,0.10,0.11,14.99,192.2,0.875,0,0.00,0.00,4,797.7,437.9,1,-2.5,21.00,1.98,0.874,270.0,149.0,140.0,5.09,0.84,2.48,204.3,2720,0.00,0.57,0.000,0.00,1.000,-11.43,4.7,14,0.00,0
98.858,off,0.00,2.34,3.12,-5.47,14.09,0,2,0.0,14.50,13.20,-12.34,-12.21,14.23,0.09,0.10,14.99,192.2,0.875,0,0.00,0.00,4,801.6,437.9,1,-2.5,19.50,1.91,0.874,270.0,149.0,140.0,4.40,0.80,2.16,204.3,2630,0.00,0.71,0.000,0.00,1.000,-11.46,4.7,14,0.00,0
98.914,off,0.00,2.34,3.12,-5.47,14.27,0,2,0.0,14.50,13.28,-12.41,-12.32,14.31,0.09,0.10,14.99,192.2,0.875,0,0.00,0.00,4,801.6,437.9,1,-2.5,17.50,1.85,0.874,270.0,149.0,140.0,4.04,0.72,2.09,204.3,2537,0.00,0.83,0.000,0.00,1.000,-11.49,5.1,14,0.00,0
98.982,off,0.00,1.56,3.12,-5.47,14.49,0,0,0.0,14.50,13.28,-12.44,-12.38,14.37,0.09,0.09,14.99,192.2,0.875,0,0.00,0.00,4,806.9,437.9,1,-2.5,17.00,1.79,0.874,270.0,149.0,140.0,3.83,0.68,2.07,204.3,2460,0.00,0.86,0.000,0.00,1.000,-11.52,5.1,14,0.00,0
99.046,off,0.00,0.78,3.12,-5.47,14.90,0,-3,0.0,14.50,13.12,-12.40,-12.36,14.43,0.09,0.10,13.02,192.2,0.875,0,0.00,0.00,4,806.9,437.9,1,-2.5,15.00,1.73,0.874,270.0,149.0,140.0,3.95,0.68,2.11,204.3,2376,0.00,0.84,0.000,0.00,1.000,-11.52,6.7,14,0.00,0
99.096,off,0.00,0.78,3.12,-5.47,15.89,0,-2,0.0,14.50,13.28,-12.12,-12.23,14.49,0.10,0.11,13.02,192.2,0.875,0,0.00,0.00,4,806.9,437.9,1,-2.5,14.00,1.67,0.874,270.0,149.0,140.0,4.13,0.90,2.38,204.1,2300,0.00,0.98,0.000,0.00,1.000,-11.25,6.7,14,0.00,0
99.161,off,0.00,0.00,3.12,-5.47,16.34,0,-2,0.0,14.50,13.28,-12.11,-12.14,14.55,0.10,0.12,13.02,192.2,0.875,0,0.00,0.00,4,812.2,437.9,0,-2.5,14.00,1.62,0.874,270.0,149.0,140.0,4.27,1.00,2.39,204.1,2226,0.00,1.14,0.000,0.00,1.000,-11.00,6.7,14,0.00,0
99.243,off,0.00,0.00,3.12,-5.47,17.32,0,-1,0.0,14.50,13.28,-11.99,-12.02,14.55,0.12,0.13,13.02,192.2,0.875,0,0.00,0.00,4,812.2,437.9,2,-2.5,14.00,1.54,0.874,270.0,149.0,140.0,4.43,1.06,2.51,204.1,2120,0.00,1.32,0.000,0.00,1.000,-10.70,6.7,14,0.00,0
99.306,on,0.00,0.00,3.12,-5.47,18.09,0,-1,0.0,14.50,13.20,-11.82,-11.91,14.55,0.13,0.13,13.02,192.2,0.875,0,0.00,0.00,4,812.2,437.9,2,-2.5,14.00,1.48,0.874,270.0,149.0,140.0,4.43,1.04,2.69,204.1,2034,0.00,1.46,0.000,0.00,1.000,-10.47,6.7,14,0.00,0
99.362,on,0.00,0.00,3.12,-5.47,18.49,0,-1,0.0,14.50,13.20,-11.73,-11.82,14.55,0.13,0.14,13.07,192.2,0.875,0,0.00,0.00,4,812.4,437.9,2,-2.5,14.00,1.43,0.874,270.0,149.0,140.0,4.40,1.00,2.77,204.1,1958,0.00,1.60,0.000,0.00,1.000,-10.25,6.7,14,0.00,0
99.442,on,0.00,0.00,3.12,-5.47,19.50,0,-1,0.0,14.50,13.28,-11.71,-11.74,14.56,0.13,0.14,13.11,192.2,0.875,0,0.00,0.00,4,817.5,437.9,2,-1.5,13.50,1.34,0.874,270.0,149.0,140.0,4.29,1.00,2.79,204.1,1842,0.00,1.68,0.000,0.00,1.000,-10.05,6.7,15,0.00,0
99.502,on,0.00,0.00,3.12,-5.47,21.09,0,-1,0.0,14.50,13.20,-11.56,-11.62,14.57,0.14,0.15,13.30,192.2,0.875,0,0.00,0.00,4,817.5,437.9,2,-1.0,13.50,1.25,0.874,270.0,149.0,140.0,4.15,0.98,2.94,204.1,1714,0.00,1.73,0.000,0.00,1.000,-9.90,6.7,15,0.00,0
99.585,on,0.00,0.00,3.12,-5.47,22.20,0,-1,0.0,14.50,13.28,-11.48,-11.50,14.58,0.16,0.16,13.39,192.2,0.875,0,0.00,0.00,4,817.5,437.9,2,0.0,13.50,1.15,0.874,270.0,149.0,140.0,4.09,1.02,3.03,204.1,1576,0.00,1.88,0.000,0.00,1.000,-9.65,6.7,15,0.00,0
99.642,on,0.00,0.00,3.12,-5.47,22.20,0,-1,0.0,14.50,13.28,-11.32,-11.35,14.58,0.16,0.17,13.34,192.2,0.875,0,0.00,0.00,4,817.5,437.9,2,0.0,8.00,1.07,0.874,268.0,149.0,140.0,4.12,1.06,3.19,204.1,1464,0.00,2.19,0.000,0.00,1.000,-9.21,7.1,15,0.00,0
99.723,on,0.00,0.00,3.12,-5.47,22.20,0,0,0.0,14.50,13.20,-11.06,-11.15,14.58,0.18,0.19,13.30,192.2,0.875,0,0.00,0.00,4,821.4,437.9,3,0.0,6.50,0.96,0.874,266.5,149.0,140.0,4.13,1.08,3.44,204.4,1316,0.00,2.49,0.000,0.00,1.000,-8.69,7.1,15,0.00,0
99.782,on,0.00,0.00,3.12,-5.47,22.20,0,0,0.0,14.50,13.60,-10.79,-10.94,14.58,0.19,0.20,13.25,192.2,0.875,0,0.00,0.00,4,822.8,437.9,3,0.0,5.50,0.88,0.874,265.0,149.0,140.0,4.09,1.08,3.72,204.4,1211,0.00,2.76,0.000,0.00,1.000,-8.24,7.5,15,0.00,0
99.862,on,0.00,0.00,3.12,-5.47,22.20,0,0,0.0,14.50,13.84,-10.58,-10.64,14.58,0.22,0.23,12.84,192.2,0.875,0,0.00,0.00,4,822.8,437.9,3,0.0,5.00,0.77,0.874,265.0,149.0,140.0,4.09,1.10,3.92,204.4,1064,0.00,3.18,0.000,0.00,1.000,-7.50,7.5,15,0.00,0
99.922,on,0.00,0.00,3.12,-5.47,22.20,0,-5,0.0,14.50,13.76,-10.25,-10.28,13.89,0.25,0.25,12.80,192.2,0.875,0,0.00,0.00,0,827.8,437.9,4,0.0,4.00,0.69,0.874,265.0,149.0,140.0,4.05,1.14,4.26,204.4,953,0.00,3.45,0.000,0.00,1.000,-6.92,7.9,15,0.00,0
100.006,on,0.00,4.69,3.12,-5.47,22.20,0,-10,0.0,14.50,13.60,-9.89,-9.88,13.89,0.27,0.28,13.02,192.2,0.875,0,0.00,0.00,0,805.6,437.9,4,0.0,3.00,0.60,0.874,265.0,149.0,140.0,3.86,1.08,4.62,204.4,825,0.00,3.80,0.000,0.00,1.000,-6.14,7.9,15,0.00,0
100.062,on,0.00,4.69,3.12,-5.47,22.20,0,-13,0.0,14.50,13.76,-9.34,-9.41,13.89,0.31,0.32,12.93,192.2,0.875,0,0.00,0.00,0,756.4,437.9,5,0.0,1.50,0.67,1.126,265.0,149.0,140.0,3.83,1.10,5.16,204.1,713,0.00,3.51,0.000,0.00,1.000,-6.00,9.4,15,0.00,0
100.142,on,0.00,4.69,3.12,-5.47,22.20,0,-13,0.0,14.50,13.76,-8.11,-8.76,13.89,0.37,0.38,12.67,192.2,0.875,0,0.00,0.00,0,702.1,437.9,5,0.0,1.00,0.66,1.126,265.0,149.0,140.0,4.44,1.18,6.39,204.1,705,0.00,2.90,0.000,0.00,1.000,-6.00,9.8,15,0.00,0
100.212,on,0.00,4.69,3.12,-5.47,22.20,0,-14,0.0,14.50,13.60,-7.66,-8.07,13.89,0.41,0.42,12.59,192.2,0.875,0,0.00,0.00,0,662.7,437.9,5,0.0,5.00,0.98,1.664,265.0,149.0,140.0,5.00,1.32,6.85,204.1,707,0.00,2.25,0.000,0.00,1.000,-6.00,9.4,14,0.00,0
100.273,on,0.00,4.69,3.12,-5.47,22.20,0,-14,0.0,14.50,13.68,-7.31,-7.53,13.89,0.41,0.42,12.59,192.2,0.875,0,0.00,0.00,0,599.7,437.9,4,0.0,5.50,1.03,1.664,265.0,149.0,141.8,5.24,1.26,7.20,204.1,743,0.00,1.58,0.000,0.00,1.000,-6.00,7.9,14,0.00,0
100.352,on,0.00,4.69,3.12,-5.47,22.20,0,-14,0.0,14.50,13.68,-7.02,-7.22,13.89,0.40,0.40,12.71,192.2,0.875,0,0.00,0.00,0,539.8,437.9,4,0.0,1.50,1.17,1.766,265.0,149.0,141.8,5.36,1.14,7.48,204.3,797,0.00,1.26,0.000,0.00,1.000,-6.00,6.7,14,0.00,0
100.416,on,0.00,4.69,3.12,-5.47,22.20,0,-13,0.0,14.50,13.84,-7.19,-7.28,13.89,0.37,0.38,12.80,192.2,0.875,0,0.00,0.00,0,480.1,437.9,4,0.0,1.00,1.26,1.766,265.0,149.0,141.8,5.56,1.04,7.31,204.3,856,0.00,1.05,0.000,0.00,1.000,-6.22,6.3,14,0.00,0
100.472,on,0.00,4.69,3.12,-5.47,22.20,0,-12,0.0,14.50,13.84,-7.49,-7.47,13.89,0.36,0.37,12.80,192.2,0.875,0,0.00,0.00,0,436.2,437.9,4,0.0,1.50,1.24,1.629,265.0,149.0,141.8,5.74,0.96,7.01,204.3,913,0.00,0.90,0.000,0.00,1.000,-6.50,6.3,14,0.00,0
100.552,on,0.00,4.69,3.12,-5.47,22.20,0,-10,0.0,14.50,13.76,-7.81,-7.74,13.89,0.35,0.36,12.76,192.2,0.875,0,0.00,0.00,0,419.4,437.9,0,0.0,2.00,1.29,1.629,265.0,149.0,141.8,5.82,1.02,6.69,204.3,950,0.00,0.92,0.000,0.00,1.000,-6.72,6.3,14,0.00,0
100.613,on,0.00,4.69,3.12,-5.47,22.20,0,-9,0.0,14.50,13.60,-8.05,-8.01,13.89,0.35,0.35,12.76,192.2,0.875,0,0.00,0.00,0,390.1,437.9,3,0.0,3.00,1.45,1.750,265.0,149.0,141.8,5.90,1.02,6.46,204.3,993,0.00,0.99,0.000,0.00,1.000,-7.00,6.3,14,0.00,0
100.696,on,0.00,4.69,3.12,-5.47,22.20,0,-7,0.0,14.50,13.76,-8.45,-8.34,13.89,0.34,0.34,12.67,192.2,0.875,0,0.00,0.00,0,390.5,437.9,3,0.0,3.50,1.50,1.750,265.0,149.0,141.8,5.88,1.00,6.05,204.3,1028,0.00,1.07,0.000,0.00,1.000,-7.18,6.3,14,0.00,0
100.752,on,0.00,4.69,3.12,-5.47,22.20,0,-6,0.0,14.50,13.76,-8.70,-8.62,13.89,0.32,0.32,12.80,192.2,0.875,0,0.00,0.00,0,379.2,437.9,3,0.0,0.00,1.54,1.738,265.0,149.0,141.8,5.74,0.94,5.80,204.3,1066,0.00,1.19,0.000,0.00,1.000,-7.40,6.3,14,0.00,0
100.830,on,0.00,4.69,3.12,-5.47,22.20,0,-3,0.0,14.50,13.76,-9.03,-8.92,13.89,0.30,0.31,12.80,192.2,0.875,0,0.00,0.00,0,395.3,437.9,3,0.0,4.50,1.41,1.565,265.0,149.0,141.8,5.52,0.92,5.47,204.3,1085,0.00,1.33,0.000,0.00,1.000,-7.50,6.3,14,0.00,0
100.899,on,0.00,4.69,3.12,-5.47,22.20,0,-2,0.0,14.50,13.76,-9.21,-9.16,13.89,0.28,0.29,12.93,192.2,0.875,0,0.00,0.00,0,406.8,437.9,3,0.0,3.00,1.45,1.565,265.0,149.0,141.8,5.39,0.94,5.29,204.3,1110,0.00,1.50,0.000,0.00,1.000,-7.64,6.3,13,0.00,0
100.963,on,0.00,4.69,3.12,-5.47,22.20,0,0,0.0,14.50,13.68,-9.48,-9.41,13.89,0.27,0.28,12.93,192.2,0.875,0,0.00,0.00,0,407.5,437.9,3,0.0,3.50,1.33,1.427,265.0,149.0,141.8,5.23,1.00,5.02,204.3,1122,0.00,1.63,0.000,0.00,1.000,-7.71,6.3,13,0.00,0
101.042,on,0.00,4.69,3.12,-5.47,21.09,0,1,0.0,14.50,13.68,-9.63,-9.60,13.89,0.27,0.27,12.93,192.2,0.875,0,0.00,0.00,0,430.5,437.9,3,0.0,4.00,1.24,1.315,265.0,149.0,141.8,5.11,0.98,4.87,204.3,1130,0.00,1.82,0.000,0.00,1.000,-7.76,6.3,13,0.00,0
101.103,on,0.00,4.69,3.12,-5.47,20.39,0,2,0.0,14.50,13.84,-9.82,-9.79,13.89,0.26,0.27,12.93,192.2,0.875,0,0.00,0.00,0,428.7,437.9,3,0.0,4.50,1.24,1.315,265.0,149.0,141.8,5.00,0.94,4.68,204.3,1132,0.00,1.97,0.000,0.00,1.000,-7.77,6.3,13,0.00,0
101.181,on,0.00,4.69,3.12,-5.47,19.66,0,2,0.0,14.50,13.76,-9.98,-9.94,13.89,0.26,0.26,12.93,192.2,0.875,0,0.00,0.00,0,418.7,437.9,3,0.0,4.50,1.22,1.306,265.0,150.8,141.8,4.85,0.94,4.53,204.3,1124,0.00,2.16,0.000,0.00,1.000,-7.75,6.3,13,0.00,0
101.242,on,0.00,4.69,3.12,-5.47,18.95,0,1,0.0,14.50,13.68,-10.06,-10.05,13.89,0.25,0.26,12.93,192.2,0.875,0,0.00,0.00,0,437.8,437.9,3,0.0,4.50,1.22,1.306,265.0,149.0,141.8,4.74,0.98,4.44,204.3,1117,0.00,2.32,0.000,0.00,1.000,-7.71,6.3,12,0.00,0
101.322,on,0.00,4.69,3.12,-5.47,18.53,0,1,0.0,14.50,13.60,-10.17,-10.15,13.89,0.25,0.25,12.93,192.2,0.875,0,0.00,0.00,0,443.1,437.9,3,0.0,4.50,1.14,1.238,265.0,149.0,141.8,4.62,0.98,4.34,204.3,1106,0.00,2.49,0.000,0.00,1.000,-7.65,6.3,12,0.00,0
101.383,on,0.00,4.69,3.12,-5.47,18.28,0,1,0.0,14.50,13.68,-10.19,-10.19,13.89,0.25,0.25,12.80,192.2,0.875,0,0.00,0.00,0,445.4,437.9,3,0.0,5.00,1.10,1.213,265.0,150.8,141.8,4.51,1.00,4.31,204.3,1090,0.00,2.63,0.000,0.00,1.000,-7.56,6.3,12,0.00,0
101.463,on,0.00,4.69,3.12,-5.47,18.11,0,1,0.0,14.50,13.76,-10.24,-10.23,13.89,0.25,0.25,12.80,192.2,0.875,0,0.00,0.00,0,415.4,437.9,3,0.0,5.00,1.08,1.213,265.0,150.8,141.8,4.41,1.02,4.26,204.3,1071,0.00,2.76,0.000,0.00,1.000,-7.47,6.3,12,0.00,0
101.523,on,0.00,4.69,3.12,-5.47,17.73,0,1,0.0,14.50,13.76,-10.21,-10.23,13.89,0.25,0.25,12.80,192.2,0.875,0,0.00,0.00,0,424.5,437.9,3,0.0,5.00,1.08,1.229,265.0,150.8,141.8,4.34,1.00,4.30,204.3,1054,0.00,2.87,0.000,0.00,1.000,-7.37,6.3,12,0.00,0
101.604,on,0.00,4.69,3.12,-5.47,17.44,0,1,0.0,14.50,13.68,-10.23,-10.23,13.89,0.25,0.25,12.67,192.2,0.875,0,0.00,0.00,0,411.0,437.9,3,0.0,4.50,1.06,1.232,265.0,150.8,141.8,4.25,0.96,4.27,204.3,1034,0.00,2.95,0.000,0.00,1.000,-7.28,6.3,12,0.00,0
101.663,on,0.00,4.69,3.12,-5.47,17.11,0,1,0.0,14.50,13.68,-10.19,-10.21,13.89,0.25,0.25,12.67,192.2,0.875,0,0.00,0.00,0,421.7,437.9,3,0.0,4.50,1.04,1.232,265.0,150.8,141.8,4.17,1.00,4.32,204.3,1014,0.00,3.03,0.000,0.00,1.000,-7.19,6.3,12,0.00,0
101.741,on,0.00,4.69,3.12,-5.47,16.91,0,1,0.0,14.50,13.76,-10.15,-10.20,13.89,0.25,0.25,12.80,192.2,0.875,0,0.00,0.00,0,417.1,437.9,3,0.0,4.50,1.05,1.267,265.0,150.8,141.8,4.11,0.98,4.36,204.3,997,0.00,3.15,0.000,0.00,1.000,-7.05,6.3,11,0.00,0
101.809,on,0.00,4.69,3.12,-5.47,16.80,0,1,0.0,14.50,13.68,-10.13,-10.18,13.89,0.25,0.25,12.80,192.2,0.875,0,0.00,0.00,0,405.0,437.9,3,0.0,4.00,1.03,1.267,265.0,150.8,141.8,4.05,0.96,4.37,204.3,977,0.00,3.21,0.000,0.00,1.000,-6.97,6.3,11,0.00,0
101.863,on,0.00,4.69,3.12,-5.47,16.67,0,0,0.0,14.50,13.76,-10.13,-10.14,13.89,0.25,0.25,12.80,192.2,0.875,0,0.00,0.00,0,407.5,437.9,3,0.0,4.00,1.01,1.261,265.0,150.8,141.8,4.00,0.96,4.38,204.3,962,0.00,3.25,0.000,0.00,1.000,-6.89,6.3,11,0.00,0
101.941,on,0.00,4.69,3.12,-5.47,16.52,0,0,0.0,14.50,13.76,-10.08,-10.11,13.89,0.25,0.25,12.89,192.2,0.875,0,0.00,0.00,0,400.9,437.9,3,0.0,3.50,1.00,1.261,265.0,150.8,141.8,3.96,1.02,4.42,204.3,948,0.00,3.32,0.000,0.00,1.000,-6.79,6.3,11,0.00,0
102.009,on,0.00,4.69,3.12,-5.47,16.28,0,0,0.0,14.50,13.76,-10.02,-10.05,13.89,0.25,0.25,12.89,192.2,0.875,0,0.00,0.00,0,406.2,437.9,3,0.0,3.50,0.99,1.280,265.0,150.8,141.8,3.92,1.02,4.48,204.0,932,0.00,3.32,0.000,0.00,1.000,-6.74,6.3,11,0.00,0
102.063,on,0.00,4.69,3.12,-5.47,16.12,0,0,0.0,14.50,13.68,-9.99,-10.01,13.89,0.25,0.25,12.89,192.2,0.875,0,0.00,0.00,0,393.6,437.9,3,0.0,3.50,0.98,1.280,265.0,150.8,141.8,3.87,0.94,4.51,204.0,914,0.00,3.36,0.000,0.00,1.000,-6.66,6.3,11,0.00,0
102.143,on,0.00,4.69,3.12,-5.47,15.95,0,0,0.0,14.50,13.60,-9.91,-9.94,13.89,0.25,0.26,13.02,192.2,0.875,0,0.00,0.00,0,403.4,437.9,3,0.0,3.00,0.95,1.280,265.0,150.8,141.8,3.81,0.96,4.59,204.0,895,0.00,3.43,0.000,0.00,1.000,-6.53,6.7,11,0.00,0
102.202,on,0.00,4.69,3.12,-5.47,15.80,0,0,0.0,14.50,13.60,-9.84,-9.86,13.89,0.26,0.26,13.02,192.2,0.875,0,0.00,0.00,0,408.7,437.9,3,0.0,3.50,0.94,1.280,265.0,150.8,141.8,3.79,1.00,4.67,204.0,881,0.00,3.41,0.000,0.00,1.000,-6.47,6.3,11,0.00,0
102.280,on,0.00,4.69,3.12,-5.47,15.65,0,0,0.0,14.50,13.76,-9.78,-9.78,13.89,0.26,0.26,12.93,192.2,0.875,0,0.00,0.00,0,395.1,437.9,3,0.0,2.50,0.96,1.331,265.0,150.8,141.8,3.75,1.00,4.72,204.1,863,0.00,3.45,0.000,0.00,1.000,-6.35,6.3,11,0.00,0
102.349,on,0.00,4.69,3.12,-5.47,15.52,0,0,0.0,14.50,13.76,-9.69,-9.72,13.89,0.26,0.26,12.93,192.2,0.875,0,0.00,0.00,0,408.5,437.9,3,0.0,2.50,0.94,1.331,265.0,150.8,141.8,3.72,0.98,4.81,204.1,847,0.00,3.47,0.000,0.00,1.000,-6.25,6.3,11,0.00,0
102.403,on,0.00,4.69,3.12,-5.47,15.44,0,0,3.5,14.50,13.68,-9.64,-9.67,13.89,0.26,0.27,13.02,192.2,0.875,0,0.00,0.00,0,390.9,437.9,3,0.0,3.00,0.94,1.354,265.0,150.8,141.8,3.72,0.98,4.86,204.1,836,31.83,4.35,0.000,0.00,1.000,-5.33,7.1,11,0.00,0
102.482,on,0.00,4.69,3.12,-5.47,15.37,0,0,22.4,14.50,13.68,-9.44,-9.41,13.89,0.27,0.28,13.02,192.2,0.875,0,0.00,0.00,0,380.0,504.3,3,0.0,3.00,0.93,1.354,265.0,150.8,141.8,4.00,1.08,5.07,204.1,826,99.80,7.14,0.000,0.00,1.000,-2.37,13.0,11,0.00,0
102.543,on,0.00,4.69,3.12,-5.47,15.25,0,0,40.0,14.50,13.76,-1.70,-6.37,13.89,0.62,0.63,12.76,192.2,0.875,0,0.00,-1.41,0,438.6,1207.7,3,-3.5,5.00,1.24,1.802,265.0,150.8,141.8,9.80,2.54,12.80,204.1,824,136.01,5.91,0.000,0.00,1.000,-0.46,74.8,11,0.00,0
102.626,on,0.00,4.69,3.12,-5.47,15.14,0,-1,44.7,14.50,13.76,-0.46,-2.70,13.89,0.76,0.77,12.80,192.2,0.875,0,0.00,-1.41,0,917.2,1446.5,3,-4.0,-2.00,1.25,1.802,265.0,150.8,141.8,10.92,1.68,14.04,204.0,833,140.83,2.96,0.000,0.00,1.000,-0.26,95.3,11,0.00,0
102.686,off,0.00,4.69,3.12,-5.47,15.00,0,-2,44.7,14.50,13.68,-0.36,-1.28,13.89,0.78,0.78,12.80,192.2,0.875,0,0.00,-1.41,0,1269.8,1473.1,3,-4.0,-3.00,2.00,2.442,265.0,150.8,141.8,14.01,1.60,14.14,204.0,983,166.23,2.00,0.000,0.00,1.000,0.71,98.8,11,0.00,0
102.743,off,0.00,4.69,3.12,-5.47,15.81,0,-3,48.6,14.50,13.76,-0.38,-0.77,13.89,0.93,0.93,12.80,192.2,0.875,0,0.00,-1.41,0,1448.1,1552.7,2,-4.0,-1.50,2.50,2.442,265.5,149.0,141.8,19.39,1.68,14.12,204.0,1228,211.85,2.78,0.141,2.79,1.000,2.01,100.0,11,0.00,0
102.820,off,0.00,4.69,3.12,-5.47,16.49,0,-3,58.4,14.50,13.76,-0.47,-0.55,13.89,0.96,0.96,12.80,192.2,0.875,0,0.00,-1.41,0,1417.1,1552.7,2,-3.0,5.00,2.97,2.314,269.5,149.0,141.8,24.70,1.86,14.03,204.0,1541,281.04,5.51,0.465,3.14,1.000,4.94,100.0,11,40.39,0
102.888,off,0.00,4.69,3.12,-5.47,15.37,0,-3,0.0,14.50,13.60,-0.46,-0.53,13.88,0.91,0.91,12.80,192.2,0.875,0,0.00,-1.41,0,1547.5,1552.7,1,-2.5,5.50,4.29,2.605,279.5,150.8,141.8,30.57,1.98,14.05,204.0,1978,0.00,-9.70,0.000,0.00,1.000,-10.23,33.1,11,25.10,0
102.947,off,2.34,4.69,3.12,-5.47,14.55,0,-1,0.0,14.50,13.68,-3.69,-1.75,13.88,0.80,0.81,13.89,192.2,0.875,0,0.00,-1.41,0,1332.2,437.9,1,-2.5,-8.50,4.12,2.182,286.5,149.0,141.8,29.47,1.32,10.82,204.3,2268,0.00,-9.37,0.000,0.00,1.000,-11.12,4.7,11,0.00,0
103.027,off,0.00,4.69,3.12,-5.47,14.20,0,-1,0.0,14.50,13.60,-7.26,-4.99,13.84,0.52,0.53,14.70,192.2,0.875,0,0.00,-1.41,4,1057.1,437.9,1,-2.5,-10.00,3.54,1.747,270.0,149.0,141.8,20.85,0.86,7.25,204.3,2428,0.00,-7.10,0.000,0.00,1.000,-11.53,4.7,11,0.00,0
103.083,off,0.00,4.69,3.12,-5.47,13.80,0,0,0.0,14.50,13.76,-9.15,-7.87,13.94,0.37,0.38,14.70,192.2,0.875,0,0.00,0.00,4,1051.1,437.9,1,-2.5,-10.00,3.52,1.747,270.0,149.0,141.8,14.58,0.88,5.35,204.3,2419,0.00,-3.67,0.000,0.00,1.000,-11.53,4.7,11,0.00,0
103.161,off,0.00,3.91,3.12,-5.47,13.72,0,-1,0.0,14.50,13.68,-10.17,-9.47,14.01,0.27,0.28,14.76,192.2,0.875,0,0.00,0.00,4,1051.1,437.9,1,-2.5,-8.50,3.39,1.747,270.0,149.0,141.8,10.45,0.92,4.34,204.3,2327,0.00,-1.99,0.000,0.00,1.000,-11.35,4.7,11,0.00,0
103.222,off,0.00,3.91,3.12,-5.47,13.84,0,-1,0.0,14.50,13.76,-10.97,-10.45,14.07,0.22,0.22,14.93,192.2,0.875,0,0.00,0.00,4,1055.2,437.9,1,-2.5,-9.00,3.30,1.747,270.0,149.0,140.0,8.20,0.86,3.54,203.9,2263,0.00,-0.83,0.000,0.00,1.000,-11.12,4.7,11,0.00,0
103.285,off,0.00,3.12,3.12,-5.47,13.95,0,-1,0.0,14.50,13.68,-11.28,-11.00,14.13,0.18,0.18,14.99,192.2,0.875,0,0.00,0.00,4,1056.4,437.9,1,-2.5,-9.00,3.18,1.747,270.0,149.0,140.0,6.61,0.84,3.23,203.9,2183,0.00,0.06,0.000,0.00,1.000,-10.89,5.1,11,0.00,0
103.333,off,0.00,3.12,3.12,-5.47,14.28,0,-1,0.0,14.50,13.68,-11.58,-11.38,14.19,0.16,0.16,14.99,192.2,0.875,0,0.00,0.00,4,1056.4,437.9,1,-2.5,-9.00,3.07,1.747,270.0,149.0,140.0,5.62,0.88,2.93,203.9,2107,0.00,0.66,0.000,0.00,1.000,-10.66,5.1,11,0.00,0
103.401,off,0.00,2.34,3.12,-5.47,14.87,0,-1,0.0,14.50,13.60,-11.71,-11.59,14.25,0.14,0.15,14.99,192.2,0.875,0,0.00,0.00,4,1056.4,437.9,1,-2.5,-9.00,2.96,1.747,270.0,149.0,140.0,5.00,0.92,2.80,203.9,2035,0.00,1.16,0.000,0.00,1.000,-10.39,5.5,11,0.00,0
103.476,off,0.00,1.56,3.12,-5.47,15.90,0,-1,0.0,14.50,13.76,-11.73,-11.69,14.34,0.14,0.14,13.07,192.2,0.875,0,0.00,0.00,4,1056.4,437.9,1,-2.5,-9.50,2.84,1.747,270.0,150.8,140.0,4.58,0.92,2.78,203.9,1948,0.00,1.50,0.000,0.00,1.000,-10.19,5.5,11,0.00,0
103.533,off,0.00,1.56,3.12,-5.47,16.73,0,-1,0.0,14.50,13.68,-11.69,-11.70,14.40,0.13,0.14,13.16,192.2,0.875,0,0.00,0.00,4,1057.8,437.9,1,-2.0,-10.00,2.71,1.747,270.0,149.0,140.0,4.34,0.96,2.81,203.8,1863,0.00,1.63,0.000,0.00,1.000,-10.08,5.9,11,0.00,0
103.611,off,0.00,0.78,3.12,-5.47,18.30,0,-1,0.0,14.50,13.44,-11.64,-11.66,14.49,0.13,0.14,13.20,192.2,0.875,0,0.00,0.00,4,1061.7,437.9,1,-1.5,-10.00,2.59,1.747,270.0,150.8,140.0,4.20,0.98,2.87,203.8,1781,0.00,1.71,0.000,0.00,1.000,-9.95,5.9,11,0.00,0
103.673,off,0.00,0.00,3.12,-5.47,21.98,0,-1,0.0,14.50,13.76,-11.53,-11.56,14.56,0.14,0.15,13.34,192.2,0.875,0,0.00,0.00,4,1061.7,437.9,1,-1.0,-10.50,2.47,1.747,270.0,150.8,138.2,4.32,1.00,2.97,203.8,1694,0.00,1.80,0.000,0.00,1.000,-9.79,7.1,11,0.00,0
103.753,off,0.00,0.00,3.12,-5.47,22.20,0,-1,0.0,14.50,13.60,-11.25,-11.36,14.58,0.17,0.17,13.39,192.2,0.875,0,0.00,0.00,4,1061.7,437.9,2,0.0,-10.50,2.33,1.747,270.0,150.8,138.2,4.63,1.08,3.26,203.8,1602,0.00,1.70,0.000,0.00,1.000,-9.66,7.5,11,0.00,0
103.815,off,0.00,0.00,3.12,-5.47,22.20,0,-1,0.0,14.50,13.76,-11.14,-11.20,14.58,0.18,0.19,13.39,192.2,0.875,0,0.00,0.00,4,1061.7,437.9,2,0.0,-11.00,2.20,1.747,269.0,150.8,138.2,4.87,1.12,3.37,203.8,1513,0.00,1.84,0.000,0.00,1.000,-9.38,7.5,10,0.00,0
103.881,off,0.00,0.00,3.12,-5.47,22.20,0,-1,0.0,14.50,13.44,-10.97,-11.04,14.58,0.21,0.21,13.34,192.2,0.875,0,0.00,0.00,4,1061.8,437.9,2,0.0,-11.00,2.09,1.747,268.0,150.8,138.2,4.98,1.10,3.54,203.8,1435,0.00,1.99,0.000,0.00,1.000,-9.08,7.5,10,0.00,0
103.943,on,0.00,0.00,3.12,-5.47,22.20,0,-1,0.0,14.50,13.68,-10.80,-10.87,14.58,0.22,0.22,13.30,192.2,0.875,0,0.00,0.00,4,1067.0,437.9,2,0.0,11.50,2.00,1.747,267.0,150.8,138.2,5.09,1.14,3.70,203.8,1373,0.00,2.14,0.000,0.00,1.000,-8.76,7.5,10,0.00,0
104.003,on,0.00,0.00,3.12,-5.47,22.20,0,-1,0.0,14.50,13.68,-10.60,-10.71,14.58,0.23,0.23,13.20,192.2,0.875,0,0.00,0.00,4,1067.0,437.9,2,0.0,11.50,1.88,1.747,266.0,150.8,138.2,5.07,1.08,3.91,203.8,1288,0.00,2.28,0.000,0.00,1.000,-8.43,7.5,9,0.00,0
104.093,on,0.00,0.00,3.12,-5.47,22.20,0,-1,0.0,14.50,13.76,-10.42,-10.52,14.58,0.25,0.25,13.07,192.2,0.875,0,0.00,0.00,4,1067.0,437.9,2,0.0,5.50,1.74,1.747,265.0,150.8,138.2,4.98,1.10,4.09,203.8,1193,0.00,2.51,0.000,0.00,1.000,-8.04,7.5,9,0.00,0
104.160,on,0.00,0.00,3.12,-5.47,22.20,0,-1,0.0,14.50,13.68,-10.25,-10.28,13.89,0.27,0.28,12.80,192.2,0.875,0,0.00,0.00,0,1067.0,437.9,2,0.0,4.50,1.52,1.747,265.0,150.8,140.0,4.74,1.10,4.26,203.8,1042,0.00,2.93,0.000,0.00,1.000,-7.38,7.5,9,0.00,0
104.236,on,0.00,4.69,3.12,-5.47,22.20,0,0,0.0,14.50,13.76,-9.84,-9.97,13.89,0.28,0.29,12.84,192.2,0.875,0,0.00,0.00,0,1016.6,437.9,2,0.0,3.50,1.35,1.747,265.0,150.8,140.0,4.55,1.10,4.67,203.8,926,0.00,3.33,0.000,0.00,1.000,-6.67,7.9,9,0.00,0
104.293,on,0.00,4.69,3.12,-5.47,22.20,0,0,0.0,14.50,13.84,-9.47,-9.62,13.89,0.31,0.32,12.93,192.2,0.875,0,0.00,0.00,0,971.6,437.9,2,0.0,2.50,0.76,1.091,265.0,150.8,140.0,4.48,1.12,5.04,203.8,836,0.00,3.50,0.000,0.00,1.000,-6.20,7.9,9,0.00,0
104.374,on,0.00,4.69,3.12,-5.47,22.20,0,0,0.0,14.50,13.76,-9.11,-9.26,13.89,0.34,0.34,12.89,192.2,0.875,0,0.00,0.00,0,911.8,437.9,2,0.0,2.00,0.77,1.091,265.0,150.8,140.0,4.91,1.16,5.40,203.8,849,0.00,3.08,0.000,0.00,1.000,-6.23,7.9,8,0.00,0
104.449,on,0.00,4.69,3.12,-5.47,22.20,0,0,0.0,14.50,13.76,-8.87,-8.99,13.89,0.35,0.36,12.84,192.2,0.875,0,0.00,0.00,0,854.8,437.9,2,0.0,2.50,0.87,1.206,265.0,150.8,140.0,5.19,1.12,5.63,203.8,864,0.00,2.65,0.000,0.00,1.000,-6.34,7.5,8,0.00,0
104.526,on,0.00,4.69,3.12,-5.47,22.20,0,0,0.0,14.50,13.84,-8.73,-8.83,13.89,0.36,0.36,12.84,192.2,0.875,0,0.00,0.00,0,807.9,437.9,2,0.0,2.50,0.88,1.206,265.0,150.8,140.0,5.33,1.14,5.78,203.9,877,0.00,2.43,0.000,0.00,1.000,-6.41,7.5,8,0.00,0
104.573,on,0.00,4.69,3.12,-5.47,22.20,0,0,0.0,14.50,14.00,-8.67,-8.74,13.89,0.36,0.37,12.80,192.2,0.875,0,0.00,0.00,0,742.4,437.9,2,0.0,3.00,0.97,1.293,265.0,150.8,140.0,5.46,1.12,5.83,203.9,896,0.00,2.23,0.000,0.00,1.000,-6.52,7.1,8,0.00,0
104.653,on,0.00,4.69,3.12,-5.47,22.20,0,0,0.0,14.50,14.00,-8.71,-8.74,13.89,0.35,0.36,12.76,192.2,0.875,0,0.00,0.00,0,694.1,437.9,2,0.0,3.00,1.00,1.293,265.0,150.8,140.0,5.59,1.12,5.79,203.9,927,0.00,2.06,0.000,0.00,1.000,-6.68,7.1,7,0.00,0
104.713,on,0.00,4.69,3.12,-5.47,22.20,0,0,0.0,14.50,13.76,-8.75,-8.79,13.89,0.35,0.35,12.80,192.2,0.875,0,0.00,0.00,0,643.9,437.9,2,0.0,3.00,1.10,1.392,265.0,150.8,140.0,5.65,1.06,5.75,203.9,950,0.00,2.01,0.000,0.00,1.000,-6.76,6.7,7,0.00,0
104.792,on,0.00,4.69,3.12,-5.47,22.20,0,-1,0.0,14.50,13.76,-8.84,-8.87,13.89,0.35,0.35,12.76,192.2,0.875,0,0.00,0.00,0,589.1,437.9,2,0.0,3.50,1.13,1.392,265.0,150.8,140.0,5.70,1.06,5.66,203.9,976,0.00,1.93,0.000,0.00,1.000,-6.94,6.7,7,0.00,0
104.853,on,0.00,4.69,3.12,-5.47,22.20,0,-1,0.0,14.50,13.52,-9.09,-9.02,13.89,0.34,0.34,12.76,192.2,0.875,0,0.00,0.00,0,511.4,437.9,2,0.0,3.50,1.19,1.434,265.0,150.8,140.0,5.69,1.04,5.42,203.8,995,0.00,1.94,0.000,0.00,1.000,-7.04,6.3,7,0.00,0
104.935,on,0.00,4.69,3.12,-5.47,22.20,0,-1,0.0,14.50,13.76,-9.23,-9.19,13.89,0.32,0.33,12.67,192.2,0.875,0,0.00,0.00,0,470.5,437.9,2,0.0,4.00,1.30,1.536,265.0,150.8,140.0,5.66,1.00,5.27,203.8,1018,0.00,2.02,0.000,0.00,1.000,-7.16,6.3,7,0.00,0
104.993,on,0.00,4.69,3.12,-5.47,22.20,0,-1,0.0,14.50,13.84,-9.34,-9.33,13.89,0.32,0.33,12.67,192.2,0.875,0,0.00,0.00,0,453.5,437.9,2,0.0,4.00,1.32,1.536,265.0,150.8,140.0,5.60,1.02,5.16,203.8,1033,0.00,2.09,0.000,0.00,1.000,-7.23,6.3,7,0.00,0
105.071,on,0.00,4.69,3.12,-5.47,22.20,0,-1,0.0,14.50,13.92,-9.53,-9.49,13.89,0.31,0.32,12.67,192.2,0.875,0,0.00,0.00,0,426.7,437.9,2,0.0,4.00,1.36,1.571,265.0,150.8,140.0,5.48,1.04,4.98,203.8,1038,0.00,2.22,0.000,0.00,1.000,-7.27,6.3,7,0.00,0
105.133,on,0.00,4.69,3.12,-5.47,22.20,0,-1,0.0,14.50,13.92,-9.63,-9.61,13.89,0.30,0.31,12.67,192.2,0.875,0,0.00,0.00,0,435.2,437.9,2,0.0,4.00,1.36,1.571,265.0,150.8,140.0,5.35,1.02,4.87,203.8,1039,0.00,2.33,0.000,0.00,1.000,-7.28,6.3,7,0.00,0
105.213,on,0.00,4.69,3.12,-5.47,22.20,0,-1,0.0,14.50,13.68,-9.77,-9.72,13.89,0.30,0.30,12.67,192.2,0.875,0,0.00,0.00,0,403.7,437.9,2,0.0,4.00,1.32,1.523,265.0,150.8,140.0,5.23,1.04,4.73,203.8,1038,0.00,2.45,0.000,0.00,1.000,-7.27,6.3,7,0.00,0
105.273,on,0.00,4.69,3.12,-5.47,21.06,0,-1,0.0,14.50,13.92,-9.80,-9.80,13.89,0.30,0.30,12.67,192.2,0.875,0,0.00,0.00,0,406.4,437.9,2,0.0,4.00,1.31,1.520,265.0,150.8,140.0,5.13,1.06,4.70,203.8,1033,0.00,2.54,0.000,0.00,1.000,-7.25,6.3,7,0.00,0
105.352,on,0.00,4.69,3.12,-5.47,20.05,0,-1,0.0,14.50,13.84,-9.88,-9.87,13.89,0.28,0.30,12.67,192.2,0.875,0,0.00,0.00,0,422.5,437.9,2,0.0,4.00,1.30,1.520,265.0,150.8,140.0,5.02,1.02,4.62,203.8,1025,0.00,2.66,0.000,0.00,1.000,-7.20,6.3,7,0.00,0
105.419,on,0.00,4.69,3.12,-5.47,19.52,0,-1,0.0,14.50,13.92,-9.92,-9.94,13.89,0.28,0.29,12.67,192.2,0.875,0,0.00,0.00,0,404.9,437.9,2,0.0,4.00,1.26,1.494,265.0,150.8,140.0,4.92,1.06,4.58,203.8,1014,0.00,2.75,0.000,0.00,1.000,-7.16,6.3,7,0.00,0
105.473,on,0.00,4.69,3.12,-5.47,18.79,0,-1,0.0,14.50,13.84,-9.96,-9.97,13.89,0.28,0.29,12.67,192.2,0.875,0,0.00,0.00,0,402.0,437.9,2,0.0,4.00,1.25,1.494,265.0,150.8,140.0,4.84,1.04,4.55,203.7,1004,0.00,2.84,0.000,0.00,1.000,-7.11,6.3,7,0.00,0
105.552,on,0.00,4.69,3.12,-5.47,18.11,0,-1,0.0,14.50,13.92,-9.98,-10.00,13.89,0.28,0.29,12.76,192.2,0.875,0,0.00,0.00,0,408.5,437.9,2,0.0,4.50,1.20,1.462,265.0,150.8,140.0,4.74,1.04,4.52,203.7,988,0.00,2.99,0.000,0.00,1.000,-7.00,6.3,7,0.00,0
105.617,on,0.00,4.69,3.12,-5.47,17.57,0,-1,0.0,14.50,13.92,-9.98,-10.00,13.89,0.28,0.29,12.76,192.2,0.875,0,0.00,0.00,0,419.4,437.9,1,0.0,3.50,1.19,1.466,265.0,150.8,140.0,4.68,1.02,4.52,203.7,975,0.00,3.06,0.000,0.00,1.000,-6.95,6.3,6,0.00,0
105.673,on,0.00,4.69,3.12,-5.47,17.12,0,-1,0.0,14.50,13.92,-9.98,-9.99,13.89,0.28,0.29,12.76,192.2,0.875,0,0.00,0.00,0,399.4,437.9,2,0.0,3.50,1.17,1.466,265.0,150.8,140.0,4.60,1.04,4.52,203.7,958,0.00,3.15,0.000,0.00,1.000,-6.86,6.3,6,0.00,0
105.750,on,0.00,4.69,3.12,-5.47,16.77,0,-1,0.0,14.50,13.92,-9.93,-9.96,13.89,0.28,0.29,12.84,192.2,0.875,0,0.00,0.00,0,403.3,437.9,2,0.0,4.00,1.16,1.488,265.0,150.8,140.0,4.57,1.04,4.57,203.7,938,0.00,3.19,0.000,0.00,1.000,-6.77,6.7,6,0.00,0
105.826,on,0.00,4.69,3.12,-5.47,16.40,0,-1,0.0,14.50,13.92,-9.89,-9.92,13.89,0.28,0.29,12.84,192.2,0.875,0,0.00,0.00,0,408.6,437.9,2,0.0,3.00,1.15,1.488,265.0,150.8,140.0,4.53,1.06,4.61,203.7,925,0.00,3.23,0.000,0.00,1.000,-6.69,6.7,6,0.00,0
105.883,on,0.00,4.69,3.12,-5.47,15.95,0,-1,0.0,14.50,13.76,-9.84,-9.88,13.89,0.28,0.30,12.84,192.2,0.875,0,0.00,0.00,0,389.5,437.9,2,0.0,3.00,1.14,1.504,265.0,150.8,140.0,4.48,1.08,4.67,203.7,908,0.00,3.28,0.000,0.00,1.000,-6.59,6.7,6,0.00,0
105.966,on,0.00,4.69,3.12,-5.47,15.75,0,-1,0.0,14.50,13.84,-9.79,-9.82,13.89,0.30,0.30,12.84,192.2,0.875,0,0.00,0.00,0,405.6,437.9,2,0.0,3.50,1.12,1.504,265.0,150.8,140.0,4.46,1.04,4.72,203.7,897,0.00,3.28,0.000,0.00,1.000,-6.54,6.7,6,0.00,0
106.023,on,0.00,4.69,3.12,-5.47,15.37,0,-1,0.0,14.50,13.92,-9.72,-9.75,13.89,0.30,0.30,12.93,192.2,0.875,0,0.00,0.00,0,387.7,437.9,1,0.0,3.00,1.13,1.533,265.0,150.8,140.0,4.46,0.98,4.78,203.7,885,0.00,3.28,0.000,0.00,1.000,-6.47,6.7,6,0.00,0
106.103,on,0.00,4.69,3.12,-5.47,15.12,0,-1,0.0,14.50,14.00,-9.65,-9.69,13.89,0.30,0.30,12.93,192.2,0.875,0,0.00,0.00,0,399.3,437.9,1,0.0,2.50,1.12,1.533,265.0,150.8,140.0,4.44,1.02,4.85,203.7,877,0.00,3.28,0.000,0.00,1.000,-6.42,6.7,6,0.00,0
106.163,on,0.00,4.69,3.12,-5.47,14.86,0,-1,0.0,14.50,13.92,-9.60,-9.63,13.89,0.30,0.31,12.93,192.2,0.875,0,0.00,0.00,0,379.2,437.9,2,0.0,2.50,1.13,1.562,265.0,150.8,140.0,4.42,1.04,4.90,203.7,865,0.00,3.28,0.000,0.00,1.000,-6.35,6.3,6,0.00,0
106.246,on,3.12,4.69,3.12,-5.47,14.66,0,-1,0.0,14.50,13.84,-9.55,-9.58,13.89,0.30,0.31,14.09,192.2,0.875,0,0.00,0.00,0,402.3,437.9,2,0.0,2.50,1.12,1.562,265.0,150.8,140.0,4.40,1.04,4.95,203.7,858,0.00,3.27,0.000,0.00,1.000,-6.32,6.3,6,0.00,0
106.305,on,2.34,4.69,3.12,-5.47,14.64,0,-1,0.0,14.50,13.84,-9.51,-9.54,13.89,0.30,0.31,14.09,192.2,0.875,0,0.00,0.00,0,379.2,437.9,2,0.0,2.50,1.06,1.485,265.0,150.8,140.0,4.38,0.98,4.99,203.7,853,0.00,3.25,0.000,0.00,1.000,-6.28,6.3,6,0.00,0
106.364,on,3.12,4.69,3.12,-5.47,14.53,0,-1,0.0,14.50,13.92,-9.48,-9.50,13.89,0.30,0.31,14.15,192.2,0.875,0,0.00,0.00,0,397.9,437.9,2,0.0,2.50,1.05,1.485,265.0,150.8,140.0,4.36,0.96,5.03,203.7,846,0.00,3.25,0.000,0.00,1.000,-6.25,6.3,6,0.00,0
106.445,on,2.34,4.69,3.12,-5.47,14.45,0,-1,0.0,14.50,14.00,-9.45,-9.47,13.89,0.31,0.31,14.15,192.2,0.875,0,0.00,0.00,0,380.3,437.9,1,0.0,2.50,1.04,1.482,265.0,150.8,140.0,4.35,0.98,5.06,203.7,843,0.00,3.22,0.000,0.00,1.000,-6.25,6.3,5,0.00,0
106.504,on,2.34,4.69,3.12,-5.47,14.38,0,-1,0.0,14.50,13.84,-9.41,-9.45,13.89,0.30,0.31,14.15,192.2,0.875,0,0.00,0.00,0,386.4,437.9,1,0.0,2.50,1.04,1.482,265.0,150.8,140.0,4.34,1.02,5.09,203.7,840,0.00,3.23,0.000,0.00,1.000,-6.22,6.3,5,0.00,0
106.583,on,2.34,4.69,3.12,-5.47,14.31,0,-1,0.0,14.50,13.84,-9.40,-9.43,13.89,0.30,0.31,14.15,192.2,0.875,0,0.00,0.00,0,375.7,437.9,1,0.0,2.00,1.04,1.494,265.0,150.8,140.0,4.30,1.02,5.11,203.7,835,0.00,3.23,0.000,0.00,1.000,-6.20,6.3,5,0.00,0
106.643,on,2.34,4.69,3.12,-5.47,14.24,0,-1,0.0,14.50,14.00,-9.39,-9.41,13.89,0.30,0.31,14.15,192.2,0.875,0,0.00,0.00,0,371.7,437.9,1,0.0,2.00,1.03,1.494,265.0,150.8,140.0,4.27,1.02,5.11,203.7,827,0.00,3.25,0.000,0.00,1.000,-6.16,6.3,5,0.00,0
106.724,on,2.34,4.69,3.12,-5.47,14.20,0,-1,0.0,14.50,14.00,-9.37,-9.39,13.89,0.31,0.31,14.15,192.2,0.875,0,0.00,0.00,0,377.9,437.9,1,0.0,-2.00,1.03,1.507,265.0,150.8,140.0,4.23,1.00,5.13,203.7,820,0.00,3.25,0.000,0.00,1.000,-6.14,6.3,4,0.00,0
106.783,on,2.34,4.69,3.12,-5.47,14.16,0,-1,0.0,14.50,13.92,-9.36,-9.36,13.89,0.30,0.31,14.09,192.2,0.875,0,0.00,0.00,0,381.9,437.9,1,0.0,-1.00,1.02,1.507,265.0,150.8,140.0,4.17,1.02,5.14,203.6,808,0.00,3.31,0.000,0.00,1.000,-6.05,6.3,4,0.00,0
106.861,on,1.56,4.69,3.12,-5.47,14.14,0,-1,0.0,14.50,14.00,-9.31,-9.32,13.89,0.31,0.31,14.04,192.2,0.875,0,0.00,0.00,0,394.0,437.9,1,0.0,0.00,1.00,1.507,265.0,150.8,140.0,4.13,1.00,5.19,203.6,794,0.00,3.34,0.000,0.00,1.000,-6.00,6.3,4,0.00,0
106.929,on,2.34,4.69,3.12,-5.47,14.14,0,-1,0.0,14.50,14.00,-9.26,-9.30,13.89,0.31,0.32,14.04,192.2,0.875,0,0.00,0.00,0,382.2,437.9,1,0.0,0.00,0.98,1.510,265.0,150.8,141.8,4.12,0.98,5.25,203.6,781,0.00,3.29,0.000,0.00,1.000,-6.00,6.3,4,0.00,0
106.998,on,2.34,4.69,3.12,-5.47,14.15,0,-1,0.0,14.50,13.92,-9.21,-9.23,13.89,0.31,0.32,14.04,192.2,0.875,0,0.00,0.00,0,366.3,437.9,1,0.0,0.50,0.97,1.510,265.0,150.8,141.8,4.12,0.98,5.30,203.6,773,0.00,3.23,0.000,0.00,1.000,-6.00,6.7,4,0.00,0
107.053,on,2.34,4.69,3.12,-5.47,14.15,0,-1,0.0,14.50,14.00,-9.15,-9.14,13.89,0.32,0.32,14.04,192.2,0.875,0,0.00,0.00,0,396.9,437.9,1,0.0,1.50,1.03,1.606,265.0,149.0,141.8,4.15,1.00,5.35,203.5,767,0.00,3.16,0.000,0.00,1.000,-6.00,6.7,4,0.00,0
107.123,on,2.34,4.69,3.12,-5.47,14.18,0,-1,0.0,14.50,13.92,-9.03,-9.05,13.89,0.32,0.33,14.04,192.2,0.875,0,0.00,0.00,0,383.4,437.9,1,0.0,1.50,1.02,1.606,265.0,150.8,141.8,4.20,1.02,5.47,203.5,762,0.00,3.05,0.000,0.00,0.775,-6.00,6.7,4,0.00,0
107.202,on,2.34,4.69,3.12,-5.47,14.20,0,-1,0.0,14.50,13.76,-8.92,-8.94,13.93,0.32,0.33,14.04,192.2,0.875,0,0.00,0.00,0,363.3,437.9,1,0.0,7.50,1.06,1.654,265.0,150.8,141.8,4.27,1.04,5.59,203.5,768,0.00,2.96,0.000,0.00,0.635,-6.00,6.7,4,0.00,0
107.263,on,2.34,4.69,3.12,-5.47,14.21,0,-1,0.0,14.50,13.84,-8.83,-8.88,13.93,0.32,0.33,14.04,192.2,0.875,0,0.00,0.00,0,391.4,437.9,1,0.0,7.00,1.07,1.654,265.0,150.8,141.8,4.30,1.02,5.68,203.5,773,0.00,2.88,0.000,0.00,0.082,-6.00,6.3,4,0.00,0
107.346,on,3.12,4.69,3.12,-5.47,14.25,0,-1,0.0,14.50,13.36,-8.81,-8.85,13.93,0.32,0.33,14.04,192.2,0.875,0,0.00,0.00,0,375.7,437.9,1,0.0,6.50,1.02,1.574,265.0,150.8,141.8,4.29,1.02,5.69,203.5,779,0.00,2.84,0.000,0.00,0.000,-6.00,6.3,3,0.00,0
107.406,on,3.12,4.69,3.12,-5.47,14.29,0,-1,0.0,14.50,13.52,-8.82,-8.85,13.93,0.32,0.33,14.04,192.2,0.875,0,0.00,0.00,0,377.2,437.9,1,0.0,6.50,1.02,1.574,265.0,150.8,141.8,4.24,1.00,5.69,203.7,774,0.00,2.83,0.000,0.00,0.000,-6.00,6.3,3,0.00,0
107.472,on,3.12,4.69,3.12,-5.47,14.28,0,-1,0.0,14.50,13.36,-8.83,-8.83,13.93,0.32,0.33,14.04,192.2,0.875,0,0.00,0.00,0,392.6,437.9,1,0.0,8.50,1.01,1.574,265.0,150.8,141.8,4.23,0.98,5.68,203.7,774,0.00,2.84,0.000,0.00,0.000,-6.00,6.7,3,0.00,0
107.533,on,3.12,4.69,3.12,-5.47,14.30,0,-1,0.0,14.50,13.36,-8.80,-8.81,13.93,0.32,0.33,14.04,192.2,0.875,0,0.00,0.00,0,380.2,437.9,1,0.0,8.50,1.03,1.600,265.0,150.8,141.8,4.26,1.00,5.71,203.7,770,0.00,2.80,0.000,0.00,0.000,-6.00,6.7,2,0.00,0
107.597,on,3.12,4.69,3.12,-5.47,14.31,0,-1,0.0,14.50,13.44,-8.75,-8.76,13.93,0.32,0.33,14.04,192.2,0.875,0,0.00,0.00,0,388.7,437.9,1,0.0,8.50,1.04,1.600,265.0,150.8,141.8,4.29,0.98,5.76,203.7,776,0.00,2.78,0.000,0.00,0.000,-6.00,6.7,2,0.00,0
107.643,on,3.12,4.69,3.12,-5.47,14.32,0,-1,0.0,14.50,13.36,-8.70,-8.73,13.93,0.32,0.33,14.04,192.2,0.875,0,0.00,0.00,0,372.6,437.9,0,0.0,8.50,1.07,1.635,265.0,150.8,141.8,4.30,0.98,5.81,203.7,782,0.00,2.72,0.000,0.00,0.000,-6.00,6.7,2,0.00,0
107.722,on,3.91,4.69,3.12,-5.47,14.38,0,0,0.0,14.50,13.36,-8.69,-8.72,13.93,0.32,0.33,14.04,192.2,0.875,0,0.00,0.00,0,352.6,437.9,0,0.0,8.00,1.07,1.635,265.0,150.8,141.8,4.30,1.00,5.82,203.7,789,0.00,2.70,0.000,0.00,0.000,-6.00,6.3,2,0.00,0
107.786,on,3.91,4.69,3.12,-5.47,14.41,0,0,0.0,14.50,13.44,-8.71,-8.75,13.93,0.31,0.32,14.09,192.2,0.875,0,0.00,0.00,0,388.7,437.9,0,0.0,8.00,1.04,1.552,265.0,150.8,141.8,4.29,0.98,5.79,203.7,802,0.00,2.73,0.000,0.00,0.000,-6.01,5.9,2,0.00,0
107.843,on,3.91,4.69,5.47,-5.47,14.48,0,0,0.0,14.50,13.44,-8.78,-8.80,13.93,0.31,0.32,14.09,192.2,0.875,0,0.00,0.00,0,379.9,437.9,0,0.0,7.00,1.04,1.552,265.0,150.8,141.8,4.27,0.94,5.72,203.7,807,0.00,2.77,0.000,0.00,0.000,-6.04,5.9,1,0.00,0
107.921,on,4.69,4.69,8.59,-5.47,14.55,0,0,0.0,14.50,13.36,-8.87,-8.88,13.93,0.31,0.31,14.09,192.2,0.875,0,0.00,0.00,0,367.1,437.9,0,0.0,7.00,1.06,1.552,265.0,150.8,141.8,4.27,0.98,5.63,203.7,816,0.00,2.77,0.000,0.00,0.000,-6.07,5.9,1,0.00,0
107.993,on,5.47,4.69,10.94,-5.47,14.59,0,1,0.0,14.50,13.44,-8.95,-8.96,13.93,0.31,0.31,14.09,192.2,0.875,0,0.00,0.00,0,377.8,437.9,0,0.0,6.50,1.12,1.642,265.0,150.8,141.8,4.24,1.00,5.56,203.7,818,0.00,2.84,0.000,0.00,0.000,-6.10,5.9,1,0.00,0
108.049,on,5.47,4.69,11.72,-5.47,14.60,0,1,0.0,14.50,13.36,-9.00,-9.01,13.93,0.30,0.31,14.15,192.2,0.875,0,0.00,0.00,0,393.1,437.9,0,0.0,6.50,1.12,1.642,265.0,150.8,141.8,4.20,1.00,5.50,203.6,816,0.00,2.90,0.000,0.00,0.000,-6.09,5.9,1,0.00,0
108.105,on,5.47,4.69,13.28,-5.47,14.64,0,1,0.0,14.50,13.44,-9.04,-9.04,13.93,0.30,0.31,14.15,192.2,0.875,0,0.00,0.00,0,373.9,437.9,0,0.0,6.00,1.13,1.654,265.0,150.8,141.8,4.19,1.02,5.47,203.6,817,0.00,2.95,0.000,0.00,0.000,-6.10,5.9,1,0.00,0
108.173,on,6.25,4.69,13.28,-5.47,14.65,0,1,0.0,14.50,13.52,-9.08,-9.09,13.93,0.30,0.31,14.15,192.2,0.875,0,0.00,0.00,0,397.0,437.9,0,0.0,6.00,1.13,1.654,265.0,150.8,141.8,4.19,1.02,5.42,203.6,819,0.00,2.99,0.000,0.00,0.000,-6.10,6.3,0,0.00,0
108.250,on,6.25,4.69,13.28,-5.47,14.68,0,1,0.0,14.50,13.60,-9.12,-9.13,13.93,0.30,0.31,14.15,192.2,0.875,0,0.00,0.00,0,377.7,437.9,0,0.0,6.00,1.13,1.661,265.0,150.8,141.8,4.15,0.96,5.38,203.6,814,0.00,3.05,0.000,0.00,0.000,-6.08,6.3,0,0.00,0
108.326,on,6.25,4.69,13.28,-5.47,14.69,0,1,0.0,14.50,13.44,-9.14,-9.16,13.93,0.30,0.31,14.15,192.2,0.875,0,0.00,0.00,0,399.9,437.9,0,0.0,6.00,1.12,1.661,265.0,150.8,141.8,4.13,0.98,5.36,203.6,811,0.00,3.06,0.000,0.00,0.000,-6.07,6.3,0,0.00,0
108.383,on,7.03,4.69,13.28,-5.47,14.69,0,1,0.0,14.50,13.52,-9.14,-9.17,13.93,0.30,0.31,14.15,192.2,0.875,0,0.00,0.00,0,379.5,437.9,0,0.0,6.50,1.12,1.667,265.0,150.8,141.8,4.12,1.02,5.36,203.5,809,0.00,3.11,0.000,0.00,0.000,-6.06,6.3,0,0.00,0
108.453,on,7.03,4.69,13.28,-5.47,14.66,0,1,0.0,14.50,13.44,-9.16,-9.16,13.93,0.30,0.31,14.15,192.2,0.875,0,0.00,0.00,0,393.8,437.9,0,0.0,6.50,1.12,1.667,265.0,150.8,141.8,4.11,1.02,5.35,203.5,806,0.00,3.12,0.000,0.00,0.000,-6.04,6.3,0,0.00,0
108.533,on,7.03,4.69,13.28,-5.47,14.63,0,1,0.0,14.50,13.44,-9.06,-9.08,13.93,0.30,0.31,14.15,192.2,0.875,0,0.00,0.00,0,393.2,437.9,0,0.0,7.00,1.13,1.680,265.0,150.8,141.8,4.13,1.04,5.45,203.5,807,0.00,3.06,0.000,0.00,0.000,-6.04,6.3,0,0.00,0
108.593,on,7.03,4.69,13.28,-5.47,14.57,0,1,0.0,14.50,13.60,-8.98,-8.98,13.93,0.30,0.31,14.15,192.2,0.875,0,0.00,0.00,0,386.4,437.9,0,0.0,7.00,1.13,1.680,265.0,150.8,141.8,4.14,1.02,5.52,203.5,807,0.00,2.99,0.000,0.00,0.000,-6.04,6.3,0,0.00,0
108.673,on,7.03,4.69,13.28,-5.47,14.49,0,1,0.0,14.50,13.52,-8.88,-8.89,13.93,0.30,0.31,14.15,192.2,0.875,0,0.00,0.00,0,400.4,437.9,0,0.0,6.50,1.14,1.680,265.0,150.8,141.8,4.19,1.04,5.62,203.5,815,0.00,2.83,0.000,0.00,0.000,-6.08,6.3,0,0.00,0
108.734,on,7.03,4.69,13.28,-5.47,14.38,0,1,0.0,14.50,13.44,-8.82,-8.85,13.93,0.30,0.31,14.15,192.2,0.875,0,0.00,0.00,0,388.3,437.9,0,0.0,6.00,1.16,1.686,265.0,150.8,141.8,4.23,0.98,5.69,203.5,825,0.00,2.74,0.000,0.00,0.000,-6.12,6.3,0,0.00,0
108.824,on,6.25,4.69,13.28,-5.47,14.28,0,1,0.0,14.50,13.60,-8.82,-8.85,13.93,0.30,0.31,14.15,192.2,0.875,0,0.00,0.00,0,400.8,437.9,0,0.0,5.50,1.17,1.674,265.0,150.8,141.8,4.28,0.98,5.69,203.5,838,0.00,2.67,0.000,0.00,0.000,-6.20,5.9,0,0.00,0
108.892,on,6.25,4.69,13.28,-5.47,14.20,0,1,0.0,14.50,13.60,-8.86,-8.88,13.93,0.30,0.30,14.15,192.2,0.875,0,0.00,0.00,0,387.7,437.9,0,0.0,5.50,1.18,1.674,265.0,150.8,141.8,4.30,0.98,5.64,203.5,847,0.00,2.63,0.000,0.00,0.000,-6.26,5.9,0,0.00,0
108.956,on,6.25,4.69,13.28,-5.47,14.13,0,0,0.0,14.50,13.44,-8.87,-8.87,13.94,0.30,0.30,14.09,192.2,0.875,0,0.00,0.00,0,411.2,437.9,0,0.0,4.50,1.19,1.674,265.0,150.8,141.8,4.32,1.02,5.63,203.5,857,0.00,2.59,0.000,0.00,0.000,-6.30,5.9,0,0.00,0
109.005,on,6.25,4.69,13.28,-5.47,14.07,0,0,0.0,14.50,14.00,-8.80,-8.84,13.94,0.30,0.30,14.09,192.2,0.875,0,0.00,0.00,0,393.7,437.9,0,0.0,4.00,1.16,1.619,265.0,150.8,141.8,4.32,1.02,5.71,203.4,863,0.00,2.51,0.000,0.00,0.000,-6.32,5.9,0,0.00,0
109.065,on,6.25,4.69,13.28,-5.47,14.09,0,0,0.0,14.50,14.08,-8.75,-8.80,13.94,0.30,0.30,14.09,192.2,0.875,0,0.00,0.00,0,386.4,437.9,0,0.0,3.00,1.17,1.619,265.0,150.8,141.8,4.31,1.00,5.76,203.4,869,0.00,2.42,0.000,0.00,0.000,-6.37,5.9,0,0.00,0
109.131,on,6.25,4.69,13.28,-5.47,14.06,0,0,3.9,14.50,14.16,-8.75,-8.77,13.94,0.28,0.30,14.09,192.2,0.875,0,0.00,0.00,0,417.9,504.3,0,0.0,2.50,1.13,1.555,265.0,150.8,141.8,4.31,0.94,5.76,203.4,876,32.27,3.43,0.000,0.00,0.000,-5.34,7.1,0,0.00,0
109.206,on,6.25,4.69,10.94,-5.47,14.06,0,0,8.2,14.50,14.16,-8.73,-8.67,13.94,0.30,0.30,14.09,192.2,0.875,0,0.00,0.00,0,433.0,504.3,0,0.0,8.00,1.15,1.555,265.0,150.8,141.8,4.49,1.04,5.77,203.4,884,67.21,4.90,0.000,0.00,0.000,-3.83,8.7,0,0.00,0
109.266,on,6.25,4.69,7.03,-5.47,14.07,0,-1,16.5,14.50,14.00,-7.60,-8.16,13.94,0.34,0.34,14.04,192.2,0.875,0,0.00,0.00,0,458.6,583.9,0,0.0,9.50,1.24,1.667,265.0,150.8,141.8,5.06,1.44,6.90,203.4,894,91.26,5.85,0.000,0.00,0.000,-2.43,11.4,0,0.00,0
109.323,on,6.25,4.69,5.47,-5.47,14.07,0,-2,16.1,14.50,14.00,-7.06,-7.52,13.94,0.39,0.39,13.94,192.2,0.875,0,0.00,0.00,0,525.4,650.3,0,0.0,10.50,1.28,1.667,265.0,150.8,141.8,6.07,1.52,7.45,203.5,918,92.19,5.28,0.000,0.00,0.000,-2.35,11.8,0,0.00,0
109.405,on,6.25,4.69,4.69,-5.47,14.08,0,-3,16.5,14.50,14.00,-6.00,-6.63,13.94,0.44,0.44,13.89,192.2,0.875,0,0.00,0.00,0,661.4,822.8,0,0.0,11.00,1.41,1.770,265.0,150.8,141.8,7.10,1.50,8.51,203.5,954,95.38,4.65,0.000,0.00,0.000,-2.24,11.8,0,0.00,0
109.467,on,6.25,4.69,3.12,-5.47,14.20,0,-7,16.5,14.50,14.00,-5.61,-5.92,13.96,0.47,0.48,13.84,192.2,0.875,0,0.00,0.00,0,763.8,822.8,0,0.0,11.50,1.50,1.770,265.0,150.8,141.8,8.32,1.48,8.89,203.5,1021,99.80,3.91,0.000,0.00,0.000,-2.08,12.6,0,0.00,0
109.543,on,7.03,4.69,3.12,-5.47,14.33,0,-12,16.1,14.50,14.00,-4.91,-5.25,13.96,0.52,0.52,13.89,192.2,0.875,0,0.00,0.00,0,872.9,1021.9,0,-0.5,10.00,1.54,1.715,265.0,150.8,141.8,9.44,1.50,9.59,203.5,1077,102.90,3.56,0.000,0.00,0.000,-1.88,13.0,0,0.00,0
109.606,on,7.81,4.69,3.12,-5.47,14.56,0,-16,15.7,14.50,14.00,-4.55,-4.81,13.96,0.54,0.54,13.94,192.2,0.875,0,0.00,-1.41,0,968.1,1021.9,0,-1.0,8.50,1.68,1.760,265.0,150.8,141.8,10.64,1.52,9.95,203.5,1146,106.58,3.23,0.000,0.00,0.000,-1.74,13.4,0,0.00,0
109.660,on,8.59,4.69,3.12,-5.47,14.73,0,-19,15.3,14.50,14.24,-4.26,-4.44,13.96,0.57,0.58,13.99,192.2,0.875,0,0.00,-1.41,0,1045.5,1114.8,0,-2.0,7.00,1.75,1.760,265.0,150.8,141.8,11.63,1.56,10.25,203.5,1195,108.45,2.94,0.000,0.00,0.000,-1.61,14.2,0,0.00,0
109.717,on,9.38,4.69,3.12,-5.47,15.09,1,-19,14.9,14.50,14.08,-3.94,-4.12,13.96,0.59,0.60,13.99,192.2,0.875,0,0.00,-1.41,0,1095.4,1114.8,0,-2.5,6.00,1.91,1.859,265.5,150.8,141.8,12.36,1.54,10.56,203.5,1234,108.84,2.66,0.000,0.00,0.000,-1.56,14.6,0,0.00,0
109.774,on,10.94,4.69,3.12,-5.47,15.30,4,-20,14.5,14.50,14.00,-3.73,-3.86,13.94,0.61,0.62,13.99,192.2,0.875,0,0.00,-1.41,0,1167.9,1207.7,0,-3.0,5.00,1.99,1.859,266.0,150.8,141.8,13.33,1.58,10.77,203.5,1286,109.75,2.34,0.000,0.00,0.000,-1.60,15.4,0,0.00,0
109.844,on,11.72,4.69,3.12,-5.47,15.16,8,-19,14.5,14.50,14.08,-3.53,-3.64,13.94,0.63,0.64,13.99,192.2,0.875,0,0.00,-1.41,0,1198.6,1207.7,0,-3.5,4.00,2.09,1.891,267.0,150.8,141.8,14.15,1.58,10.97,203.5,1324,110.71,2.09,0.000,0.00,0.000,-1.59,15.7,0,0.00,0
109.920,on,11.72,4.69,3.12,-5.47,14.82,8,-18,14.5,14.50,14.08,-3.42,-3.49,13.92,0.65,0.65,13.94,192.2,0.875,0,0.00,-1.41,0,1209.4,1300.6,0,-3.5,3.50,2.25,1.990,267.0,150.8,141.8,14.80,1.62,11.09,203.5,1354,111.40,1.93,0.000,0.00,0.000,-1.59,15.7,0,0.00,0
109.986,on,10.16,4.69,3.12,-5.47,14.55,9,-14,14.5,14.50,14.00,-3.35,-3.39,13.92,0.66,0.67,13.94,192.2,0.875,0,0.00,-1.41,0,1277.5,1300.6,0,-3.5,4.00,2.25,1.952,267.5,150.8,141.8,15.49,1.66,11.15,203.4,1386,112.33,1.83,0.000,0.00,0.000,-1.57,16.1,0,0.00,0
110.054,on,9.38,4.69,3.12,-5.47,14.18,9,-10,14.5,14.50,14.16,-3.31,-3.37,13.93,0.67,0.68,13.94,192.2,0.875,0,0.00,-1.41,0,1251.8,1300.6,0,-3.5,4.00,2.29,1.939,267.5,150.8,141.8,16.18,1.70,11.20,203.4,1416,113.71,1.84,0.000,0.00,0.000,-1.52,16.5,0,0.00,0
110.124,on,8.59,4.69,3.12,-5.47,14.03,10,-5,14.5,14.50,14.16,-3.29,-3.31,13.93,0.69,0.70,13.94,192.2,0.875,0,0.00,-1.41,0,1313.1,1300.6,0,-3.0,3.50,2.33,1.939,268.0,150.8,141.8,16.77,1.68,11.22,203.4,1444,114.55,1.84,0.000,0.00,0.000,-1.50,16.5,0,0.00,0
110.201,on,8.59,4.69,3.12,-5.47,13.92,10,-3,14.5,14.50,14.00,-3.33,-3.33,13.93,0.70,0.71,13.94,192.2,0.875,0,0.00,-1.41,0,1247.3,1300.6,0,-3.0,4.00,2.42,1.974,269.0,149.0,141.8,17.38,1.70,11.17,203.4,1468,116.14,1.91,0.000,0.00,0.000,-1.42,16.9,0,0.00,0
110.276,on,7.81,4.69,3.12,-5.47,13.85,11,2,14.9,14.50,14.08,-3.35,-3.31,13.93,0.71,0.72,13.94,192.2,0.875,0,0.00,-1.41,0,1323.0,1300.6,0,-3.0,4.00,2.51,2.013,269.0,150.8,141.8,18.00,1.74,11.16,203.4,1495,117.59,1.94,0.000,0.00,0.000,-1.38,16.9,0,0.00,0
110.335,on,7.81,4.69,3.12,-5.47,13.84,12,3,14.9,14.50,14.08,-3.32,-3.30,13.93,0.72,0.73,13.94,192.2,0.875,0,0.00,-1.41,0,1399.7,1393.4,0,-3.0,4.50,2.57,2.045,268.5,149.0,141.8,18.43,1.70,11.18,203.4,1507,118.29,1.98,0.000,0.00,0.000,-1.32,17.3,0,0.00,0
110.410,on,7.81,4.69,3.12,-5.47,13.79,13,3,14.9,14.50,14.08,-3.28,-3.26,13.93,0.74,0.74,13.94,192.2,0.875,0,0.00,-1.41,0,1419.1,1393.4,0,-3.0,5.00,2.53,1.994,269.0,150.8,141.8,18.93,1.74,11.22,203.4,1524,118.55,1.95,0.000,0.00,0.000,-1.33,17.3,0,0.00,0
110.475,on,7.03,4.69,3.12,-5.47,13.71,14,3,14.5,14.50,14.16,-3.18,-3.23,13.93,0.75,0.75,13.94,192.2,0.875,0,0.00,-1.41,0,1435.0,1393.4,0,-3.0,5.00,2.52,1.974,269.5,150.8,141.8,19.24,1.74,11.32,203.4,1533,117.89,1.85,0.000,0.00,0.000,-1.38,17.3,0,0.00,0
110.534,on,7.03,4.69,3.12,-5.47,13.67,15,2,14.1,14.50,14.08,-3.15,-3.20,13.97,0.75,0.76,14.04,192.2,0.875,0,0.00,-1.41,0,1411.1,1393.4,0,-3.0,5.00,2.55,1.990,269.5,150.8,141.8,19.47,1.76,11.35,203.4,1535,116.36,1.71,0.000,0.00,0.000,-1.49,17.3,1,0.00,0
110.612,on,6.25,4.69,3.12,-5.47,13.63,16,2,13.7,14.50,14.08,-3.17,-3.20,14.03,0.76,0.77,14.36,192.2,0.875,0,0.00,-1.41,0,1463.2,1446.5,0,-3.0,5.00,2.49,1.946,268.5,150.8,141.8,19.59,1.74,11.34,203.4,1535,112.85,1.50,0.000,0.00,0.000,-1.71,16.9,1,0.00,0
110.675,on,5.47,3.91,3.12,-5.47,13.61,17,2,13.7,14.50,14.00,-3.20,-3.23,14.11,0.76,0.77,14.59,192.2,0.875,0,0.00,-1.41,0,1507.5,1446.5,0,-3.0,5.00,2.47,1.946,269.0,150.8,141.8,19.45,1.72,11.31,203.4,1525,112.96,1.52,0.000,0.00,0.000,-1.71,16.9,1,0.00,0
110.752,on,5.47,3.91,3.12,-5.47,13.59,18,2,13.7,14.50,14.16,-3.22,-3.23,14.17,0.76,0.77,14.64,192.2,0.875,5,0.00,-1.41,0,1465.6,1446.5,0,-3.0,5.00,2.32,1.846,268.5,149.0,140.0,19.27,1.72,11.28,203.4,1508,113.45,1.57,0.000,0.00,0.000,-1.67,16.9,1,0.00,0
110.827,on,4.69,3.12,3.12,-5.47,13.66,19,1,13.7,14.50,14.00,-3.05,-3.14,14.26,0.76,0.77,14.64,192.2,0.875,9,0.00,-1.41,0,1490.0,1446.5,0,-3.0,4.50,2.24,1.824,268.0,149.0,140.0,18.90,1.74,11.45,203.4,1475,112.61,1.51,0.000,0.00,0.000,-1.66,17.7,1,0.00,0
110.887,on,3.91,2.34,3.12,-5.47,13.73,20,1,13.7,14.50,14.08,-2.82,-2.92,14.32,0.78,0.78,14.64,192.2,0.875,11,0.00,-1.41,0,1472.3,1446.5,0,-3.0,3.50,2.27,1.878,268.0,149.0,140.0,18.91,1.76,11.68,203.4,1451,111.46,1.26,0.000,0.00,0.000,-1.71,18.1,1,0.00,0
110.944,on,3.91,1.56,3.12,-5.47,13.82,20,1,13.3,14.50,14.16,-2.52,-2.64,14.38,0.79,0.80,14.64,192.2,0.875,11,0.00,-1.41,0,1515.3,1446.5,0,-3.5,3.50,2.23,1.882,268.0,149.0,140.0,18.87,1.72,11.98,203.4,1425,109.79,0.94,0.000,0.00,0.000,-1.75,18.1,1,0.00,0
111.023,on,3.91,1.56,3.12,-5.47,13.93,21,1,12.5,14.50,14.16,-2.26,-2.39,14.47,0.80,0.81,14.64,192.2,0.875,11,0.00,-1.41,0,1482.8,1446.5,0,-3.5,2.00,2.26,1.923,267.5,149.0,140.0,18.93,1.74,12.25,203.4,1408,106.38,0.40,0.000,0.00,0.000,-1.99,17.7,2,0.00,0
111.084,on,3.12,0.78,3.12,-5.47,14.01,22,1,11.8,14.50,14.16,-2.24,-2.33,14.53,0.80,0.80,14.64,192.2,0.875,11,0.00,-1.41,0,1434.9,1446.5,0,-3.5,2.00,2.24,1.923,267.5,149.0,140.0,18.71,1.70,12.27,203.4,1398,102.26,0.10,0.000,0.00,0.000,-2.21,16.9,2,0.00,0
111.163,on,3.12,0.78,3.12,-5.47,14.07,22,1,11.0,14.50,14.08,-2.35,-2.33,14.61,0.78,0.79,14.64,192.2,0.875,11,0.00,-1.41,0,1492.7,1446.5,0,-3.5,2.00,2.25,1.910,267.5,149.0,140.0,18.57,1.70,12.16,203.4,1414,100.06,-0.08,0.000,0.00,0.000,-2.41,16.9,2,0.00,0
111.223,on,3.12,0.00,3.12,-5.47,14.16,22,1,10.6,14.50,14.00,-2.44,-2.43,14.68,0.76,0.77,14.70,192.2,0.875,11,0.00,-1.41,0,1464.9,1446.5,0,-3.0,3.00,2.24,1.859,268.0,149.0,140.0,18.74,1.62,12.07,203.5,1449,97.99,-0.17,0.000,0.00,0.000,-2.60,16.5,2,0.00,0
111.295,on,2.34,0.00,3.12,-5.47,14.13,23,1,8.6,14.50,14.00,-2.62,-2.60,14.69,0.75,0.75,14.70,192.2,0.875,13,0.00,-1.41,0,1471.4,1393.4,0,-3.0,4.50,2.26,1.773,269.5,149.0,140.0,19.22,1.68,11.89,203.5,1527,80.46,-1.32,0.000,0.00,0.000,-3.92,15.0,2,0.00,0
111.371,on,1.56,0.00,3.12,-5.47,14.07,25,0,4.3,14.50,14.00,-3.73,-3.12,14.70,0.70,0.71,14.76,192.2,0.875,13,0.00,-1.41,0,1427.3,1340.4,0,-2.5,7.00,2.28,1.702,270.5,149.0,140.0,18.73,1.38,10.77,203.5,1607,32.02,-4.14,0.000,0.00,0.000,-7.10,9.1,2,0.00,0
111.446,on,1.56,0.00,3.12,-5.47,14.07,27,0,0.0,14.50,14.08,-5.33,-4.30,14.71,0.56,0.57,14.76,192.2,0.875,0,0.00,-1.41,0,1363.1,437.9,0,-1.5,8.00,1.97,1.392,270.5,149.0,140.0,15.71,1.22,9.18,203.5,1696,0.00,-5.53,0.000,0.00,0.000,-9.83,7.1,2,0.00,0
111.506,on,0.78,0.00,3.12,-5.47,14.01,31,0,0.0,14.50,13.92,-6.92,-5.76,14.71,0.45,0.46,14.76,192.2,0.875,0,0.00,-1.41,0,1208.9,437.9,0,-1.0,11.50,1.72,1.174,270.0,149.0,140.0,13.21,0.98,7.58,203.5,1759,0.00,-4.44,0.000,0.00,0.000,-9.92,5.9,2,0.00,0
111.563,on,0.00,0.00,3.12,-5.47,13.93,28,0,0.0,14.50,14.00,-7.90,-6.95,14.71,0.39,0.39,14.76,192.2,0.875,0,0.00,0.00,0,1129.8,437.9,0,-1.5,11.50,1.61,1.082,270.0,149.0,140.0,11.38,1.00,6.60,203.4,1791,0.00,-3.12,0.000,0.00,0.000,-9.96,5.9,2,0.00,0
111.642,on,0.00,0.00,3.12,-5.47,13.85,17,0,0.0,14.50,14.00,-8.91,-8.28,14.71,0.32,0.33,14.82,192.2,0.875,0,0.00,0.00,0,1006.3,437.9,0,-1.5,13.00,1.44,0.960,270.0,149.0,138.2,9.84,0.98,5.59,203.4,1806,0.00,-1.67,0.000,0.00,0.000,-9.95,5.9,2,0.00,0
111.705,on,-0.78,0.00,3.12,-5.47,13.76,2,0,0.0,14.50,13.84,-9.62,-9.18,14.71,0.28,0.29,14.82,192.2,0.875,0,0.00,0.00,0,910.0,437.9,0,-1.5,13.00,1.31,0.874,270.0,149.0,138.2,8.55,0.96,4.89,203.4,1798,0.00,-0.91,0.000,0.00,0.000,-9.94,5.9,2,0.00,0
111.781,on,-2.34,0.00,3.12,-5.47,13.64,0,0,0.0,14.50,14.16,-10.14,-9.81,14.71,0.26,0.26,14.82,192.2,0.875,0,0.00,0.00,0,850.1,437.9,0,-1.0,13.00,1.20,0.813,270.0,149.0,138.2,7.55,1.02,4.37,203.4,1766,0.00,-0.08,0.000,0.00,0.000,-9.89,5.9,2,0.00,0
111.850,on,-3.12,0.00,3.12,-5.47,13.47,0,1,10.6,14.50,14.08,-10.40,-10.21,14.71,0.25,0.25,15.11,192.2,0.875,0,0.00,0.00,0,779.4,437.9,0,-1.0,19.00,1.11,0.768,270.0,149.0,138.2,7.16,1.04,4.10,203.4,1729,95.14,5.89,0.000,0.00,0.000,-4.27,15.4,2,0.00,0
111.917,on,-3.12,0.00,3.12,-5.47,13.31,0,1,15.7,14.50,14.16,-8.10,-9.29,14.71,0.39,0.39,14.82,192.2,0.875,0,0.00,0.00,0,689.5,650.3,0,-0.5,19.00,1.85,1.315,270.0,149.0,138.2,11.80,1.62,6.40,203.4,1692,125.09,8.21,0.000,0.00,0.000,-1.07,17.3,2,0.00,0
111.975,on,-4.69,0.00,3.12,-5.47,13.14,0,-1,17.6,14.50,14.00,-6.07,-7.56,14.71,0.57,0.58,14.76,192.2,0.875,5,0.00,-1.41,0,844.6,1114.8,0,-1.5,11.50,2.62,1.850,271.0,149.0,138.2,16.96,1.96,8.43,203.4,1699,134.59,7.13,0.000,0.00,0.000,-0.43,20.1,2,0.00,0
112.052,on,-6.25,0.00,3.12,-5.47,12.94,3,-5,19.6,14.50,14.24,-3.33,-5.11,14.70,0.70,0.70,14.70,192.2,0.875,11,0.00,-1.41,0,1173.2,1300.6,0,-2.5,8.00,2.63,1.805,273.0,149.0,138.2,21.09,2.14,11.17,203.4,1750,145.26,5.59,0.000,0.00,0.000,0.05,22.4,2,0.00,0
112.117,on,-6.25,0.00,3.12,-5.47,13.06,9,-7,20.4,14.50,14.00,-2.33,-3.57,14.68,0.78,0.78,14.70,192.2,0.875,13,0.00,-1.41,0,1241.3,1446.5,0,-2.5,7.50,2.77,1.824,275.5,149.0,138.2,24.11,2.08,12.18,203.4,1825,148.06,3.85,0.000,0.00,0.000,0.00,22.8,2,0.00,0
112.164,on,-4.69,0.00,3.12,-5.47,13.66,10,-7,20.4,14.50,14.08,-1.87,-2.53,14.68,0.81,0.82,14.70,192.2,0.875,15,0.00,-1.41,0,1329.8,1446.5,0,-2.5,6.00,3.00,1.904,277.5,149.0,138.2,25.97,2.02,12.64,203.6,1894,147.12,2.48,0.000,0.00,0.000,-0.20,22.4,2,0.00,0
112.246,on,-3.91,0.00,3.12,-5.47,14.34,9,-6,20.0,14.50,14.08,-1.84,-2.02,14.67,0.80,0.81,14.70,192.2,0.875,17,0.00,-1.41,0,1415.1,1446.5,0,-2.5,6.50,3.21,1.942,279.5,149.0,138.2,26.99,1.94,12.66,203.6,1984,145.41,1.54,0.000,0.00,0.000,-0.50,22.0,2,0.00,0
112.309,on,-1.56,0.00,3.12,-5.47,14.81,10,-1,19.6,14.50,13.92,-1.91,-1.95,14.67,0.80,0.81,14.70,192.2,0.875,19,0.00,-1.41,0,1386.5,1446.5,0,-2.5,7.00,3.35,1.955,281.0,149.0,138.2,27.96,1.96,12.60,203.6,2059,139.78,1.08,0.000,0.00,0.000,-0.85,21.7,2,0.00,0
112.365,on,0.00,0.00,3.12,-5.47,14.94,14,2,18.4,14.50,14.00,-1.96,-1.99,14.67,0.79,0.80,14.70,192.2,0.875,19,0.00,-1.41,0,1423.3,1446.5,0,-2.5,7.50,3.41,1.930,283.0,149.0,138.2,28.39,1.98,12.54,203.6,2122,132.50,0.59,0.000,0.00,0.000,-1.39,20.9,2,0.00,0
112.446,on,0.00,0.00,3.12,-5.47,14.90,15,3,14.5,14.50,14.16,-2.43,-2.19,14.66,0.78,0.79,14.70,192.2,0.875,23,0.00,-1.41,0,1486.0,1446.5,0,-2.5,7.50,3.35,1.846,284.5,149.0,138.2,28.79,1.96,12.08,203.6,2180,109.24,-1.06,0.000,0.00,0.000,-3.22,20.5,2,0.00,0
112.507,on,0.00,0.00,3.12,-5.47,14.82,17,2,4.7,14.50,14.00,-3.33,-2.77,14.66,0.72,0.73,14.70,192.2,0.875,25,0.00,-1.41,0,1502.5,1393.4,0,-2.5,8.50,3.07,1.648,282.5,149.0,138.2,26.90,1.78,11.17,203.5,2237,24.53,-5.77,0.000,0.00,0.000,-8.41,13.0,2,0.00,0
112.584,on,-0.78,0.00,3.12,-5.47,14.69,19,1,0.0,14.50,14.08,-5.35,-4.39,14.66,0.53,0.54,14.70,192.2,0.875,0,0.00,-1.41,0,1373.0,437.9,0,-2.5,15.00,2.69,1.398,270.5,149.0,138.2,19.77,1.18,9.15,203.5,2304,0.00,-6.82,0.000,0.00,0.000,-11.21,6.3,2,0.00,0
112.646,on,-0.78,0.00,3.12,-5.47,14.65,21,0,0.0,14.50,14.24,-7.69,-6.22,14.66,0.39,0.40,14.70,192.2,0.875,0,0.00,0.00,0,1210.8,437.9,0,-2.5,14.00,2.16,1.110,270.0,149.0,138.2,14.64,0.92,6.81,203.5,2331,0.00,-5.24,0.000,0.00,0.000,-11.29,5.9,2,0.00,0
112.714,on,-0.78,0.00,3.12,-5.47,14.61,14,-1,0.0,14.50,14.00,-9.22,-8.20,14.66,0.30,0.30,14.76,192.2,0.875,0,0.00,0.00,0,1076.3,437.9,0,-2.5,15.50,1.79,0.928,270.0,149.0,138.2,11.19,1.00,5.29,203.5,2316,0.00,-3.34,0.000,0.00,0.000,-11.25,5.9,2,0.00,0
112.786,on,-0.78,0.00,3.12,-5.47,14.50,0,-1,0.0,14.50,14.08,-10.15,-9.54,14.70,0.23,0.24,14.82,192.2,0.875,0,0.00,0.00,0,990.3,437.9,0,-2.5,15.50,1.34,0.726,270.0,149.0,138.2,8.66,0.98,4.35,203.5,2221,0.00,-1.40,0.000,0.00,0.000,-10.94,5.9,2,0.00,0
112.846,on,-1.56,0.00,3.12,-5.47,14.28,0,-1,0.0,14.50,14.00,-10.70,-10.36,14.71,0.21,0.21,15.05,192.2,0.875,0,0.00,0.00,0,914.9,437.9,0,-2.5,15.00,1.13,0.646,270.0,149.0,138.2,7.08,0.96,3.80,203.5,2096,0.00,-0.35,0.000,0.00,0.000,-10.60,5.9,2,0.00,0
112.915,on,-2.34,0.00,3.12,-5.47,14.08,0,-1,0.0,14.50,13.76,-10.99,-10.83,14.71,0.18,0.19,15.05,192.2,0.875,0,0.00,0.00,0,841.4,437.9,0,-2.5,15.00,1.00,0.598,270.0,149.0,138.2,6.21,0.94,3.51,203.5,2010,0.00,0.57,0.000,0.00,0.000,-10.26,5.9,2,0.00,0
112.986,on,-3.91,0.00,3.12,-5.47,13.91,0,0,0.0,14.50,14.08,-11.16,-11.06,14.71,0.17,0.18,15.11,192.2,0.875,0,0.00,0.00,0,793.2,437.9,0,-2.0,14.50,0.93,0.573,270.0,149.0,138.2,5.80,0.94,3.34,203.5,1950,0.00,0.90,0.000,0.00,0.000,-10.16,6.3,2,0.00,0
113.040,on,-3.91,0.00,3.12,-5.47,13.80,0,0,0.0,14.50,14.00,-11.27,-11.20,14.71,0.17,0.18,15.17,192.2,0.875,0,0.00,0.00,0,746.5,437.9,0,-2.0,14.50,0.88,0.560,270.0,149.0,138.2,5.51,1.00,3.24,203.5,1886,0.00,1.14,0.000,0.00,0.000,-10.06,6.3,2,0.00,0
113.095,on,-5.47,0.00,3.12,-5.47,13.67,0,0,0.0,14.50,14.08,-11.28,-11.27,14.71,0.17,0.18,15.30,192.2,0.875,0,0.00,0.00,0,712.5,437.9,0,-1.5,14.00,0.86,0.563,270.0,149.0,138.2,5.31,1.00,3.22,203.5,1824,0.00,1.30,0.000,0.00,0.000,-9.98,6.3,2,0.00,0
113.173,on,-6.25,0.00,3.12,-5.47,13.49,0,0,0.0,14.50,14.08,-11.32,-11.30,14.71,0.17,0.18,15.36,192.2,0.875,0,0.00,0.00,0,669.7,437.9,0,-1.0,13.50,0.83,0.570,270.0,149.0,138.2,5.13,1.02,3.19,203.5,1755,0.00,1.40,0.000,0.00,0.000,-9.90,6.3,2,0.00,0
113.236,on,-6.25,0.00,3.12,-5.47,13.39,0,0,2.7,14.50,14.08,-11.31,-11.30,14.72,0.17,0.18,15.42,192.2,0.875,0,0.00,0.00,0,630.6,437.9,0,-1.0,13.00,0.83,0.582,270.0,149.0,138.2,5.07,1.02,3.20,203.5,1702,21.58,2.66,0.000,0.00,0.000,-8.65,7.1,2,0.00,0
113.285,on,-7.81,0.00,3.12,-5.47,13.29,0,0,6.3,14.50,14.08,-11.11,-11.18,14.72,0.19,0.20,15.55,192.2,0.875,0,0.00,0.00,0,593.5,437.9,0,-0.5,14.00,0.96,0.710,270.0,150.8,138.2,5.29,1.14,3.40,203.5,1623,41.33,4.18,0.000,0.00,0.000,-7.01,9.4,2,0.00,0
113.362,on,-7.81,0.00,3.12,-5.47,13.29,0,0,8.2,14.50,14.08,-10.41,-10.71,14.72,0.23,0.23,15.42,192.2,0.875,0,0.00,0.00,0,542.7,437.9,0,0.0,15.50,1.21,0.928,269.5,149.0,138.2,6.38,1.30,4.09,203.5,1566,71.09,6.14,0.000,0.00,0.000,-4.57,11.4,2,0.00,0
113.435,on,-7.81,0.00,3.12,-5.47,13.34,0,-2,9.0,14.50,14.08,-9.06,-9.78,14.72,0.34,0.34,14.87,192.2,0.875,0,0.00,0.00,0,503.6,583.9,0,0.0,16.00,1.74,1.402,268.5,149.0,138.2,8.55,1.58,5.44,203.5,1488,82.31,6.10,0.000,0.00,0.000,-3.79,13.0,2,0.00,0
113.495,on,-7.81,0.00,3.12,-5.47,13.43,0,-6,9.8,14.50,14.08,-7.64,-8.60,14.72,0.44,0.45,14.87,192.2,0.875,0,0.00,0.00,0,521.4,729.9,0,0.0,15.00,1.68,1.402,268.0,149.0,138.2,10.71,1.62,6.87,203.6,1439,94.41,5.86,0.000,0.00,0.000,-2.74,14.2,2,0.00,0
113.573,on,-7.81,0.00,3.12,-5.47,13.52,4,-10,10.6,14.50,14.16,-6.56,-7.45,14.72,0.52,0.52,14.82,192.2,0.875,5,0.00,0.00,0,732.8,915.7,0,0.0,12.50,1.95,1.654,267.5,150.8,138.2,12.21,1.66,7.94,203.6,1412,97.26,5.15,0.000,0.00,0.000,-2.51,15.4,2,0.00,0
113.635,on,-7.81,0.00,3.12,-5.47,13.71,9,-12,10.6,14.50,13.92,-5.37,-6.21,14.72,0.57,0.58,14.76,192.2,0.875,7,0.00,-1.41,0,842.0,1114.8,0,-1.5,11.50,1.91,1.635,267.5,150.8,138.2,13.57,1.72,9.13,203.6,1403,97.79,3.77,0.000,0.00,0.000,-2.44,15.7,2,0.00,0
113.712,on,-7.03,0.00,3.12,-5.47,13.94,19,-16,9.8,14.50,13.92,-4.38,-5.02,14.72,0.61,0.62,14.76,192.2,0.875,9,0.00,-1.41,0,988.0,1207.7,0,-2.5,6.50,1.91,1.613,267.5,150.8,138.2,14.67,1.74,10.12,203.6,1420,94.60,2.61,0.000,0.00,0.000,-2.62,15.7,2,0.00,0
113.781,on,-7.03,0.00,3.12,-5.47,14.16,22,-16,7.5,14.50,14.16,-3.94,-4.35,14.72,0.62,0.63,14.76,192.2,0.875,11,0.00,-1.41,0,1047.3,1207.7,0,-2.5,6.50,1.91,1.581,268.5,150.8,138.2,15.30,1.64,10.56,203.6,1450,70.59,0.01,0.000,0.00,0.000,-4.34,13.4,2,0.00,0
113.846,on,-6.25,0.00,3.12,-5.47,14.36,21,-13,2.0,14.50,14.08,-4.97,-4.41,14.72,0.58,0.59,14.76,192.2,0.875,11,0.00,-1.41,0,1073.5,1114.8,0,-1.5,7.00,1.80,1.453,269.5,150.8,138.2,14.45,1.26,9.53,203.6,1487,23.39,-2.94,0.000,0.00,0.000,-7.27,7.9,2,0.00,0
113.917,on,-6.25,0.00,3.12,-5.47,14.48,21,-11,0.0,14.50,14.00,-5.85,-5.08,14.72,0.52,0.53,14.76,192.2,0.875,11,0.00,-1.41,0,1026.7,1021.9,0,-0.5,7.50,1.84,1.453,269.0,150.8,138.2,13.32,1.18,8.65,203.6,1517,3.19,-3.54,0.000,0.00,0.000,-8.46,7.1,2,0.00,0
113.965,on,-5.47,0.00,3.12,-5.47,14.54,24,-6,0.0,14.50,13.92,-6.45,-5.91,14.72,0.44,0.44,14.82,192.2,0.875,0,0.00,-1.41,0,931.3,822.8,0,0.0,14.00,1.70,1.331,269.0,150.8,138.2,11.34,1.08,8.05,203.6,1535,0.00,-3.63,0.000,0.00,0.000,-9.37,6.3,2,0.00,0
114.042,on,-5.47,0.00,3.12,-5.47,14.61,26,-5,0.0,14.50,14.08,-7.62,-6.85,14.72,0.37,0.38,14.87,192.2,0.875,0,0.00,0.00,0,846.1,437.9,0,0.0,15.00,1.49,1.171,269.0,150.8,138.2,9.65,1.04,6.88,203.6,1530,0.00,-2.53,0.000,0.00,0.000,-9.38,6.3,2,0.00,0
114.105,on,-0.78,0.00,3.12,-5.47,14.68,26,-4,0.0,14.50,14.00,-8.37,-7.86,14.72,0.32,0.34,14.87,192.2,0.875,0,0.00,0.00,0,756.9,437.9,0,0.0,16.00,1.41,1.126,269.0,150.8,138.2,8.31,1.00,6.13,203.7,1505,0.00,-1.63,0.000,0.00,0.000,-9.32,6.3,2,0.00,0
114.176,on,-0.78,0.00,3.12,-5.47,14.70,12,-2,0.0,14.50,14.00,-9.00,-8.58,14.72,0.30,0.31,14.93,192.2,0.875,0,0.00,0.00,0,696.0,437.9,0,0.0,15.50,1.31,1.066,268.5,150.8,138.2,7.46,1.04,5.50,203.7,1474,0.00,-0.76,0.000,0.00,0.000,-9.20,6.3,2,0.00,0
114.224,on,0.00,0.00,3.12,-5.47,14.73,4,0,0.0,14.50,14.00,-9.46,-9.15,14.72,0.28,0.29,14.99,192.2,0.875,0,0.00,0.00,0,643.2,437.9,0,0.0,15.00,1.27,1.066,268.0,150.8,138.2,6.74,1.02,5.04,203.7,1428,0.00,-0.01,0.000,0.00,0.000,-9.05,6.3,2,0.00,0
114.301,on,0.00,0.00,3.12,-5.47,14.73,0,3,0.0,14.50,14.08,-9.92,-9.63,14.72,0.26,0.27,14.99,192.2,0.875,0,0.00,0.00,0,574.5,437.9,0,0.0,14.50,1.17,1.021,267.0,150.8,138.2,6.16,0.94,4.59,203.7,1372,0.00,0.82,0.000,0.00,0.000,-8.81,6.3,2,0.00,0
114.372,on,-0.78,0.00,3.12,-5.47,14.69,0,4,0.0,14.50,14.08,-10.15,-9.99,14.72,0.26,0.26,15.24,192.2,0.875,0,0.00,0.00,0,519.6,437.9,0,0.0,13.00,1.07,0.986,266.5,150.8,138.2,5.49,0.98,4.36,203.7,1300,0.00,1.36,0.000,0.00,0.000,-8.56,6.3,2,0.00,0
114.435,on,-0.78,0.00,3.12,-5.47,14.61,0,4,0.0,14.50,14.08,-10.27,-10.19,14.72,0.25,0.25,15.30,192.2,0.875,0,0.00,0.00,0,483.9,437.9,0,0.0,3.00,1.03,1.014,265.5,150.8,138.2,5.19,1.02,4.24,203.7,1224,0.00,1.93,0.000,0.00,0.000,-8.26,6.3,2,0.00,0
114.514,on,-0.78,0.00,3.12,-5.47,14.48,0,4,0.0,14.50,14.08,-10.29,-10.26,14.72,0.25,0.25,15.11,192.2,0.875,0,0.00,0.00,0,451.2,437.9,0,0.0,0.00,0.97,1.014,265.0,149.0,138.2,4.84,1.04,4.21,203.7,1149,0.00,2.40,0.000,0.00,0.000,-7.86,6.7,2,0.00,0
114.575,on,-1.56,0.00,3.12,-5.47,14.35,0,4,0.0,14.50,14.16,-10.19,-10.23,14.72,0.26,0.27,14.76,192.2,0.875,0,0.00,0.00,0,406.9,437.9,0,0.0,5.50,0.95,1.088,265.0,150.8,138.2,4.65,1.12,4.31,203.7,1046,0.00,2.91,0.000,0.00,0.000,-7.31,7.1,2,0.00,0
114.655,on,-2.34,0.00,3.12,-5.47,14.18,0,3,0.0,14.50,14.16,-10.08,-10.10,14.71,0.27,0.28,14.70,192.2,0.875,0,0.00,0.00,0,403.4,437.9,0,0.0,-2.00,0.88,1.088,265.0,150.8,138.2,4.49,1.12,4.42,203.7,969,0.00,3.21,0.000,0.00,0.000,-6.91,7.1,2,0.00,0
114.719,on,-3.12,0.00,3.12,-5.47,14.04,0,3,0.0,14.50,14.08,-9.90,-9.94,14.69,0.28,0.29,14.82,192.2,0.875,0,0.00,0.00,0,381.1,437.9,0,0.0,-2.50,0.97,1.318,265.0,150.8,138.2,4.30,1.12,4.60,203.7,884,0.00,3.55,0.000,0.00,0.000,-6.39,7.1,2,0.00,0
114.775,on,-3.91,0.00,3.12,-5.47,13.93,0,2,0.0,14.50,14.00,-9.70,-9.78,14.69,0.30,0.31,14.93,192.2,0.875,0,0.00,0.00,0,361.0,437.9,0,0.0,0.00,0.89,1.318,265.0,150.8,138.2,4.16,1.12,4.80,203.7,808,0.00,3.74,0.000,0.00,0.000,-6.04,7.1,2,0.00,0
114.851,on,-3.91,0.00,3.12,-5.47,13.87,0,2,0.0,14.50,14.08,-9.45,-9.51,14.69,0.32,0.34,14.82,192.2,0.875,0,0.00,0.00,0,355.9,437.9,1,0.0,5.00,0.91,1.466,265.0,150.8,138.2,4.08,1.12,5.06,203.7,744,0.00,3.65,0.000,0.00,0.000,-5.93,7.5,2,0.00,0
114.926,on,-4.69,0.00,3.12,-5.47,13.85,0,2,0.0,14.50,14.00,-9.28,-9.20,14.69,0.36,0.36,14.59,192.2,0.875,0,0.00,0.00,0,362.1,437.9,0,0.0,7.50,0.86,1.466,265.0,150.8,138.2,4.24,1.18,5.22,203.7,701,0.00,3.31,0.000,0.00,0.000,-5.93,8.3,2,0.00,0
114.986,on,-4.69,0.00,5.47,-5.47,13.80,0,2,0.0,14.50,13.92,-8.32,-8.70,14.62,0.43,0.43,14.31,192.2,0.875,0,0.00,0.00,0,342.0,437.9,0,0.0,10.00,1.06,1.965,265.0,150.8,138.2,4.65,1.20,6.19,203.7,647,0.00,2.89,0.000,0.00,0.000,-5.93,9.4,1,0.00,0
115.050,on,-4.69,0.00,8.59,-5.47,13.82,0,1,0.0,14.50,13.84,-7.81,-8.16,14.62,0.49,0.49,14.31,192.2,0.875,0,0.00,0.00,0,354.9,437.9,0,0.0,11.00,0.99,1.965,265.0,150.8,138.2,5.00,1.30,6.69,203.6,608,0.00,2.39,0.000,0.00,0.020,-5.93,8.7,1,0.00,0
115.106,on,-4.69,0.00,10.16,-5.47,13.86,0,1,0.0,14.50,13.52,-7.38,-7.66,14.58,0.53,0.53,14.31,192.2,0.875,0,0.00,0.00,0,378.0,437.9,0,-0.5,10.50,0.96,1.965,265.0,150.8,138.2,5.25,1.24,7.12,203.6,589,0.00,1.88,0.000,0.00,0.080,-5.93,7.1,1,0.00,0
115.165,on,-5.47,0.00,11.72,-5.47,13.88,0,1,0.0,14.50,13.44,-7.07,-7.29,14.58,0.54,0.55,14.36,192.2,0.875,0,0.00,-1.41,0,388.7,437.9,0,-1.0,9.50,0.95,1.965,265.0,150.8,138.2,5.35,1.06,7.44,203.6,580,3.80,1.52,0.000,0.00,0.516,-5.87,7.1,1,0.00,0
115.242,on,-5.47,0.00,10.94,-5.47,13.90,0,1,5.9,14.50,13.12,-6.90,-7.01,14.58,0.56,0.56,14.42,192.2,0.875,0,0.00,-1.41,0,369.7,1114.8,0,-1.5,7.50,1.23,2.547,265.0,150.8,138.2,5.45,1.06,7.61,203.6,579,48.70,2.84,0.000,0.00,0.794,-4.19,7.9,1,0.00,0
115.309,on,-5.47,0.00,7.03,-5.47,13.94,0,0,9.8,14.50,12.96,-5.53,-6.06,14.58,0.69,0.69,14.53,192.2,0.875,0,0.00,-1.41,0,818.6,1300.6,0,-3.5,9.50,1.25,2.547,265.0,150.8,138.2,6.82,1.64,8.98,203.6,589,75.61,3.40,0.000,0.00,0.864,-2.99,15.0,1,0.00,0
115.367,on,-5.47,0.00,5.47,-5.47,13.98,0,0,10.2,14.50,12.96,-4.13,-4.81,14.58,0.75,0.76,14.59,192.2,0.875,0,0.00,-1.41,0,1253.9,1393.4,0,-3.5,6.50,1.27,2.547,265.0,150.8,138.2,7.60,1.60,10.37,203.6,600,76.65,2.37,0.000,0.00,0.924,-2.82,13.0,1,0.00,0
115.425,on,-5.47,0.00,4.69,-5.47,14.02,0,-1,10.2,14.50,13.04,-2.57,-3.65,14.58,0.72,0.72,14.59,192.2,0.875,0,0.00,-1.41,0,1275.3,1393.4,0,-3.5,3.50,1.11,2.045,265.0,150.8,138.2,8.12,1.48,11.93,203.6,654,76.65,1.27,0.000,0.00,0.984,-2.81,18.9,1,0.00,0
115.501,on,-5.47,0.00,3.12,-5.47,14.06,0,-1,10.2,14.50,13.52,-1.67,-2.46,14.58,0.79,0.79,14.59,192.2,0.875,0,0.00,-1.41,0,1298.0,1446.5,0,-3.5,0.00,1.25,2.045,265.0,150.8,140.0,9.68,1.70,12.84,203.6,735,76.30,-0.35,0.000,0.00,1.000,-2.92,13.8,1,0.00,0
115.571,on,-6.25,0.00,3.12,-5.47,13.93,0,-1,9.8,14.50,13.52,-2.14,-2.24,14.58,0.70,0.70,14.59,192.2,0.875,0,0.00,-1.41,0,1282.5,1340.4,0,-3.5,3.50,1.29,1.795,265.0,150.8,140.0,10.01,1.30,12.37,203.6,861,79.08,-0.67,0.000,0.00,1.000,-2.89,11.8,1,0.00,0
115.642,on,-7.03,0.00,3.12,-5.47,14.01,0,-1,9.8,14.50,13.36,-2.79,-2.70,14.58,0.65,0.65,14.59,192.2,0.875,0,0.00,-1.41,0,1193.1,1340.4,0,-4.0,4.50,1.55,1.795,265.0,150.8,140.0,11.78,1.34,11.72,203.6,1039,86.36,-0.15,0.000,0.00,1.000,-2.79,12.2,1,0.00,0
115.707,on,-6.25,0.00,3.12,-5.47,14.20,0,2,9.8,14.50,13.52,-3.17,-3.06,14.58,0.66,0.67,14.59,192.2,0.875,0,0.00,-1.41,0,1210.8,1340.4,0,-4.0,7.50,1.46,1.536,265.0,150.8,140.0,12.93,1.44,11.34,203.8,1140,90.55,0.42,0.000,0.00,1.000,-2.62,13.4,1,0.00,0
115.755,on,-5.47,0.00,3.12,-5.47,14.63,0,4,9.8,14.50,13.60,-3.54,-3.37,14.58,0.69,0.69,14.59,192.2,0.875,0,0.00,-1.41,0,1283.5,1340.4,0,-4.0,8.00,1.67,1.642,265.5,150.8,140.0,13.97,1.50,10.97,203.8,1217,93.36,0.81,0.000,0.00,1.000,-2.50,14.2,1,0.00,0
115.832,on,-3.12,0.00,3.12,-5.47,15.16,5,5,8.6,14.50,13.44,-3.67,-3.59,14.58,0.70,0.70,14.59,192.2,0.875,0,0.00,-1.41,0,1290.6,1340.4,0,-3.5,9.50,1.83,1.642,267.0,150.8,140.0,15.56,1.60,10.83,203.8,1334,79.59,0.43,0.000,0.00,1.000,-3.11,13.8,1,0.00,0
115.902,on,0.00,0.00,3.12,-5.47,15.86,19,5,5.1,14.50,13.36,-4.27,-4.08,14.57,0.66,0.66,14.59,192.2,0.875,0,0.00,-1.41,0,1319.0,1340.4,0,-3.0,13.00,2.09,1.690,268.5,150.8,140.0,16.58,1.48,10.24,203.8,1483,38.18,-2.29,0.000,0.00,1.000,-6.31,10.6,1,0.00,0
115.966,on,0.78,0.00,3.12,-5.47,15.79,24,5,0.0,14.50,13.36,-6.17,-5.19,14.56,0.57,0.58,14.59,192.2,0.875,0,0.00,-1.41,0,1254.0,1114.8,0,-1.5,18.00,2.14,1.622,270.0,150.8,140.0,15.07,1.16,8.33,203.8,1585,3.16,-3.57,0.000,0.00,1.000,-8.42,7.1,1,0.00,0
116.036,on,0.78,0.00,3.12,-5.47,15.47,24,4,0.0,14.50,13.52,-7.41,-6.35,14.56,0.48,0.48,14.59,192.2,0.875,0,0.00,-1.41,0,1163.1,437.9,0,-0.5,20.50,1.87,1.360,270.0,150.8,140.0,13.15,1.18,7.09,203.7,1653,0.00,-3.82,0.000,0.00,1.000,-9.75,6.3,1,0.00,0
116.101,on,2.34,0.00,3.12,-5.47,15.09,21,1,0.0,14.50,13.28,-8.20,-7.67,14.57,0.40,0.40,14.59,192.2,0.875,0,0.00,-1.41,0,1034.1,437.9,0,-0.5,20.00,1.76,1.261,270.0,150.8,140.0,11.09,0.98,6.30,203.7,1672,0.00,-2.37,0.000,0.00,1.000,-9.80,6.3,1,0.00,0
116.172,on,0.78,0.00,3.12,-5.47,14.67,11,-1,0.0,14.50,13.36,-9.31,-8.75,14.57,0.34,0.34,14.64,192.2,0.875,0,0.00,0.00,0,936.0,437.9,0,-0.5,20.50,1.53,1.104,270.0,150.8,140.0,9.41,1.02,5.20,203.7,1660,0.00,-1.30,0.000,0.00,1.000,-9.79,6.3,1,0.00,0
116.236,on,0.00,0.00,3.12,-5.47,14.45,4,-1,0.0,14.50,13.44,-9.99,-9.58,14.58,0.30,0.30,14.59,192.2,0.875,0,0.00,0.00,0,835.4,437.9,0,-0.5,20.00,1.32,0.986,270.0,150.8,138.2,8.03,0.98,4.51,203.7,1611,0.00,-0.23,0.000,0.00,1.000,-9.68,6.3,1,0.00,0
116.295,on,-0.78,0.00,3.12,-5.47,14.40,0,-1,0.0,14.50,13.28,-10.38,-10.06,14.58,0.27,0.27,14.64,192.2,0.875,0,0.00,0.00,0,781.7,437.9,0,0.0,18.50,1.18,0.912,269.5,150.8,138.2,7.05,0.92,4.13,203.7,1555,0.00,0.49,0.000,0.00,1.000,-9.48,6.3,1,0.00,0
116.350,on,-0.78,0.00,3.12,-5.47,14.33,0,-1,0.0,14.50,13.44,-10.51,-10.31,14.58,0.26,0.26,14.70,192.2,0.875,0,0.00,0.00,0,734.4,437.9,0,0.0,17.50,1.13,0.912,268.5,150.8,138.2,6.33,0.94,4.00,203.7,1484,0.00,0.91,0.000,0.00,1.000,-9.30,6.3,1,0.00,0
116.405,on,-1.56,0.00,3.12,-5.47,14.28,0,-1,0.0,14.50,13.44,-10.65,-10.54,14.58,0.25,0.25,14.93,192.2,0.875,0,0.00,0.00,0,675.6,437.9,0,0.0,16.00,1.02,0.870,267.5,150.8,138.2,5.73,1.04,3.85,203.7,1409,0.00,1.50,0.000,0.00,1.000,-8.98,6.3,1,0.00,0
116.482,on,-1.56,0.00,3.12,-5.47,14.17,0,-1,0.0,14.50,13.28,-10.69,-10.65,14.58,0.25,0.25,15.11,192.2,0.875,0,0.00,0.00,0,624.5,437.9,0,0.0,15.50,0.94,0.864,266.0,150.8,138.2,5.19,1.06,3.81,203.7,1301,0.00,2.03,0.000,0.00,1.000,-8.62,6.7,1,0.00,0
116.553,on,-2.34,0.00,3.12,-5.47,14.05,0,-1,0.0,14.50,13.52,-10.65,-10.67,14.58,0.25,0.25,15.11,192.2,0.875,0,0.00,0.00,0,583.7,437.9,0,0.0,8.00,0.86,0.864,265.0,150.8,138.2,4.82,1.04,3.85,203.7,1198,0.00,2.49,0.000,0.00,1.000,-8.18,6.7,1,0.00,0
116.619,on,-3.12,0.00,3.12,-5.47,13.94,0,-1,0.0,14.50,13.36,-10.52,-10.56,14.58,0.25,0.25,14.59,192.2,0.875,0,0.00,0.00,0,547.9,437.9,0,0.0,0.00,0.84,0.922,265.0,150.8,138.2,4.64,1.06,3.99,203.7,1093,0.00,3.08,0.000,0.00,1.000,-7.51,7.1,1,0.00,0
116.676,on,-3.12,0.00,3.12,-5.47,13.80,0,-1,0.0,14.50,13.28,-10.43,-10.41,14.58,0.26,0.27,14.53,192.2,0.875,0,0.00,0.00,0,516.1,437.9,0,0.0,-1.00,0.96,1.165,265.0,150.8,138.2,4.45,1.10,4.07,203.6,991,0.00,3.47,0.000,0.00,1.000,-6.96,7.5,1,0.00,0
116.754,on,-3.91,0.00,6.25,-5.47,13.67,0,0,0.0,14.50,13.36,-10.19,-10.16,14.58,0.28,0.29,14.76,192.2,0.875,0,0.00,0.00,0,477.8,437.9,0,0.0,-3.00,0.85,1.165,265.0,150.8,138.2,4.21,1.16,4.31,203.6,871,0.00,3.81,0.000,0.00,1.000,-6.43,7.5,1,0.00,0
116.819,on,-4.69,0.00,9.38,-5.47,13.53,0,0,0.0,14.50,13.28,-9.84,-9.81,14.58,0.31,0.32,14.64,192.2,0.875,0,0.00,0.00,0,437.5,437.9,0,0.0,0.00,0.72,1.165,265.0,150.8,138.2,3.98,1.16,4.67,203.6,744,0.00,3.94,0.000,0.00,1.000,-5.93,8.7,1,0.00,0
116.876,on,-5.47,0.00,10.16,-5.47,13.42,0,0,0.0,14.50,13.20,-9.59,-9.39,14.58,0.36,0.36,14.47,192.2,0.875,0,0.00,0.00,0,416.1,437.9,0,0.0,5.00,0.87,1.555,265.0,150.8,138.2,4.12,1.20,4.91,203.6,673,0.00,3.54,0.000,0.00,1.000,-5.93,10.2,1,0.00,0
116.935,on,-6.25,0.00,11.72,-5.47,13.32,0,0,0.0,14.50,13.20,-7.20,-8.38,14.58,0.53,0.54,14.25,192.2,0.875,0,0.00,0.00,0,368.7,437.9,0,-0.5,9.50,0.73,1.555,265.0,150.8,138.2,5.20,1.42,7.30,203.6,565,0.00,2.73,0.000,0.00,1.000,-5.93,10.6,1,0.00,0
117.012,on,-7.03,0.00,13.28,-5.47,13.24,0,0,0.0,14.50,12.72,-6.71,-7.42,14.58,0.63,0.64,14.47,192.2,0.875,0,0.00,-1.41,0,355.8,437.9,0,-3.5,1.00,0.65,1.555,265.0,150.8,138.2,5.44,1.30,7.79,203.6,505,0.00,1.76,0.000,0.00,1.000,-5.93,7.9,1,0.00,0
117.075,off,-7.03,0.00,13.28,-5.47,13.17,0,0,0.0,14.50,12.32,-6.27,-6.76,14.58,0.70,0.71,14.59,192.2,0.875,0,0.00,-1.41,0,352.6,437.9,0,0.0,1.00,1.26,3.245,265.0,150.8,138.2,5.50,1.20,8.23,203.6,467,0.00,0.89,0.000,0.00,1.000,-5.93,7.5,1,0.00,0
117.142,off,-7.81,0.00,13.28,-5.47,13.14,0,0,0.0,14.50,12.40,-6.19,-6.43,14.58,0.70,0.70,14.59,192.2,0.875,0,0.00,-1.41,0,367.7,437.9,0,0.0,-5.00,1.27,3.245,265.0,150.8,138.2,5.46,1.08,8.32,203.6,469,0.00,0.52,0.000,0.00,1.000,-5.93,6.7,1,0.00,0
117.213,off,-8.59,0.00,13.28,-5.47,13.20,0,0,0.0,14.50,12.80,-6.11,-6.24,14.58,0.65,0.65,14.59,192.2,0.875,0,0.00,-1.41,0,392.8,437.9,0,-3.5,-6.00,1.39,3.245,265.0,150.8,138.2,5.63,1.02,8.39,203.6,515,0.00,0.34,0.000,0.00,1.000,-5.93,6.7,1,0.00,0
117.269,off,-7.81,0.00,13.28,-5.47,13.23,0,0,0.0,14.50,12.64,-6.08,-6.15,14.58,0.62,0.63,14.53,192.2,0.875,0,0.00,-1.41,0,396.9,437.9,0,-3.0,-4.50,1.48,3.245,265.0,150.8,138.2,5.71,0.98,8.42,203.6,548,0.00,0.25,0.000,0.00,1.000,-5.93,6.7,1,0.00,0
117.325,off,-8.59,0.00,13.28,-5.47,13.31,0,-1,0.0,14.50,12.96,-6.06,-6.10,14.58,0.59,0.60,14.47,192.2,0.875,0,0.00,-1.41,0,389.5,437.9,0,-2.5,-1.50,1.37,2.854,265.0,150.8,138.2,5.75,1.06,8.44,203.6,577,0.00,0.20,0.000,0.00,1.000,-5.93,7.1,1,0.00,0
117.406,off,-8.59,0.00,13.28,-5.47,13.33,0,-2,0.0,14.50,13.28,-6.07,-6.11,14.58,0.54,0.55,14.42,192.2,0.875,0,0.00,-1.41,0,383.6,437.9,0,-1.0,4.50,1.50,2.854,265.0,150.8,140.0,5.82,1.08,8.44,203.6,630,0.00,0.10,0.000,0.00,1.000,-6.00,9.1,1,0.00,0
117.466,off,-8.59,0.00,13.28,-5.47,13.39,0,-2,0.0,14.50,13.28,-6.05,-6.00,14.58,0.52,0.53,14.36,192.2,0.875,0,0.00,-1.41,0,391.4,437.9,0,-0.5,7.00,1.61,2.854,265.0,150.8,140.0,5.98,1.12,8.45,203.6,677,0.00,0.06,0.000,0.00,1.000,-6.00,9.4,0,0.00,0
117.546,off,-8.59,0.00,13.28,-5.47,13.35,0,-2,0.0,14.50,14.00,-5.84,-5.89,14.58,0.48,0.48,14.31,192.2,0.875,0,0.00,-1.41,0,357.1,437.9,0,0.0,5.00,1.61,2.528,265.0,150.8,140.0,6.07,1.22,8.67,203.6,763,0.00,-0.10,0.000,0.00,1.000,-6.00,8.3,0,0.00,0
117.605,off,-9.38,0.00,13.28,-5.47,13.28,0,-2,0.0,14.50,13.84,-5.86,-5.98,14.58,0.44,0.44,14.47,192.2,0.875,0,0.00,-1.41,0,376.5,437.9,0,0.0,8.50,1.86,2.528,265.0,150.8,140.0,6.62,1.16,8.64,203.7,884,0.00,-0.17,0.000,0.00,1.000,-6.11,6.7,0,0.00,0
117.681,off,-10.16,0.00,13.28,-5.47,13.25,0,-2,0.0,14.50,13.92,-6.33,-6.37,14.58,0.44,0.44,14.47,192.2,0.875,0,0.00,-1.41,0,351.4,437.9,0,0.0,-1.00,1.54,1.866,265.0,150.8,140.0,7.25,1.04,8.18,203.7,989,0.00,-0.69,0.000,0.00,1.000,-7.01,6.3,0,0.00,0
117.752,off,-10.16,0.00,13.28,-5.47,13.33,0,-3,3.5,14.50,14.08,-7.13,-6.95,14.58,0.41,0.42,14.42,192.2,0.875,0,0.00,-1.41,0,364.0,729.9,0,0.0,-2.00,1.60,1.837,265.0,150.8,140.0,7.36,1.02,7.38,203.7,1043,30.33,1.26,0.000,0.00,1.000,-5.70,7.1,0,0.00,0
117.825,off,-10.16,0.00,8.59,-5.47,13.49,0,-3,7.1,14.50,14.08,-7.46,-7.31,14.58,0.41,0.42,14.53,192.2,0.875,0,0.00,-1.41,0,562.7,729.9,0,0.0,5.50,1.64,1.837,265.0,150.8,140.0,7.48,1.18,7.04,203.7,1069,55.68,2.68,0.000,0.00,1.000,-4.61,9.4,0,0.00,0
117.886,off,-9.38,0.00,6.25,-5.47,13.63,0,-3,8.2,14.50,14.00,-7.39,-7.32,14.58,0.43,0.43,14.64,192.2,0.875,0,0.00,-1.41,0,607.2,729.9,0,0.0,11.00,1.41,1.520,265.0,150.8,140.0,8.19,1.36,7.11,203.7,1111,73.11,3.77,0.000,0.00,1.000,-3.55,11.8,0,0.00,0
117.945,off,-9.38,0.00,5.47,-5.47,13.78,0,-4,8.2,14.50,14.08,-6.91,-6.98,14.58,0.45,0.46,14.59,192.2,0.875,0,0.00,-1.41,0,713.3,822.8,0,0.0,11.50,1.44,1.520,265.0,150.8,140.0,8.89,1.46,7.60,203.6,1135,73.80,3.43,0.000,0.00,1.000,-3.55,11.8,0,0.00,0
118.025,off,-8.59,0.00,3.91,-5.47,13.99,2,-5,8.2,14.50,14.00,-6.31,-6.54,14.58,0.48,0.49,14.64,192.2,0.875,0,0.00,-1.41,0,756.2,915.7,0,0.0,13.00,1.53,1.584,265.0,150.8,140.0,9.53,1.50,8.19,203.6,1163,72.94,2.93,0.000,0.00,1.000,-3.65,11.8,0,0.00,0
118.078,off,-8.59,0.00,3.12,-5.47,14.11,6,-5,7.8,14.50,14.08,-6.08,-6.23,14.58,0.49,0.50,14.59,192.2,0.875,0,0.00,-1.41,0,828.5,915.7,0,0.0,14.50,1.45,1.462,265.0,150.8,140.0,10.03,1.42,8.42,203.6,1190,67.49,2.32,0.000,0.00,1.000,-3.96,11.4,0,0.00,0
118.136,off,-7.81,0.00,3.12,-5.47,14.22,8,-6,7.5,14.50,14.00,-5.91,-6.06,14.58,0.50,0.51,14.64,192.2,0.875,0,0.00,-1.41,0,824.1,915.7,0,0.0,15.50,1.48,1.462,265.5,150.8,140.0,10.44,1.46,8.59,203.6,1218,63.33,1.81,0.000,0.00,1.000,-4.26,11.0,0,0.00,0
118.201,off,-7.81,0.00,3.12,-5.47,14.35,12,-6,7.1,14.50,13.92,-5.95,-6.02,14.58,0.50,0.52,14.64,192.2,0.875,0,0.00,-1.41,0,863.3,915.7,0,0.0,17.00,1.45,1.395,265.5,150.8,140.0,10.70,1.38,8.55,203.6,1243,57.06,1.32,0.000,0.00,1.000,-4.72,10.6,0,0.00,0
118.256,off,-7.03,0.00,3.12,-5.47,14.52,13,-6,6.7,14.50,14.08,-6.09,-6.12,14.58,0.50,0.51,14.64,192.2,0.875,0,0.00,-1.41,0,879.2,915.7,0,0.0,18.00,1.48,1.405,265.5,150.8,140.0,10.84,1.40,8.41,203.6,1265,52.71,0.99,0.000,0.00,1.000,-5.10,10.6,0,0.00,0
118.321,off,-6.25,0.00,3.12,-5.47,14.65,14,-5,6.7,14.50,13.84,-6.29,-6.25,14.58,0.50,0.51,14.64,192.2,0.875,0,0.00,-1.41,0,916.9,915.7,0,0.0,19.00,1.50,1.405,266.0,150.8,140.0,10.84,1.34,8.21,203.6,1279,50.94,1.00,0.000,0.00,1.000,-5.25,9.8,0,0.00,0
118.377,off,-6.25,0.00,3.12,-5.47,14.74,14,-5,6.3,14.50,13.84,-6.52,-6.47,14.58,0.49,0.50,14.64,192.2,0.875,0,0.00,-1.41,0,886.0,915.7,0,0.0,20.00,1.52,1.414,266.0,150.8,140.0,10.78,1.32,7.98,203.6,1291,48.31,0.96,0.000,0.00,1.000,-5.45,9.8,0,0.00,0
118.435,off,-5.47,0.00,3.12,-5.47,14.93,14,-5,6.3,14.50,13.84,-6.81,-6.70,14.58,0.49,0.49,14.64,192.2,0.875,0,0.00,-1.41,0,915.8,915.7,0,0.0,20.50,1.48,1.373,266.5,150.8,140.0,10.60,1.30,7.69,203.6,1295,46.54,1.07,0.000,0.00,1.000,-5.58,9.4,0,0.00,0
118.517,off,-5.47,0.00,3.12,-5.47,15.09,15,-5,5.5,14.50,13.84,-7.06,-6.94,14.65,0.48,0.48,14.70,192.2,0.875,0,0.00,-1.41,0,915.8,915.7,0,0.0,21.00,1.47,1.373,266.0,150.8,140.0,10.29,1.32,7.45,203.6,1287,38.75,0.86,0.000,0.00,0.756,-6.05,9.4,0,0.00,0
118.578,off,-4.69,0.00,3.12,-5.47,15.13,15,-5,3.1,14.50,13.68,-7.24,-7.21,14.65,0.45,0.46,14.82,192.2,0.875,0,0.00,-1.41,0,871.6,822.8,0,0.0,17.50,1.43,1.344,266.0,150.8,140.0,9.81,1.22,7.27,203.6,1273,26.58,0.51,0.000,0.00,0.616,-6.67,8.3,0,0.00,0
118.635,off,-4.69,0.00,3.12,-5.47,15.11,17,-4,1.6,14.50,13.76,-7.65,-7.52,14.65,0.44,0.45,14.87,192.2,0.875,0,0.00,-1.41,0,844.8,822.8,0,0.0,16.00,1.32,1.261,266.0,150.8,140.0,9.31,1.14,6.86,203.6,1259,17.34,0.24,0.000,0.00,0.266,-7.24,6.7,0,0.00,0
118.702,off,-4.69,0.00,3.12,-5.47,15.07,18,-5,0.0,14.50,13.36,-8.07,-7.88,14.65,0.41,0.42,14.93,192.2,0.875,0,0.00,-1.41,0,828.1,729.9,0,0.0,16.00,1.31,1.261,265.5,150.8,140.0,8.69,1.04,6.43,203.6,1246,3.26,-0.31,0.000,0.00,0.000,-8.12,6.3,0,0.00,0
118.773,off,-4.69,0.00,3.12,-5.47,15.08,24,-6,0.0,14.50,13.28,-8.40,-8.26,14.65,0.37,0.39,14.99,192.2,0.875,0,0.00,0.00,0,797.8,437.9,0,0.0,20.00,1.16,1.142,265.5,150.8,140.0,7.74,0.92,6.10,203.6,1217,0.00,0.05,0.000,0.00,0.000,-8.20,5.9,0,0.00,0
118.835,off,-3.91,0.00,3.12,-5.47,15.00,26,-9,0.0,14.50,13.28,-8.80,-8.66,14.65,0.35,0.36,14.93,192.2,0.875,0,0.00,0.00,0,734.4,437.9,0,0.0,19.00,1.12,1.142,265.0,150.8,140.0,6.94,0.98,5.71,203.6,1178,0.00,0.53,0.000,0.00,0.000,-8.09,5.9,0,0.00,0
118.895,off,0.78,0.00,3.12,-5.47,14.98,25,-10,0.0,14.50,13.28,-9.07,-8.98,14.65,0.34,0.34,14.99,192.2,0.875,0,0.00,0.00,0,685.6,437.9,0,0.0,18.50,1.09,1.142,265.0,150.8,140.0,6.38,0.94,5.43,203.8,1146,3.35,1.27,0.000,0.00,0.000,-7.68,5.9,1,0.00,0
118.960,off,0.78,0.00,3.12,-5.47,14.84,12,-9,0.0,14.50,13.36,-9.43,-9.28,14.65,0.31,0.32,14.82,192.2,0.875,0,0.00,0.00,0,627.4,437.9,0,0.0,17.00,1.09,1.178,265.0,150.8,140.0,5.93,0.96,5.08,203.8,1111,3.40,1.75,0.000,0.00,0.000,-7.47,5.9,1,0.00,0
119.016,off,0.78,0.00,3.12,-5.47,14.92,8,-8,0.0,14.50,13.36,-9.58,-9.49,14.65,0.31,0.32,14.70,192.2,0.875,0,0.00,0.00,0,575.8,437.9,0,0.0,16.50,1.03,1.178,265.0,150.8,140.0,5.43,0.92,4.92,203.8,1052,3.48,2.20,0.000,0.00,0.000,-7.24,5.9,1,0.00,0
119.087,off,0.78,0.00,3.12,-5.47,14.92,1,-5,0.0,14.50,13.44,-9.69,-9.65,14.64,0.30,0.31,14.47,192.2,0.875,0,0.00,0.00,0,539.1,437.9,0,0.0,14.50,1.00,1.194,265.0,150.8,140.0,5.07,0.96,4.81,203.8,1003,3.54,2.68,0.000,0.00,0.000,-6.93,5.9,1,0.00,0
119.135,off,0.78,0.00,5.47,-5.47,14.90,0,-3,0.0,14.50,13.36,-9.78,-9.76,14.64,0.30,0.30,14.59,192.2,0.875,0,0.00,0.00,0,498.1,437.9,0,0.0,4.50,0.96,1.194,265.0,150.8,140.0,4.82,0.98,4.73,203.8,967,3.58,3.07,0.000,0.00,0.000,-6.65,5.9,1,0.00,0
119.195,off,0.78,0.00,8.59,-5.47,14.79,0,1,0.0,14.50,13.28,-9.80,-9.79,14.62,0.30,0.30,14.82,192.2,0.875,0,0.00,0.00,0,473.9,437.9,0,0.0,-0.50,0.98,1.306,265.0,150.8,138.2,4.49,1.04,4.70,203.7,898,3.66,3.50,0.000,0.00,0.000,-6.30,6.3,1,0.00,0
119.268,off,0.78,0.00,10.16,-5.47,14.69,0,4,0.0,14.50,13.28,-9.80,-9.78,14.62,0.30,0.31,14.82,192.2,0.875,0,0.00,0.00,0,439.5,437.9,0,0.0,1.50,0.90,1.306,265.0,150.8,138.2,4.17,1.06,4.70,203.7,823,3.76,3.83,0.000,0.00,0.000,-5.97,6.3,1,0.00,0
119.315,off,0.00,0.00,11.72,-5.47,14.63,0,5,0.0,14.50,13.28,-9.66,-9.69,14.62,0.31,0.31,14.82,192.2,0.875,0,0.00,0.00,0,401.7,437.9,0,0.0,5.50,1.02,1.555,265.0,150.8,138.2,4.09,1.06,4.84,203.7,783,3.80,3.93,0.000,0.00,0.000,-5.78,7.1,1,0.00,0
119.392,off,0.00,0.00,12.50,-5.47,14.56,0,5,0.0,14.50,13.28,-9.55,-9.47,14.62,0.34,0.34,14.59,192.2,0.875,0,0.00,0.00,0,395.8,437.9,0,0.0,7.50,0.91,1.555,265.0,150.8,138.2,4.01,1.12,4.96,203.7,702,3.80,3.69,0.000,0.00,0.000,-5.78,7.5,1,0.00,0
119.447,off,-0.78,0.00,13.28,-5.47,14.46,0,5,0.0,14.50,13.04,-8.59,-9.09,14.62,0.36,0.37,14.47,192.2,0.875,0,0.00,0.00,0,373.7,437.9,0,0.0,9.50,0.85,1.555,265.0,150.8,138.2,4.13,1.22,5.91,203.7,657,3.80,3.37,0.000,0.00,0.000,-5.78,9.8,1,0.00,0
119.505,off,-0.78,0.00,13.28,-5.47,14.36,0,5,0.0,14.50,13.12,-7.89,-8.51,14.58,0.47,0.47,14.20,192.2,0.875,0,0.00,0.00,0,379.6,437.9,0,0.0,11.00,1.19,2.451,265.0,150.8,138.2,4.65,1.36,6.61,203.7,581,3.80,2.73,0.000,0.00,0.050,-5.78,10.2,1,0.00,0
119.572,off,-0.78,0.00,13.28,-5.47,14.23,0,5,0.0,14.50,13.04,-7.30,-7.88,14.58,0.53,0.54,14.31,192.2,0.875,0,0.00,0.00,0,391.4,437.9,0,-1.0,11.00,1.11,2.451,265.0,150.8,138.2,4.94,1.20,7.20,203.6,542,3.80,2.10,0.000,0.00,0.137,-5.78,7.9,1,0.00,0
119.647,off,-1.56,0.00,13.28,-5.47,14.11,0,3,0.0,14.50,12.40,-6.98,-7.35,14.58,0.58,0.58,14.42,192.2,0.875,0,0.00,-1.41,0,431.2,437.9,0,-2.0,5.50,1.06,2.451,265.0,150.8,140.0,5.08,1.20,7.53,203.6,520,3.80,1.55,0.000,0.00,0.569,-5.85,7.5,1,0.00,0
119.711,off,-2.34,0.00,13.28,-5.47,14.05,0,1,0.0,14.50,12.08,-6.71,-6.91,14.58,0.61,0.61,14.53,192.2,0.875,0,0.00,-1.41,0,470.0,437.9,0,-3.0,1.50,1.05,2.451,265.0,150.8,140.0,5.22,1.14,7.79,203.6,512,3.80,1.07,0.000,0.00,0.825,-5.85,7.5,1,0.00,0
119.767,off,-3.12,0.00,13.28,-5.47,13.96,0,0,0.0,14.50,12.00,-6.63,-6.60,14.58,0.61,0.62,14.53,192.2,0.875,0,0.00,-1.41,0,424.7,437.9,0,-3.0,-0.50,1.21,2.819,265.0,150.8,140.0,5.28,1.04,7.87,203.6,513,3.80,0.75,0.000,0.00,0.885,-5.85,7.5,1,0.00,0
119.843,off,-3.12,0.00,13.28,-5.47,13.87,0,-3,0.0,14.50,11.84,-6.38,-6.31,14.58,0.62,0.63,14.53,192.2,0.875,0,0.00,-1.41,0,440.3,437.9,0,-3.5,-0.50,1.22,2.819,265.0,150.8,140.0,5.40,1.08,8.12,203.6,517,3.80,0.51,0.000,0.00,0.954,-5.85,7.9,1,0.00,0
119.905,off,-3.91,0.00,13.28,-5.47,13.76,0,-6,0.0,14.50,12.08,-6.00,-6.05,14.58,0.61,0.61,14.53,192.2,0.875,0,0.00,-1.41,0,394.9,437.9,0,-3.0,-1.50,1.28,2.819,265.0,150.8,140.0,5.68,1.12,8.50,203.6,545,3.80,0.20,0.000,0.00,1.000,-5.85,7.9,1,0.00,0
119.971,off,-4.69,0.00,13.28,-5.47,13.66,0,-10,0.0,14.50,12.16,-5.81,-5.85,14.58,0.59,0.61,14.53,192.2,0.875,0,0.00,-1.41,0,379.2,437.9,0,-3.0,-1.50,1.40,2.966,265.0,150.8,140.0,5.84,1.16,8.70,203.6,566,3.80,0.00,0.000,0.00,1.000,-5.85,7.9,1,0.00,0
120.026,off,-5.47,0.00,13.28,-5.47,13.54,0,-10,0.0,14.50,12.16,-5.64,-5.69,14.58,0.59,0.60,14.53,192.2,0.875,0,0.00,-1.41,0,376.6,437.9,0,-2.5,-1.50,1.45,2.966,265.0,150.8,140.0,5.89,1.16,8.86,203.6,585,1.26,-0.26,0.000,0.00,1.000,-5.95,7.9,1,0.00,0
120.091,off,-6.25,0.00,13.28,-5.47,13.47,0,-11,0.0,14.50,12.56,-5.53,-5.56,14.58,0.58,0.58,14.47,192.2,0.875,0,0.00,-1.41,0,386.4,437.9,0,-2.0,1.00,1.52,2.966,265.0,150.8,140.0,5.97,1.16,8.97,203.6,613,0.00,-0.44,0.000,0.00,1.000,-6.00,11.0,1,0.00,0
120.146,off,-6.25,0.00,13.28,-5.47,13.37,0,-11,0.0,14.50,12.64,-5.09,-5.33,14.58,0.57,0.58,14.42,192.2,0.875,0,0.00,-1.41,0,348.8,437.9,0,-2.0,2.50,1.52,2.826,265.0,150.8,140.0,6.25,1.18,9.41,203.6,647,0.00,-0.67,0.000,0.00,1.000,-6.00,9.4,1,0.00,0
120.225,off,-7.03,0.00,13.28,-5.47,13.17,0,-10,0.0,14.50,12.96,-5.07,-5.10,14.58,0.54,0.54,14.36,192.2,0.875,0,0.00,-1.41,0,354.6,437.9,0,-1.0,6.50,1.66,2.826,265.0,150.8,140.0,6.42,1.30,9.44,203.6,706,0.00,-0.86,0.000,0.00,1.000,-6.00,9.1,1,0.00,0
120.288,off,-8.59,0.00,13.28,-5.47,12.99,0,-8,0.0,14.50,13.28,-4.91,-5.06,14.58,0.49,0.50,14.31,192.2,0.875,0,0.00,-1.41,0,360.0,437.9,0,0.0,4.50,1.83,2.826,265.0,150.8,140.0,6.44,1.22,9.60,203.6,777,0.00,-0.94,0.000,0.00,1.000,-6.00,7.1,1,0.00,0
120.346,off,-9.38,0.00,13.28,-5.47,12.92,0,-7,0.0,14.50,13.28,-5.25,-5.30,14.58,0.45,0.45,14.42,192.2,0.875,0,0.00,-1.41,0,330.6,437.9,0,0.0,5.50,1.71,2.326,265.0,150.8,140.0,6.98,1.20,9.26,203.6,885,0.00,-1.15,0.000,0.00,1.000,-6.45,6.7,1,0.00,0
120.417,off,-10.16,0.00,13.28,-5.47,12.99,0,-4,0.0,14.50,13.28,-6.32,-5.76,14.58,0.45,0.46,14.47,192.2,0.875,0,0.00,-1.41,0,321.0,437.9,0,0.0,0.50,1.85,2.326,265.0,150.8,140.0,7.26,1.00,8.18,203.6,955,0.00,-1.07,0.000,0.00,1.000,-6.83,6.7,1,0.00,0
120.471,off,-9.38,0.00,13.28,-5.47,13.15,0,-2,0.0,14.50,13.28,-6.97,-6.33,14.58,0.43,0.44,14.42,192.2,0.875,0,0.00,-1.41,0,348.8,437.9,0,0.0,-8.50,1.79,2.035,265.0,150.8,140.0,7.73,1.00,7.54,203.6,1056,0.00,-1.04,0.000,0.00,1.000,-7.37,6.7,1,0.00,0
120.526,off,-7.81,0.00,13.28,-5.47,13.63,0,1,0.0,14.50,13.36,-7.16,-6.90,14.58,0.40,0.41,14.53,192.2,0.875,0,0.00,-1.41,0,393.5,437.9,0,0.0,-4.00,1.88,2.035,265.0,150.8,140.0,7.56,1.00,7.35,203.7,1107,0.00,-0.74,0.000,0.00,1.000,-7.64,6.7,1,0.00,0
120.602,off,-7.03,0.00,9.38,-5.47,13.89,0,2,0.0,14.50,13.52,-7.84,-7.55,14.58,0.39,0.39,14.64,192.2,0.875,0,0.00,0.00,0,416.1,437.9,0,0.0,-2.50,1.78,1.859,265.0,150.8,140.0,7.38,1.04,6.66,203.7,1147,0.00,-0.43,0.000,0.00,1.000,-7.85,6.7,0,0.00,0
120.659,off,-6.25,0.00,7.81,-5.47,14.09,0,2,0.0,14.50,13.52,-8.22,-8.01,14.58,0.36,0.36,14.82,192.2,0.875,0,0.00,0.00,0,420.9,437.9,0,0.0,-5.50,1.55,1.542,265.0,150.8,140.0,7.34,1.06,6.29,203.7,1203,0.00,-0.12,0.000,0.00,1.000,-8.08,6.7,0,0.00,0
120.717,off,-5.47,0.00,5.47,-5.47,14.34,0,2,0.0,14.50,13.20,-8.76,-8.49,14.58,0.35,0.35,14.99,192.2,0.875,0,0.00,0.00,0,428.0,437.9,0,0.0,-3.50,1.59,1.542,265.5,150.8,140.0,7.17,1.04,5.74,203.7,1241,0.00,0.10,0.000,0.00,1.000,-8.29,6.7,0,0.00,0
120.776,off,-4.69,0.00,4.69,-5.47,14.49,0,2,0.0,14.50,13.36,-9.05,-8.88,14.58,0.32,0.33,14.99,192.2,0.875,0,0.00,0.00,0,452.8,437.9,0,0.0,-3.50,1.43,1.344,266.0,150.8,140.0,7.00,1.08,5.46,203.7,1277,0.00,0.44,0.000,0.00,1.000,-8.39,6.7,0,0.00,0
120.852,off,-4.69,0.00,3.12,-5.47,14.55,0,2,0.0,14.50,13.28,-9.43,-9.28,14.58,0.31,0.31,14.99,192.2,0.875,0,0.00,0.00,0,453.1,437.9,0,0.0,-0.50,1.34,1.232,266.0,150.8,140.0,6.75,1.08,5.08,203.6,1302,0.00,0.75,0.000,0.00,1.000,-8.53,6.7,0,0.00,0
120.926,off,-3.91,0.00,3.12,-5.47,14.61,0,1,0.0,14.50,13.44,-9.73,-9.61,14.58,0.28,0.30,14.93,192.2,0.875,0,0.00,0.00,0,478.5,437.9,0,0.0,0.00,1.34,1.232,266.5,150.8,140.0,6.47,1.02,4.78,203.6,1309,0.00,1.04,0.000,0.00,1.000,-8.55,6.7,0,0.00,0
120.987,off,-3.91,0.00,3.12,-5.47,14.67,0,1,0.0,14.50,13.28,-9.94,-9.86,14.58,0.27,0.28,14.93,192.2,0.875,0,0.00,0.00,0,463.0,437.9,0,0.0,10.00,1.32,1.187,267.0,150.8,140.0,6.32,1.00,4.56,203.6,1336,0.00,1.19,0.000,0.00,1.000,-8.66,6.7,0,0.00,0
121.056,off,-3.91,0.00,3.12,-5.47,14.71,0,0,0.0,14.50,13.28,-10.10,-10.03,14.58,0.27,0.27,14.87,192.2,0.875,0,0.00,0.00,0,451.3,437.9,0,0.0,11.50,1.29,1.126,267.0,150.8,140.0,6.22,1.04,4.41,203.6,1371,0.00,1.24,0.000,0.00,1.000,-8.79,6.7,0,0.00,0
121.110,off,-3.91,0.00,3.12,-5.47,14.76,0,0,0.0,14.50,13.28,-10.18,-10.12,14.58,0.27,0.27,14.87,192.2,0.875,0,0.00,0.00,0,440.9,437.9,0,0.0,11.50,1.30,1.114,267.5,150.8,140.0,6.37,1.06,4.33,203.6,1404,0.00,1.20,0.000,0.00,1.000,-8.92,7.9,0,0.00,0
121.166,off,-3.91,0.00,3.12,-5.47,14.78,0,-1,0.0,14.50,13.28,-10.16,-10.14,14.58,0.26,0.27,14.82,192.2,0.875,0,0.00,0.00,0,436.6,437.9,0,0.0,12.00,1.33,1.114,267.5,150.8,140.0,6.48,1.16,4.35,203.5,1438,0.00,1.12,0.000,0.00,1.000,-9.02,7.5,0,0.00,0
121.243,off,-3.12,0.00,3.12,-5.47,14.80,0,-1,0.0,14.50,13.36,-10.23,-10.22,14.58,0.26,0.27,14.76,192.2,0.875,0,0.00,0.00,0,454.9,437.9,0,0.0,12.00,1.35,1.104,268.0,150.8,140.0,6.52,1.12,4.27,203.5,1468,0.00,1.07,0.000,0.00,1.000,-9.13,7.1,0,0.00,0
121.306,off,-3.12,0.00,3.12,-5.47,14.80,0,-1,0.0,14.50,13.20,-10.41,-10.35,14.58,0.25,0.26,14.76,192.2,0.875,0,0.00,0.00,0,451.9,437.9,0,0.0,12.50,1.30,1.040,269.0,150.8,140.0,6.44,1.12,4.09,203.5,1502,0.00,1.06,0.000,0.00,1.000,-9.29,7.1,0,0.00,0
121.365,on,-3.91,0.00,3.12,-5.47,14.78,0,-1,0.0,14.50,13.68,-10.56,-10.49,14.58,0.25,0.25,14.87,192.2,0.875,0,0.00,0.00,0,439.3,437.9,0,0.0,12.50,1.28,1.008,269.0,150.8,140.0,6.32,1.06,3.94,203.5,1526,0.00,1.10,0.000,0.00,1.000,-9.39,6.7,0,0.00,0
121.437,on,-3.12,0.00,3.12,-5.47,14.77,0,-1,0.0,14.50,13.84,-10.73,-10.63,14.58,0.23,0.24,14.99,192.2,0.875,0,0.00,0.00,0,442.6,437.9,0,0.0,12.50,1.28,0.989,269.0,150.8,140.0,6.16,1.04,3.78,203.5,1548,0.00,1.17,0.000,0.00,1.000,-9.47,6.7,0,0.00,0
121.505,on,-3.12,0.00,3.12,-5.47,14.76,0,-2,0.0,14.50,13.76,-10.84,-10.77,14.65,0.22,0.23,15.24,192.2,0.875,0,0.00,0.00,0,453.1,437.9,0,0.0,13.00,1.19,0.938,269.0,150.8,140.0,5.84,1.02,3.66,203.5,1528,0.00,1.28,0.000,0.00,0.736,-9.47,6.3,0,0.00,0
121.561,on,-3.91,0.00,3.12,-5.47,14.72,0,-2,0.0,14.50,13.60,-10.96,-10.89,14.65,0.21,0.22,15.24,192.2,0.875,0,0.00,0.00,0,458.1,437.9,0,0.0,12.50,1.17,0.938,268.5,150.8,140.0,5.45,0.98,3.54,203.5,1502,0.00,1.54,0.000,0.00,0.616,-9.34,5.9,0,0.00,0
121.618,on,-3.91,0.00,3.12,-5.47,14.71,0,-2,0.0,14.50,13.76,-11.08,-11.01,14.65,0.21,0.21,15.36,192.2,0.875,0,0.00,0.00,0,444.0,437.9,0,0.0,12.50,1.02,0.835,268.5,150.8,140.0,5.09,0.98,3.42,203.5,1470,0.00,1.77,0.000,0.00,0.203,-9.23,5.9,0,0.00,0
121.676,on,-3.91,0.00,3.12,-5.47,14.69,0,-2,0.0,14.50,13.20,-11.11,-11.08,14.65,0.19,0.20,15.42,192.2,0.875,0,0.00,0.00,0,444.5,437.9,0,0.0,12.00,0.99,0.829,268.0,150.8,140.0,4.85,0.96,3.39,203.5,1434,0.00,1.97,0.000,0.00,0.000,-9.10,6.3,0,0.00,0
121.742,on,-3.91,0.00,3.12,-5.47,14.67,0,-2,0.0,14.50,13.28,-11.10,-11.10,14.65,0.19,0.20,15.42,192.2,0.875,0,0.00,0.00,0,452.1,437.9,0,0.0,12.00,0.96,0.829,267.5,150.8,140.0,4.61,1.00,3.40,203.5,1391,0.00,2.16,0.000,0.00,0.000,-8.93,6.3,0,0.00,0
121.815,on,-3.91,0.00,3.12,-5.47,14.64,0,-2,0.0,14.50,13.28,-11.10,-11.09,14.65,0.19,0.20,15.42,192.2,0.875,0,0.00,0.00,0,452.0,437.9,0,0.0,11.50,0.89,0.794,267.0,150.8,140.0,4.42,1.04,3.40,203.5,1348,0.00,2.36,0.000,0.00,0.000,-8.73,6.3,0,0.00,0
121.877,on,-3.91,0.00,3.12,-5.47,14.64,0,-2,0.0,14.50,13.20,-11.04,-11.06,14.65,0.19,0.20,15.36,192.2,0.875,0,0.00,0.00,0,439.0,437.9,0,0.0,11.00,0.87,0.803,266.5,150.8,140.0,4.26,1.04,3.46,203.5,1299,0.00,2.48,0.000,0.00,0.000,-8.58,6.3,0,0.00,0
121.951,on,-3.91,0.00,3.12,-5.47,14.64,0,-2,0.0,14.50,13.12,-11.00,-11.02,14.65,0.19,0.20,15.36,192.2,0.875,0,0.00,0.00,0,441.4,437.9,0,0.0,11.00,0.82,0.784,266.0,150.8,140.0,4.17,1.04,3.51,203.5,1253,0.00,2.66,0.000,0.00,0.000,-8.36,6.3,0,0.00,0
122.016,on,-3.91,0.00,3.12,-5.47,14.66,0,-2,0.0,14.50,13.28,-10.93,-10.97,14.65,0.19,0.20,15.11,192.2,0.875,0,0.00,0.00,0,443.2,437.9,0,0.0,1.00,0.76,0.784,265.0,150.8,140.0,3.93,1.06,3.57,203.5,1166,0.00,2.87,0.000,0.00,0.000,-8.11,6.3,0,0.00,0
122.089,on,-3.91,0.00,3.12,-5.47,14.69,0,-1,0.0,14.50,13.12,-10.90,-10.91,14.65,0.21,0.21,14.93,192.2,0.875,0,0.00,0.00,0,442.5,437.9,0,0.0,0.00,0.77,0.832,265.0,150.8,140.0,3.86,1.02,3.61,203.6,1109,0.00,3.23,0.000,0.00,0.000,-7.70,6.7,0,0.00,0
122.153,on,-3.91,0.00,3.12,-5.47,14.69,0,-1,0.0,14.50,12.96,-10.75,-10.79,14.65,0.22,0.22,14.76,192.2,0.875,0,0.00,0.00,0,425.5,437.9,0,0.0,-0.50,0.82,0.957,265.0,150.8,140.0,3.86,1.00,3.75,203.6,1033,0.00,3.44,0.000,0.00,0.000,-7.35,6.7,0,0.00,0
122.206,on,-3.91,0.00,3.91,-5.47,14.72,0,-1,0.0,14.50,13.04,-10.61,-10.67,14.64,0.23,0.24,14.47,192.2,0.875,0,0.00,0.00,0,422.0,437.9,0,0.0,-1.50,0.78,0.957,265.0,150.8,140.0,3.84,1.00,3.89,203.6,978,0.00,3.64,0.000,0.00,0.000,-7.03,6.7,0,0.00,0
122.271,on,-3.91,0.00,6.25,-5.47,14.73,0,-1,0.0,14.50,13.20,-10.45,-10.52,14.63,0.25,0.25,14.64,192.2,0.875,0,0.00,0.00,0,418.3,437.9,0,0.0,-2.00,0.84,1.094,265.0,150.8,140.0,3.86,1.04,4.06,203.6,920,0.00,3.78,0.000,0.00,0.000,-6.76,6.7,0,0.00,0
122.345,on,-3.12,0.00,9.38,-5.47,14.75,0,-1,0.0,14.50,13.20,-10.24,-10.33,14.62,0.26,0.27,14.82,192.2,0.875,0,0.00,0.00,0,395.5,437.9,0,0.0,-2.50,0.79,1.094,265.0,150.8,140.0,3.82,1.06,4.26,203.6,864,0.00,3.93,0.000,0.00,0.000,-6.45,7.1,0,0.00,0
122.398,on,-3.12,0.00,10.94,-5.47,14.82,0,-1,0.0,14.50,13.28,-10.13,-10.15,14.62,0.27,0.28,14.93,192.2,0.875,0,0.00,0.00,0,422.3,437.9,0,0.0,-1.00,0.76,1.094,265.0,150.8,140.0,3.91,1.06,4.37,203.6,836,0.00,3.96,0.000,0.00,0.000,-6.23,7.1,0,0.00,0
122.456,on,-3.12,0.00,11.72,-5.47,14.82,0,-1,0.0,14.50,13.12,-9.85,-9.94,14.62,0.28,0.29,14.87,192.2,0.875,0,0.00,0.00,0,395.1,437.9,0,0.0,0.00,0.90,1.350,265.0,150.8,140.0,3.93,1.06,4.65,203.6,799,0.00,3.92,0.000,0.00,0.000,-6.06,7.1,0,0.00,0
122.527,on,-3.12,0.00,13.28,-5.47,14.85,0,-1,0.0,14.50,13.12,-9.73,-9.76,14.62,0.31,0.31,14.82,192.2,0.875,0,0.00,0.00,0,403.7,437.9,0,0.0,4.00,0.88,1.350,265.0,150.8,140.0,4.04,1.12,4.77,203.6,778,0.00,3.79,0.000,0.00,0.000,-6.00,7.1,0,0.00,0
122.581,on,-3.12,0.00,13.28,-5.47,14.92,0,-1,0.0,14.50,13.28,-9.47,-9.54,14.62,0.32,0.33,14.76,192.2,0.875,0,0.00,0.00,0,386.1,437.9,0,0.0,5.00,0.97,1.539,265.0,150.8,140.0,4.10,1.06,5.03,203.6,754,0.00,3.56,0.000,0.00,0.000,-6.00,7.5,0,0.00,0
122.637,on,-2.34,0.00,13.28,-5.47,14.91,0,-1,0.0,14.50,13.20,-9.31,-9.25,14.62,0.34,0.34,14.59,192.2,0.875,0,0.00,0.00,0,392.0,437.9,0,0.0,8.50,0.96,1.539,265.0,150.8,140.0,4.23,1.10,5.19,203.6,746,0.00,3.34,0.000,0.00,0.000,-6.00,7.9,0,0.00,0
122.696,on,-2.34,0.00,13.28,-5.47,14.98,0,-1,0.0,14.50,13.12,-8.92,-8.97,14.62,0.35,0.36,14.53,192.2,0.875,0,0.00,0.00,0,380.3,437.9,0,0.0,10.00,0.95,1.539,265.0,150.8,140.0,4.39,1.12,5.59,203.6,740,0.00,3.03,0.000,0.00,0.000,-6.00,7.9,0,0.00,0
122.765,on,-2.34,0.00,13.28,-5.47,14.96,0,-1,0.0,14.50,13.20,-8.72,-8.69,14.62,0.36,0.37,14.47,192.2,0.875,0,0.00,0.00,0,408.7,437.9,0,0.0,10.50,1.06,1.728,265.0,150.8,140.0,4.53,1.16,5.78,203.5,738,0.00,2.78,0.000,0.00,0.000,-6.00,7.5,0,0.00,0
122.816,on,-2.34,0.00,13.28,-5.47,15.00,0,-1,0.0,14.50,13.20,-8.38,-8.47,14.62,0.36,0.37,14.47,192.2,0.875,0,0.00,0.00,0,398.1,437.9,0,0.0,11.00,1.08,1.728,265.0,150.8,140.0,4.65,1.12,6.12,203.5,750,0.00,2.53,0.000,0.00,0.000,-6.00,7.1,0,0.00,0
122.895,on,-2.34,0.00,13.28,-5.47,14.97,0,-1,0.0,14.50,13.28,-8.23,-8.33,14.62,0.36,0.37,14.59,192.2,0.875,0,0.00,0.00,0,379.9,437.9,0,0.0,11.00,1.15,1.792,265.0,150.8,140.0,4.70,1.10,6.28,203.5,768,0.00,2.33,0.000,0.00,0.000,-6.00,6.7,0,0.00,0
122.956,on,-2.34,0.00,13.28,-5.47,14.94,0,-1,0.0,14.50,13.20,-8.25,-8.30,14.62,0.35,0.36,14.64,192.2,0.875,0,0.00,0.00,0,374.9,437.9,0,0.0,9.50,1.17,1.792,265.0,150.8,140.0,4.72,1.06,6.25,203.5,786,0.00,2.29,0.000,0.00,0.000,-6.00,6.3,0,0.00,0
123.024,on,-2.34,0.00,13.28,-5.47,14.87,0,-1,0.0,14.50,13.20,-8.31,-8.35,14.62,0.35,0.35,14.76,192.2,0.875,0,0.00,0.00,0,404.1,437.9,0,0.0,8.00,1.22,1.792,265.0,150.8,140.0,4.78,1.00,6.19,203.5,815,0.00,2.29,0.000,0.00,0.000,-6.06,5.9,0,0.00,0
123.076,on,-2.34,0.00,13.28,-5.47,14.83,0,-1,0.0,14.50,13.28,-8.46,-8.47,14.62,0.34,0.34,14.76,192.2,0.875,0,0.00,0.00,0,385.3,437.9,0,0.0,6.00,1.17,1.677,265.0,150.8,140.0,4.85,1.04,6.05,203.5,837,0.00,2.26,0.000,0.00,0.000,-6.15,5.9,0,0.00,0
123.145,on,-2.34,0.00,13.28,-5.47,14.79,0,-1,0.0,14.50,13.28,-8.61,-8.58,14.62,0.34,0.34,14.70,192.2,0.875,0,0.00,0.00,0,377.9,437.9,0,0.0,5.50,1.19,1.677,265.0,150.8,141.8,4.87,1.02,5.89,203.5,854,0.00,2.25,0.000,0.00,0.000,-6.29,5.9,0,0.00,0
123.197,on,-2.34,0.00,13.28,-5.47,14.79,0,-1,0.0,14.50,13.20,-8.67,-8.67,14.62,0.34,0.34,14.70,192.2,0.875,0,0.00,0.00,0,382.9,437.9,0,0.0,3.50,1.18,1.616,265.0,150.8,140.0,4.96,1.02,5.83,203.5,877,0.00,2.26,0.000,0.00,0.000,-6.40,5.9,0,0.00,0
123.259,on,-2.34,0.00,13.28,-5.47,14.75,0,-1,0.0,14.50,13.20,-8.80,-8.80,14.62,0.32,0.33,14.76,192.2,0.875,0,0.00,0.00,0,402.0,437.9,0,0.0,3.00,1.20,1.616,265.0,150.8,141.8,4.96,1.02,5.70,203.5,892,0.00,2.33,0.000,0.00,0.000,-6.45,6.3,0,0.00,0
123.316,on,-2.34,0.00,13.28,-5.47,14.74,0,-1,0.0,14.50,13.68,-8.94,-8.93,14.62,0.32,0.33,14.76,192.2,0.875,0,0.00,0.00,0,383.1,437.9,0,0.0,1.50,1.18,1.571,265.0,150.8,141.8,4.93,0.98,5.56,203.5,898,0.00,2.36,0.000,0.00,0.000,-6.52,6.3,0,0.00,0
123.383,on,-2.34,0.00,13.28,-5.47,14.75,0,-1,0.0,14.50,13.60,-9.04,-9.03,14.63,0.32,0.32,14.64,192.2,0.875,0,0.00,0.00,0,396.4,437.9,0,0.0,1.00,1.19,1.571,265.0,150.8,141.8,4.90,1.02,5.47,203.4,905,0.00,2.44,0.000,0.00,0.000,-6.54,6.3,0,0.00,0
123.456,on,-2.34,0.00,13.28,-5.47,14.74,0,-1,0.0,14.50,13.76,-9.14,-9.13,14.63,0.31,0.32,14.64,192.2,0.875,0,0.00,0.00,0,391.4,437.9,0,0.0,0.50,1.15,1.520,265.0,150.8,141.8,4.85,1.02,5.37,203.4,910,0.00,2.53,0.000,0.00,0.000,-6.58,6.3,0,0.00,0
123.517,on,-2.34,0.00,13.28,-5.47,14.71,0,-1,0.0,14.50,13.84,-9.23,-9.22,14.63,0.31,0.32,14.64,192.2,0.875,0,0.00,0.00,0,411.8,437.9,0,0.0,0.50,1.15,1.520,265.0,150.8,141.8,4.79,1.04,5.27,203.4,908,0.00,2.60,0.000,0.00,0.000,-6.58,6.3,0,0.00,0
123.576,on,-2.34,0.00,13.28,-5.47,14.70,0,-1,0.0,14.50,13.52,-9.27,-9.29,14.63,0.31,0.31,14.64,192.2,0.875,0,0.00,0.00,0,396.6,437.9,0,0.0,0.50,1.14,1.507,265.0,150.8,141.8,4.74,1.00,5.23,203.4,906,0.00,2.67,0.000,0.00,0.000,-6.58,6.3,0,0.00,0
123.644,on,-2.34,0.00,13.28,-5.47,14.67,0,-1,0.0,14.50,13.60,-9.33,-9.33,14.63,0.31,0.31,14.64,192.2,0.875,0,0.00,0.00,0,382.9,437.9,0,0.0,0.50,1.13,1.507,265.0,150.8,141.8,4.70,1.04,5.17,203.4,901,0.00,2.77,0.000,0.00,0.000,-6.54,6.3,0,0.00,0
123.696,on,-2.34,0.00,13.28,-5.47,14.65,0,-1,0.0,14.50,13.68,-9.33,-9.34,14.62,0.31,0.31,14.76,192.2,0.875,0,0.00,0.00,0,419.2,437.9,0,0.0,0.50,1.13,1.507,265.0,150.8,141.8,4.67,1.00,5.17,203.5,898,0.00,2.82,0.000,0.00,0.000,-6.53,6.3,0,0.00,0
123.767,on,-3.12,0.00,13.28,-5.47,14.59,0,-2,0.0,14.50,13.44,-9.36,-9.36,14.62,0.31,0.31,14.76,192.2,0.875,0,0.00,0.00,0,403.4,437.9,0,0.0,0.50,1.10,1.482,265.0,150.8,141.8,4.62,1.04,5.14,203.5,890,0.00,2.86,0.000,0.00,0.000,-6.50,6.7,0,0.00,0
123.821,on,-3.12,0.00,13.28,-5.47,14.55,0,-2,0.0,14.50,13.76,-9.36,-9.38,14.62,0.31,0.31,14.76,192.2,0.875,0,0.00,0.00,0,395.8,437.9,0,0.0,1.00,1.10,1.482,265.0,150.8,141.8,4.61,1.02,5.14,203.5,887,0.00,2.89,0.000,0.00,0.000,-6.48,6.7,0,0.00,0
123.876,on,-3.12,0.00,13.28,-5.47,14.54,0,-2,0.0,14.50,13.76,-9.34,-9.36,14.62,0.31,0.31,14.76,192.2,0.875,0,0.00,0.00,0,394.9,437.9,0,0.0,1.00,1.08,1.475,265.0,150.8,141.8,4.58,1.04,5.16,203.5,879,0.00,2.92,0.000,0.00,0.000,-6.43,6.7,0,0.00,0
123.955,on,-3.12,0.00,13.28,-5.47,14.51,0,-2,0.0,14.50,13.76,-9.31,-9.35,14.62,0.31,0.31,14.76,192.2,0.875,0,0.00,0.00,0,390.6,437.9,0,0.0,1.50,1.08,1.475,265.0,150.8,141.8,4.58,0.98,5.19,203.5,875,0.00,2.94,0.000,0.00,0.000,-6.40,6.7,0,0.00,0
124.016,on,-3.12,0.00,13.28,-5.47,14.45,0,-2,0.0,14.50,13.68,-9.31,-9.33,14.62,0.31,0.31,14.76,192.2,0.875,0,0.00,0.00,0,397.2,437.9,0,0.0,2.00,1.06,1.472,265.0,150.8,141.8,4.54,1.00,5.20,203.5,868,0.00,2.95,0.000,0.00,0.000,-6.38,6.7,0,0.00,0
124.095,on,-3.91,0.00,13.28,-5.47,14.41,0,-2,0.0,14.50,13.60,-9.29,-9.32,14.62,0.31,0.31,14.76,192.2,0.875,0,0.00,0.00,0,383.0,437.9,0,0.0,2.50,1.06,1.472,265.0,150.8,141.8,4.55,1.02,5.21,203.5,867,0.00,2.96,0.000,0.00,0.000,-6.35,6.7,0,0.00,0
124.156,on,-3.91,0.00,13.28,-5.47,14.39,0,-2,0.0,14.50,13.76,-9.25,-9.30,14.62,0.31,0.32,14.76,192.2,0.875,0,0.00,0.00,0,397.2,437.9,0,0.0,3.00,1.07,1.488,265.0,150.8,141.8,4.52,1.04,5.25,203.5,861,0.00,2.95,0.000,0.00,0.000,-6.33,6.7,0,0.00,0
124.236,on,-3.91,0.00,13.28,-5.47,14.35,0,-2,0.0,14.50,13.84,-9.25,-9.27,14.62,0.31,0.32,14.76,192.2,0.875,0,0.00,0.00,0,380.3,437.9,0,0.0,3.00,1.07,1.488,265.0,150.8,141.8,4.53,1.02,5.26,203.5,861,0.00,2.94,0.000,0.00,0.000,-6.33,6.7,0,0.00,0
124.295,on,-3.91,0.00,13.28,-5.47,14.34,0,-2,0.0,14.50,13.60,-9.23,-9.26,14.62,0.31,0.32,14.76,192.2,0.875,0,0.00,0.00,0,401.1,437.9,0,0.0,3.00,1.07,1.488,265.0,150.8,141.8,4.53,1.02,5.28,203.5,859,0.00,2.93,0.000,0.00,0.000,-6.32,6.7,0,0.00,0
124.374,on,-4.69,0.00,12.50,-5.47,14.32,0,-2,0.0,14.50,13.52,-9.21,-9.24,14.62,0.31,0.32,14.76,192.2,0.875,0,0.00,0.00,0,384.4,437.9,0,0.0,3.50,1.07,1.488,265.0,150.8,141.8,4.55,1.04,5.29,203.4,863,0.00,2.92,0.000,0.00,0.000,-6.32,6.3,0,0.00,0
124.439,on,-4.69,0.00,12.50,-5.47,14.31,0,-2,0.0,14.50,13.76,-9.21,-9.24,14.62,0.31,0.32,14.76,192.2,0.875,0,0.00,0.00,0,401.1,437.9,0,0.0,3.50,1.04,1.459,265.0,150.8,141.8,4.52,1.06,5.29,203.4,857,0.00,2.91,0.000,0.00,0.000,-6.32,6.3,0,0.00,0
124.496,on,-4.69,0.00,12.50,-5.47,14.31,0,-2,0.0,14.50,13.76,-9.22,-9.24,14.62,0.31,0.32,14.76,192.2,0.875,0,0.00,0.00,0,384.7,437.9,0,0.0,3.50,1.04,1.459,265.0,150.8,141.8,4.51,1.02,5.28,203.4,857,0.00,2.93,0.000,0.00,0.000,-6.31,6.3,0,0.00,0
124.560,on,-4.69,0.00,12.50,-5.47,14.30,0,-2,0.0,14.50,13.60,-9.22,-9.23,14.62,0.31,0.32,14.76,192.2,0.875,0,0.00,0.00,0,384.5,437.9,0,0.0,3.50,1.04,1.459,265.0,150.8,141.8,4.50,1.00,5.28,203.4,857,0.00,2.93,0.000,0.00,0.000,-6.31,6.3,0,0.00,0
124.617,on,-4.69,0.00,12.50,-5.47,14.30,0,-2,0.0,14.50,13.68,-9.22,-9.24,14.62,0.31,0.32,14.76,192.2,0.875,0,0.00,0.00,0,408.7,437.9,0,0.0,3.50,1.04,1.459,265.0,150.8,141.8,4.49,1.02,5.28,203.4,856,0.00,2.92,0.000,0.00,0.000,-6.31,6.3,0,0.00,0
124.684,on,-4.69,0.00,12.50,-5.47,14.32,0,-2,0.0,14.50,13.76,-9.22,-9.24,14.62,0.31,0.32,14.76,192.2,0.875,0,0.00,0.00,0,395.2,437.9,0,0.0,3.50,1.03,1.456,265.0,150.8,141.8,4.46,0.98,5.28,203.5,850,0.00,2.93,0.000,0.00,0.000,-6.30,6.3,0,0.00,0
124.746,on,-4.69,0.00,12.50,-5.47,14.33,0,-2,0.0,14.50,13.76,-9.21,-9.23,14.62,0.31,0.32,14.82,192.2,0.875,0,0.00,0.00,0,389.9,437.9,0,0.0,4.00,1.02,1.456,265.0,150.8,141.8,4.40,1.02,5.29,203.5,840,0.00,2.99,0.000,0.00,0.000,-6.23,6.3,0,0.00,0
124.816,on,-4.69,0.00,12.50,-5.47,14.34,0,-2,0.0,14.50,13.68,-9.21,-9.21,14.62,0.31,0.31,14.82,192.2,0.875,0,0.00,0.00,0,405.7,437.9,0,0.0,4.50,1.01,1.456,265.0,150.8,141.8,4.38,1.00,5.30,203.5,836,0.00,3.03,0.000,0.00,0.000,-6.19,6.3,0,0.00,0
124.882,on,-4.69,0.00,12.50,-5.47,14.36,0,-2,0.0,14.50,13.76,-9.18,-9.19,14.62,0.31,0.31,14.82,192.2,0.875,0,0.00,0.00,0,388.7,437.9,0,0.0,5.00,0.99,1.443,265.0,150.8,141.8,4.33,1.06,5.32,203.5,825,0.00,3.07,0.000,0.00,0.000,-6.14,6.3,0,0.00,0
124.955,on,-4.69,0.00,12.50,-5.47,14.39,0,-2,0.0,14.50,13.84,-9.15,-9.16,14.62,0.31,0.32,14.82,192.2,0.875,0,0.00,0.00,0,407.2,437.9,0,0.0,5.50,0.98,1.443,265.0,150.8,141.8,4.31,1.06,5.35,203.4,818,0.00,3.08,0.000,0.00,0.000,-6.10,6.3,0,0.00,0
125.017,on,-4.69,0.00,12.50,-5.47,14.39,0,-2,0.0,14.50,13.84,-9.11,-9.14,14.62,0.31,0.32,14.82,192.2,0.875,0,0.00,0.00,0,391.9,437.9,0,0.0,5.50,0.99,1.472,265.0,150.8,141.8,4.27,1.04,5.39,203.4,806,0.00,3.08,0.000,0.00,0.000,-6.06,6.3,0,0.00,0
125.081,on,-4.69,0.00,12.50,-5.47,14.41,0,-1,0.0,14.50,13.68,-9.09,-9.11,14.62,0.31,0.32,14.82,192.2,0.875,0,0.00,0.00,0,378.1,437.9,0,0.0,6.50,0.99,1.472,265.0,150.8,141.8,4.29,1.04,5.42,203.4,805,0.00,3.07,0.000,0.00,0.000,-6.04,6.3,0,0.00,0
125.136,on,-4.69,0.00,12.50,-5.47,14.41,0,-1,0.0,14.50,13.52,-9.07,-9.08,14.62,0.31,0.32,14.82,192.2,0.875,0,0.00,0.00,0,382.4,437.9,0,0.0,6.50,1.00,1.488,265.0,150.8,141.8,4.31,1.04,5.43,203.4,804,0.00,3.07,0.000,0.00,0.000,-6.03,6.3,0,0.00,0
125.216,on,-4.69,0.00,12.50,-5.47,14.44,0,-1,0.0,14.50,13.84,-9.04,-9.04,14.62,0.31,0.32,14.82,192.2,0.875,0,0.00,0.00,0,398.1,437.9,0,0.0,7.00,1.00,1.488,265.0,152.6,141.8,4.33,1.00,5.47,203.4,804,0.00,3.04,0.000,0.00,0.000,-6.02,6.3,0,0.00,0
125.293,on,-4.69,0.00,12.50,-5.47,14.48,0,-1,0.0,14.50,13.84,-9.00,-9.01,14.62,0.32,0.32,14.82,192.2,0.875,0,0.00,0.00,0,385.2,437.9,0,0.0,7.00,1.02,1.517,265.0,152.6,141.8,4.35,1.02,5.51,203.5,804,0.00,3.00,0.000,0.00,0.000,-6.02,6.3,0,0.00,0
125.361,on,-4.69,0.00,12.50,-5.47,14.50,0,-1,0.0,14.50,13.84,-8.98,-8.99,14.62,0.32,0.32,14.82,192.2,0.875,0,0.00,0.00,0,398.1,437.9,0,0.0,7.00,1.03,1.517,265.0,152.6,141.8,4.42,0.98,5.52,203.5,814,0.00,2.94,0.000,0.00,0.000,-6.06,6.3,0,0.00,0
125.432,on,-4.69,0.00,12.50,-5.47,14.52,0,-1,0.0,14.50,13.68,-8.96,-8.98,14.62,0.32,0.33,14.82,192.2,0.875,0,0.00,0.00,0,382.2,437.9,0,0.0,6.50,1.04,1.530,265.0,152.6,141.8,4.43,1.00,5.55,203.5,815,0.00,2.91,0.000,0.00,0.000,-6.08,6.3,0,0.00,0
125.504,on,-4.69,0.00,12.50,-5.47,14.54,0,-1,0.0,14.50,13.68,-8.95,-8.99,14.62,0.32,0.32,14.82,192.2,0.875,0,0.00,0.00,0,393.9,437.9,0,0.0,6.50,1.03,1.530,265.0,152.6,141.8,4.40,1.00,5.55,203.5,812,0.00,2.92,0.000,0.00,0.000,-6.06,6.3,0,0.00,0
125.572,on,-4.69,0.00,12.50,-5.47,14.55,0,-1,0.0,14.50,13.68,-8.96,-8.99,14.62,0.32,0.32,14.82,192.2,0.875,0,0.00,0.00,0,379.9,437.9,0,0.0,6.50,1.02,1.501,265.0,152.6,141.8,4.39,0.96,5.54,203.5,812,0.00,2.91,0.000,0.00,0.000,-6.07,6.3,0,0.00,0
125.627,on,-4.69,0.00,12.50,-5.47,14.56,0,-1,0.0,14.50,14.00,-8.97,-8.98,14.62,0.31,0.32,14.82,192.2,0.875,0,0.00,0.00,0,371.1,437.9,0,0.0,6.50,1.02,1.501,265.0,152.6,141.8,4.39,0.98,5.54,203.5,815,0.00,2.89,0.000,0.00,0.000,-6.08,6.3,0,0.00,0
125.697,on,-4.69,0.00,12.50,-5.47,14.59,0,-1,0.0,14.50,13.76,-8.97,-8.97,14.62,0.31,0.32,14.82,192.2,0.875,0,0.00,0.00,0,403.0,437.9,0,0.0,6.50,1.01,1.501,265.0,152.6,141.8,4.34,0.96,5.54,203.5,810,0.00,2.94,0.000,0.00,0.000,-6.05,6.3,0,0.00,0
125.746,on,-4.69,0.00,12.50,-5.47,14.62,0,-1,0.0,14.50,13.68,-8.97,-8.99,14.62,0.31,0.32,14.82,192.2,0.875,0,0.00,0.00,0,386.6,437.9,0,0.0,6.50,1.03,1.517,265.0,152.6,141.8,4.36,1.00,5.54,203.5,815,0.00,2.91,0.000,0.00,0.000,-6.06,6.3,0,0.00,0
125.813,on,-4.69,0.00,12.50,-5.47,14.62,0,-1,0.0,14.50,13.92,-8.97,-8.98,14.62,0.31,0.32,14.82,192.2,0.875,0,0.00,0.00,0,398.1,437.9,0,0.0,6.50,1.04,1.517,265.0,152.6,141.8,4.40,1.04,5.54,203.5,825,0.00,2.85,0.000,0.00,0.000,-6.14,6.3,0,0.00,0
125.891,on,-4.69,0.00,12.50,-5.47,14.64,0,-1,0.0,14.50,13.76,-9.00,-9.02,14.62,0.31,0.32,14.82,192.2,0.875,0,0.00,0.00,0,383.0,437.9,0,0.0,5.50,1.04,1.494,265.0,152.6,141.8,4.44,1.02,5.51,203.5,835,0.00,2.81,0.000,0.00,0.000,-6.19,6.3,0,0.00,0
125.962,on,-4.69,0.00,12.50,-5.47,14.64,0,-1,0.0,14.50,13.60,-9.02,-9.04,14.62,0.31,0.32,14.82,192.2,0.875,0,0.00,0.00,0,374.1,437.9,0,0.0,5.00,1.05,1.494,265.0,150.8,141.8,4.47,1.04,5.48,203.4,844,0.00,2.80,0.000,0.00,0.000,-6.24,6.3,0,0.00,0
126.034,on,-4.69,0.00,12.50,-5.47,14.65,0,-1,0.0,14.50,13.84,-9.07,-9.07,14.62,0.31,0.32,14.82,192.2,0.875,0,0.00,0.00,0,392.6,437.9,0,0.0,4.50,1.03,1.482,265.0,152.6,141.8,4.41,1.02,5.44,203.4,838,0.00,2.85,0.000,0.00,0.000,-6.20,6.3,0,0.00,0
126.097,on,-4.69,0.00,12.50,-5.47,14.67,0,-1,0.0,14.50,13.84,-9.09,-9.10,14.62,0.31,0.32,14.82,192.2,0.875,0,0.00,0.00,0,386.6,437.9,0,0.0,4.50,1.03,1.482,265.0,152.6,141.8,4.37,1.02,5.41,203.4,831,0.00,2.93,0.000,0.00,0.000,-6.17,6.3,0,0.00,0
126.166,on,-4.69,0.00,12.50,-5.47,14.69,0,-1,0.0,14.50,13.52,-9.10,-9.11,14.62,0.31,0.32,14.82,192.2,0.875,0,0.00,0.00,0,381.1,437.9,0,0.0,5.00,1.01,1.466,265.0,152.6,141.8,4.35,1.04,5.40,203.4,829,0.00,2.96,0.000,0.00,0.000,-6.15,6.3,0,0.00,0
126.216,on,-4.69,0.00,12.50,-5.47,14.68,0,-1,0.0,14.50,13.76,-9.12,-9.14,14.62,0.31,0.32,14.82,192.2,0.875,0,0.00,0.00,0,397.6,437.9,0,0.0,5.00,1.00,1.466,265.0,152.6,141.8,4.31,1.04,5.39,203.4,820,0.00,3.03,0.000,0.00,0.000,-6.11,6.3,0,0.00,0
126.284,on,-3.91,0.00,12.50,-5.47,14.70,0,-1,0.0,14.50,13.92,-9.11,-9.12,14.62,0.31,0.32,14.82,192.2,0.875,0,0.00,0.00,0,399.5,437.9,0,0.0,5.50,1.00,1.478,265.0,152.6,141.8,4.27,1.00,5.39,203.3,811,0.00,3.05,0.000,0.00,0.000,-6.06,6.3,0,0.00,0
126.340,on,-3.91,0.00,12.50,-5.47,14.69,0,-1,0.0,14.50,13.92,-9.10,-9.12,14.62,0.31,0.32,14.82,192.2,0.875,0,0.00,0.00,0,390.6,437.9,0,0.0,6.00,0.99,1.478,265.0,152.6,141.8,4.24,1.00,5.40,203.3,801,0.00,3.11,0.000,0.00,0.000,-6.01,6.3,0,0.00,0
126.405,on,-3.91,0.00,12.50,-5.47,14.71,0,-1,0.0,14.50,13.84,-9.08,-9.10,14.62,0.31,0.32,14.82,192.2,0.875,0,0.00,0.00,0,374.9,437.9,0,0.0,7.00,0.99,1.478,265.0,152.6,141.8,4.26,0.98,5.43,203.3,802,0.00,3.08,0.000,0.00,0.000,-6.02,6.3,0,0.00,0
126.486,on,-3.91,0.00,12.50,-5.47,14.71,0,-1,0.0,14.50,13.76,-9.05,-9.09,14.62,0.31,0.32,14.82,192.2,0.875,0,0.00,0.00,0,390.9,437.9,0,0.0,7.00,1.00,1.494,265.0,152.6,141.8,4.26,1.02,5.45,203.3,800,0.00,3.08,0.000,0.00,0.000,-6.01,6.3,0,0.00,0
126.560,on,-3.91,0.00,12.50,-5.47,14.70,0,-1,0.0,14.50,13.76,-9.04,-9.06,14.62,0.31,0.32,14.82,192.2,0.875,0,0.00,0.00,0,375.0,437.9,0,0.0,7.00,1.00,1.494,265.0,152.6,141.8,4.28,1.04,5.47,203.4,801,0.00,3.04,0.000,0.00,0.000,-6.01,6.3,0,0.00,0
126.627,on,-3.91,0.00,12.50,-5.47,14.72,0,-1,0.0,14.50,13.76,-9.02,-9.05,14.62,0.31,0.32,14.82,192.2,0.875,0,0.00,0.00,0,400.6,437.9,0,0.0,6.50,1.00,1.485,265.0,152.6,141.8,4.34,1.04,5.49,203.4,811,0.00,2.98,0.000,0.00,0.000,-6.06,6.3,0,0.00,0
126.687,on,-3.91,0.00,12.50,-5.47,14.73,0,-1,0.0,14.50,13.92,-9.02,-9.04,14.62,0.31,0.32,14.82,192.2,0.875,0,0.00,0.00,0,398.1,437.9,0,0.0,6.00,1.02,1.485,265.0,152.6,141.8,4.42,1.02,5.49,203.4,823,0.00,2.91,0.000,0.00,0.000,-6.13,6.3,0,0.00,0
126.766,on,-3.91,0.00,12.50,-5.47,14.73,0,-1,0.0,14.50,13.76,-9.01,-9.03,14.62,0.31,0.32,14.82,192.2,0.875,0,0.00,0.00,0,403.9,437.9,0,0.0,5.50,1.05,1.514,265.0,152.6,141.8,4.47,1.02,5.49,203.4,834,0.00,2.85,0.000,0.00,0.000,-6.18,6.3,0,0.00,0
126.826,on,-3.91,0.00,12.50,-5.47,14.73,0,-1,0.0,14.50,13.84,-9.04,-9.05,14.62,0.31,0.32,14.82,192.2,0.875,0,0.00,0.00,0,398.1,437.9,0,0.0,5.00,1.07,1.514,265.0,152.6,141.8,4.51,1.02,5.46,203.4,846,0.00,2.81,0.000,0.00,0.000,-6.25,6.3,0,0.00,0
126.904,on,-3.91,0.00,12.50,-5.47,14.74,0,-1,0.0,14.50,13.92,-9.07,-9.09,14.62,0.31,0.32,14.76,192.2,0.875,0,0.00,0.00,0,403.9,437.9,0,0.0,4.50,1.06,1.482,265.0,152.6,141.8,4.55,1.02,5.43,203.4,857,0.00,2.78,0.000,0.00,0.000,-6.31,6.3,0,0.00,0
126.967,on,-3.91,0.00,12.50,-5.47,14.74,0,-1,0.0,14.50,14.00,-9.13,-9.13,14.62,0.31,0.32,14.76,192.2,0.875,0,0.00,0.00,0,394.0,437.9,0,0.0,3.50,1.07,1.482,265.0,152.6,141.8,4.58,1.02,5.38,203.4,867,0.00,2.77,0.000,0.00,0.000,-6.36,6.3,0,0.00,0
127.037,on,-3.91,0.00,12.50,-5.47,14.74,0,-1,0.0,14.50,13.84,-9.18,-9.18,14.62,0.31,0.32,14.76,192.2,0.875,0,0.00,0.00,0,379.5,437.9,0,0.0,3.00,1.07,1.469,265.0,152.6,141.8,4.58,0.98,5.33,203.4,872,0.00,2.79,0.000,0.00,0.000,-6.39,6.3,0,0.00,0
127.091,on,-3.91,0.00,12.50,-5.47,14.79,0,-1,0.0,14.50,13.84,-9.22,-9.24,14.62,0.31,0.31,14.76,192.2,0.875,0,0.00,0.00,0,399.3,437.9,0,0.0,3.00,1.07,1.469,265.0,152.6,141.8,4.55,0.98,5.28,203.4,873,0.00,2.84,0.000,0.00,0.000,-6.38,6.3,0,0.00,0
127.146,on,-3.91,0.00,12.50,-5.47,14.74,0,-1,0.0,14.50,13.92,-9.26,-9.26,14.62,0.31,0.31,14.76,192.2,0.875,0,0.00,0.00,0,386.3,437.9,0,0.0,2.50,1.06,1.466,265.0,152.6,141.8,4.51,0.98,5.25,203.4,871,0.00,2.87,0.000,0.00,0.000,-6.38,6.3,0,0.00,0
127.226,on,-3.91,0.00,12.50,-5.47,14.75,0,-1,0.0,14.50,13.92,-9.29,-9.30,14.62,0.30,0.31,14.82,192.2,0.875,0,0.00,0.00,0,396.9,437.9,0,0.0,2.50,1.06,1.466,265.0,152.6,141.8,4.47,1.00,5.21,203.4,867,0.00,2.94,0.000,0.00,0.000,-6.36,6.3,0,0.00,0
127.286,on,-3.91,0.00,12.50,-5.47,14.78,0,0,0.0,14.50,14.00,-9.31,-9.32,14.62,0.30,0.31,14.82,192.2,0.875,0,0.00,0.00,0,381.5,437.9,0,0.0,3.00,1.02,1.421,265.0,152.6,141.8,4.43,1.00,5.19,203.4,864,0.00,2.94,0.000,0.00,0.000,-6.36,6.3,0,0.00,0
127.365,on,-3.91,0.00,12.50,-5.47,14.77,0,0,0.0,14.50,13.84,-9.33,-9.34,14.62,0.30,0.31,14.82,192.2,0.875,0,0.00,0.00,0,405.3,437.9,0,0.0,3.00,1.02,1.421,265.0,152.6,141.8,4.39,0.98,5.18,203.4,859,0.00,3.02,0.000,0.00,0.000,-6.32,6.3,0,0.00,0
127.427,on,-3.91,0.00,12.50,-5.47,14.75,0,-1,0.0,14.50,13.92,-9.33,-9.34,14.62,0.30,0.31,14.82,192.2,0.875,0,0.00,0.00,0,384.6,437.9,0,0.0,3.00,1.01,1.421,265.0,152.6,141.8,4.37,1.00,5.18,203.4,856,0.00,3.01,0.000,0.00,0.000,-6.32,6.3,0,0.00,0
127.488,on,-3.91,0.00,12.50,-5.47,14.77,0,-1,0.0,14.50,13.92,-9.32,-9.33,14.62,0.30,0.31,14.82,192.2,0.875,0,0.00,0.00,0,395.8,437.9,0,0.0,3.00,1.01,1.421,265.0,152.6,141.8,4.37,0.98,5.18,203.4,855,0.00,3.04,0.000,0.00,0.000,-6.30,6.3,0,0.00,0
127.547,on,-3.91,0.00,12.50,-5.47,14.73,0,-1,0.0,14.50,14.00,-9.33,-9.34,14.62,0.30,0.31,14.82,192.2,0.875,0,0.00,0.00,0,411.4,437.9,0,0.0,2.50,1.01,1.421,265.0,152.6,141.8,4.33,1.02,5.18,203.3,850,0.00,3.07,0.000,0.00,0.000,-6.27,6.3,0,0.00,0
127.618,on,-3.91,0.00,12.50,-5.47,14.73,0,-1,0.0,14.50,14.08,-9.33,-9.34,14.62,0.30,0.31,14.87,192.2,0.875,0,0.00,0.00,0,392.6,437.9,0,0.0,2.50,0.99,1.405,265.0,152.6,141.8,4.28,0.98,5.18,203.3,842,0.00,3.09,0.000,0.00,0.000,-6.24,6.3,0,0.00,0
127.683,on,-3.91,0.00,12.50,-5.47,14.73,0,0,0.0,14.50,14.00,-9.31,-9.34,14.62,0.30,0.30,14.87,192.2,0.875,0,0.00,0.00,0,375.0,437.9,0,0.0,2.50,0.98,1.405,265.0,152.6,141.8,4.24,1.00,5.19,203.3,836,0.00,3.14,0.000,0.00,0.000,-6.20,6.3,0,0.00,0
127.747,on,-3.91,0.00,12.50,-5.47,14.71,0,0,0.0,14.50,14.08,-9.30,-9.32,14.62,0.30,0.30,14.87,192.2,0.875,0,0.00,0.00,0,384.3,437.9,0,0.0,3.00,0.99,1.434,265.0,152.6,141.8,4.19,1.04,5.21,203.3,825,0.00,3.18,0.000,0.00,0.000,-6.14,6.3,0,0.00,0
127.810,on,-3.91,0.00,12.50,-5.47,14.71,0,0,0.0,14.50,14.08,-9.29,-9.31,14.62,0.30,0.30,14.87,192.2,0.875,0,0.00,0.00,0,394.2,437.9,0,0.0,3.50,0.98,1.434,265.0,152.6,141.8,4.16,1.04,5.22,203.3,820,0.00,3.21,0.000,0.00,0.000,-6.11,6.3,0,0.00,0
127.867,on,-3.91,0.00,12.50,-5.47,14.71,0,0,0.0,14.50,13.92,-9.27,-9.31,14.62,0.30,0.31,14.87,192.2,0.875,0,0.00,0.00,0,378.0,437.9,0,0.0,4.00,0.98,1.440,265.0,152.6,141.8,4.15,1.00,5.23,203.3,816,0.00,3.20,0.000,0.00,0.000,-6.11,6.3,0,0.00,0
127.934,on,-3.91,0.00,12.50,-5.47,14.69,0,0,0.0,14.50,14.00,-9.26,-9.29,14.62,0.30,0.31,14.87,192.2,0.875,0,0.00,0.00,0,373.9,437.9,0,0.0,4.00,0.97,1.440,265.0,152.6,141.8,4.13,0.96,5.25,203.3,810,0.00,3.22,0.000,0.00,0.000,-6.06,6.3,0,0.00,0
127.987,on,-3.91,0.00,12.50,-5.47,14.69,0,0,0.0,14.50,14.08,-9.25,-9.27,14.62,0.30,0.31,14.87,192.2,0.875,0,0.00,0.00,0,401.1,437.9,0,0.0,4.50,0.97,1.440,265.0,152.6,141.8,4.14,1.00,5.25,203.3,810,0.00,3.23,0.000,0.00,0.000,-6.06,6.3,0,0.00,0
128.057,on,-3.91,0.00,12.50,-5.47,14.68,0,0,0.0,14.50,14.00,-9.25,-9.27,14.62,0.30,0.31,14.87,192.2,0.875,0,0.00,0.00,0,384.5,437.9,0,0.0,4.50,0.96,1.440,265.0,152.6,141.8,4.11,0.98,5.26,203.3,803,0.00,3.24,0.000,0.00,0.000,-6.02,6.3,0,0.00,0
128.111,on,-3.91,0.00,12.50,-5.47,14.69,0,0,0.0,14.50,14.00,-9.24,-9.24,14.62,0.30,0.31,14.87,192.2,0.875,0,0.00,0.00,0,394.2,437.9,0,0.0,5.00,0.96,1.440,265.0,152.6,141.8,4.12,1.02,5.27,203.3,803,0.00,3.23,0.000,0.00,0.000,-6.02,6.3,0,0.00,0
128.182,on,-3.91,0.00,12.50,-5.47,14.71,0,0,0.0,14.50,14.00,-9.21,-9.23,14.62,0.30,0.31,14.82,192.2,0.875,0,0.00,0.00,0,392.3,437.9,0,0.0,5.00,0.96,1.440,265.0,152.6,141.8,4.11,1.00,5.29,203.3,799,0.00,3.23,0.000,0.00,0.000,-6.00,6.3,0,0.00,0
128.257,on,-3.91,0.00,12.50,-5.47,14.69,0,0,0.0,14.50,14.16,-9.20,-9.21,14.62,0.30,0.31,14.82,192.2,0.875,0,0.00,0.00,0,394.0,437.9,0,0.0,5.50,0.96,1.440,265.0,152.6,141.8,4.12,0.98,5.31,203.3,796,0.00,3.22,0.000,0.00,0.000,-6.00,6.3,0,0.00,0
128.330,on,-3.12,0.00,12.50,-5.47,14.71,0,0,0.0,14.50,14.00,-9.18,-9.20,14.62,0.31,0.31,14.76,192.2,0.875,0,0.00,0.00,0,376.1,437.9,0,0.0,5.50,0.97,1.472,265.0,152.6,141.8,4.11,1.04,5.33,203.3,792,0.00,3.20,0.000,0.00,0.000,-6.00,6.3,0,0.00,0
128.406,on,-3.12,0.00,12.50,-5.47,14.71,0,0,0.0,14.50,14.16,-9.15,-9.18,14.62,0.31,0.31,14.76,192.2,0.875,0,0.00,0.00,0,396.9,437.9,0,0.0,6.00,0.97,1.472,265.0,152.6,141.8,4.13,1.04,5.36,203.3,792,0.00,3.18,0.000,0.00,0.000,-6.00,6.3,0,0.00,0
128.480,on,-3.12,0.00,12.50,-5.47,14.73,0,0,0.0,14.50,13.76,-9.13,-9.16,14.62,0.31,0.31,14.76,192.2,0.875,0,0.00,0.00,0,373.9,437.9,0,0.0,6.00,0.99,1.491,265.0,152.6,141.8,4.14,0.98,5.38,203.4,793,0.00,3.15,0.000,0.00,0.000,-6.00,6.3,0,0.00,0
128.546,on,-3.12,0.00,12.50,-5.47,14.72,0,0,0.0,14.50,14.00,-9.11,-9.14,14.62,0.31,0.31,14.76,192.2,0.875,0,0.00,0.00,0,393.8,437.9,0,0.0,6.00,0.99,1.491,265.0,152.6,141.8,4.15,0.98,5.40,203.4,794,0.00,3.14,0.000,0.00,0.000,-6.00,6.3,1,0.00,0
128.610,on,-3.12,0.00,11.72,-5.47,14.73,0,0,0.0,14.50,14.08,-9.10,-9.12,14.62,0.31,0.31,14.76,192.2,0.875,0,0.00,0.00,0,384.3,437.9,0,0.0,6.00,0.99,1.491,265.0,152.6,141.8,4.16,1.02,5.41,203.4,795,0.00,3.11,0.000,0.00,0.000,-6.00,6.3,1,0.00,0
128.682,on,-3.12,0.00,11.72,-5.47,14.78,0,0,0.0,14.50,14.00,-9.07,-9.10,14.62,0.31,0.31,14.76,192.2,0.875,0,0.00,0.00,0,365.9,437.9,0,0.0,6.00,0.99,1.491,265.0,152.6,141.8,4.17,1.02,5.43,203.4,795,0.00,3.09,0.000,0.00,0.000,-6.00,6.3,1,0.00,0
128.755,on,-3.12,0.00,11.72,-5.47,14.75,0,0,0.0,14.50,14.08,-9.05,-9.05,14.62,0.31,0.31,14.76,192.2,0.875,0,0.00,0.00,0,398.4,437.9,0,0.0,5.50,0.98,1.478,265.0,152.6,141.8,4.18,1.00,5.46,203.4,797,0.00,3.06,0.000,0.00,0.000,-6.00,6.3,1,0.00,0
128.829,on,-3.12,0.00,11.72,-5.47,14.80,0,0,0.0,14.50,14.16,-9.00,-9.01,14.62,0.31,0.31,14.76,192.2,0.875,0,0.00,0.00,0,387.3,437.9,0,0.0,5.50,0.98,1.478,265.0,152.6,141.8,4.16,0.96,5.50,203.3,794,0.00,3.01,0.000,0.00,0.000,-6.00,6.3,1,0.00,0
128.886,on,-3.12,0.00,11.72,-5.47,14.84,0,0,0.0,14.50,14.08,-8.95,-8.99,14.62,0.31,0.31,14.76,192.2,0.875,0,0.00,0.00,0,400.3,437.9,0,0.0,6.00,0.98,1.478,265.0,152.6,141.8,4.16,0.96,5.55,203.3,799,0.00,3.00,0.000,0.00,0.000,-6.00,6.3,1,0.00,0
128.956,on,-3.12,0.00,11.72,-5.47,14.83,0,0,0.0,14.50,14.16,-8.95,-8.98,14.62,0.31,0.31,14.76,192.2,0.875,0,0.00,0.00,0,385.2,437.9,0,0.0,5.50,0.97,1.459,265.0,152.6,141.8,4.14,0.96,5.55,203.3,798,0.00,2.98,0.000,0.00,0.000,-6.00,5.9,1,0.00,0
129.036,on,-2.34,0.00,11.72,-5.47,14.83,0,0,0.0,14.50,14.08,-8.96,-8.99,14.62,0.30,0.31,14.87,192.2,0.875,0,0.00,0.00,0,399.9,437.9,0,0.0,5.50,0.98,1.459,265.0,152.6,141.8,4.13,0.98,5.54,203.3,802,0.00,2.97,0.000,0.00,0.000,-6.01,5.9,1,0.00,0
129.106,on,-2.34,0.00,11.72,-5.47,14.85,0,0,0.0,14.50,14.00,-8.99,-9.01,14.62,0.30,0.31,14.87,192.2,0.875,0,0.00,0.00,0,389.1,437.9,0,0.0,5.50,0.95,1.424,265.0,152.6,141.8,4.10,0.98,5.51,203.2,802,0.00,2.99,0.000,0.00,0.000,-6.02,5.9,1,0.00,0
129.186,on,-2.34,0.00,11.72,-5.47,14.91,0,0,0.0,14.50,14.16,-9.01,-9.04,14.62,0.30,0.31,14.87,192.2,0.875,0,0.00,0.00,0,369.6,437.9,0,0.0,5.50,0.96,1.424,265.0,152.6,141.8,4.11,0.98,5.50,203.2,807,0.00,3.00,0.000,0.00,0.000,-6.04,5.9,1,0.00,0
129.246,on,-2.34,0.00,11.72,-5.47,14.87,0,0,0.0,14.50,14.08,-9.06,-9.06,14.62,0.30,0.30,14.87,192.2,0.875,0,0.00,0.00,0,389.5,437.9,0,0.0,5.00,0.95,1.421,265.0,152.6,141.8,4.08,0.94,5.44,203.2,806,0.00,3.01,0.000,0.00,0.000,-6.04,5.9,1,0.00,0
129.325,on,-2.34,0.00,11.72,-5.47,14.91,0,0,0.0,14.50,14.00,-9.08,-9.09,14.62,0.30,0.30,14.87,192.2,0.875,0,0.00,0.00,0,375.1,437.9,0,0.0,5.00,0.95,1.421,265.0,152.6,141.8,4.06,0.98,5.42,203.2,806,0.00,3.06,0.000,0.00,0.000,-6.03,5.9,1,0.00,0
129.400,on,-1.56,0.00,11.72,-5.47,14.99,0,0,0.0,14.50,14.16,-9.11,-9.12,14.62,0.30,0.30,14.87,192.2,0.875,0,0.00,0.00,0,396.8,437.9,0,0.0,5.00,0.95,1.421,265.0,152.6,141.8,4.03,1.02,5.39,203.2,803,0.00,3.09,0.000,0.00,0.000,-6.02,5.9,1,0.00,0
129.477,on,-1.56,0.00,11.72,-5.47,14.99,0,0,0.0,14.50,14.00,-9.12,-9.13,14.62,0.30,0.30,14.87,192.2,0.875,0,0.00,0.00,0,398.1,437.9,0,0.0,5.00,0.95,1.421,265.0,152.6,141.8,4.02,1.02,5.39,203.3,803,0.00,3.11,0.000,0.00,0.000,-6.02,5.9,1,0.00,0
129.536,on,-1.56,0.00,11.72,-5.47,15.04,0,0,0.0,14.50,14.00,-9.14,-9.14,14.62,0.30,0.30,14.82,192.2,0.875,0,0.00,0.00,0,396.8,437.9,0,0.0,5.00,0.95,1.437,265.0,152.6,141.8,4.01,0.98,5.37,203.3,797,0.00,3.14,0.000,0.00,0.000,-6.00,5.9,0,0.00,0
